{
"type": "FeatureCollection",
"name": "Results",
"crs": { "type": "name", "properties": { "name": "urn:ogc:def:crs:EPSG::32616" } },
"features": [
{ "type": "Feature", "properties": { "reach": 432, "gravity_logistic": 92.964383778800936, "gravity_exponential": 207.44833618342668, "knn_logistic": 3.453285131036786 }, "geometry": { "type": "Point", "coordinates": [ 4043.621154611073962, 766.437282264970463 ] } },
{ "type": "Feature", "properties": { "reach": 418, "gravity_logistic": 85.066052490093881, "gravity_exponential": 196.54867186180277, "knn_logistic": 1.7997855839291841 }, "geometry": { "type": "Point", "coordinates": [ 2143.428404472195325, 1516.550216881169945 ] } },
{ "type": "Feature", "properties": { "reach": 467, "gravity_logistic": 80.894657998003751, "gravity_exponential": 212.29211860561611, "knn_logistic": 2.9598484091063146 }, "geometry": { "type": "Point", "coordinates": [ 1759.978373332103956, 1404.42763323940153 ] } },
{ "type": "Feature", "properties": { "reach": 268, "gravity_logistic": 52.74970152294776, "gravity_exponential": 124.56258735689227, "knn_logistic": 3.0919661375580749 }, "geometry": { "type": "Point", "coordinates": [ 4911.51471206858605, 1868.241299255193553 ] } },
{ "type": "Feature", "properties": { "reach": 307, "gravity_logistic": 76.45424975991412, "gravity_exponential": 150.84482760104225, "knn_logistic": 2.6731179479964093 }, "geometry": { "type": "Point", "coordinates": [ 4620.176356556943574, 3723.261328157507251 ] } },
{ "type": "Feature", "properties": { "reach": 325, "gravity_logistic": 61.234779144733686, "gravity_exponential": 150.07631859162242, "knn_logistic": 2.7805710791431544 }, "geometry": { "type": "Point", "coordinates": [ 134.305148687344342, 1373.164670618422861 ] } },
{ "type": "Feature", "properties": { "reach": 392, "gravity_logistic": 99.339139543175321, "gravity_exponential": 194.9880686837538, "knn_logistic": 3.2035025877652825 }, "geometry": { "type": "Point", "coordinates": [ 4417.199096040367294, 1922.414561329896287 ] } },
{ "type": "Feature", "properties": { "reach": 449, "gravity_logistic": 91.311933981077274, "gravity_exponential": 211.56204014893865, "knn_logistic": 2.6157939830359567 }, "geometry": { "type": "Point", "coordinates": [ 3175.735537640409802, 2086.605790875184084 ] } },
{ "type": "Feature", "properties": { "reach": 303, "gravity_logistic": 67.303944251010236, "gravity_exponential": 146.65316439369087, "knn_logistic": 3.5506851178963328 }, "geometry": { "type": "Point", "coordinates": [ 3115.071573193619315, 4176.046690487627529 ] } },
{ "type": "Feature", "properties": { "reach": 357, "gravity_logistic": 89.410716789515419, "gravity_exponential": 176.98404674094672, "knn_logistic": 2.6807336002174575 }, "geometry": { "type": "Point", "coordinates": [ 2693.084576905397626, 521.009943840501592 ] } },
{ "type": "Feature", "properties": { "reach": 368, "gravity_logistic": 77.630366811939837, "gravity_exponential": 176.13793510449784, "knn_logistic": 2.3314400656578509 }, "geometry": { "type": "Point", "coordinates": [ 570.912439603039957, 3188.627763224610135 ] } },
{ "type": "Feature", "properties": { "reach": 362, "gravity_logistic": 89.783095999294375, "gravity_exponential": 178.6491385632747, "knn_logistic": 2.1894821040812245 }, "geometry": { "type": "Point", "coordinates": [ 408.687133286957533, 2416.395229975667917 ] } },
{ "type": "Feature", "properties": { "reach": 455, "gravity_logistic": 110.42079017269596, "gravity_exponential": 223.09269704325382, "knn_logistic": 3.8166559950141727 }, "geometry": { "type": "Point", "coordinates": [ 814.968476386885868, 823.201763658699633 ] } },
{ "type": "Feature", "properties": { "reach": 328, "gravity_logistic": 83.106542361808593, "gravity_exponential": 162.15071215013145, "knn_logistic": 3.6435944049381783 }, "geometry": { "type": "Point", "coordinates": [ 2547.103347577146451, 4068.612964034582092 ] } },
{ "type": "Feature", "properties": { "reach": 503, "gravity_logistic": 87.681808784058362, "gravity_exponential": 230.1254164911692, "knn_logistic": 3.3593801284323881 }, "geometry": { "type": "Point", "coordinates": [ 1321.253966572482796, 1409.717769152568053 ] } },
{ "type": "Feature", "properties": { "reach": 508, "gravity_logistic": 107.39963642937531, "gravity_exponential": 241.45325433995094, "knn_logistic": 2.103248844660492 }, "geometry": { "type": "Point", "coordinates": [ 1109.535721103836977, 2421.047920011551469 ] } },
{ "type": "Feature", "properties": { "reach": 408, "gravity_logistic": 94.887200706883789, "gravity_exponential": 197.57948975231417, "knn_logistic": 2.9588913736634956 }, "geometry": { "type": "Point", "coordinates": [ 3032.015336656556883, 3738.361102636567466 ] } },
{ "type": "Feature", "properties": { "reach": 282, "gravity_logistic": 66.626740752086562, "gravity_exponential": 137.07404220306347, "knn_logistic": 2.2120113974867728 }, "geometry": { "type": "Point", "coordinates": [ 2281.765486004516333, 163.353451461908094 ] } },
{ "type": "Feature", "properties": { "reach": 282, "gravity_logistic": 70.835031018135538, "gravity_exponential": 139.22485333074178, "knn_logistic": 3.8443894419068974 }, "geometry": { "type": "Point", "coordinates": [ 218.236746926915885, 3199.436277074461032 ] } },
{ "type": "Feature", "properties": { "reach": 261, "gravity_logistic": 61.707280098091772, "gravity_exponential": 126.95119098358195, "knn_logistic": 3.9299868776499571 }, "geometry": { "type": "Point", "coordinates": [ 4045.645219368187099, 113.535282084011385 ] } },
{ "type": "Feature", "properties": { "reach": 214, "gravity_logistic": 47.858003432785942, "gravity_exponential": 104.25902478936136, "knn_logistic": 3.6624046578251859 }, "geometry": { "type": "Point", "coordinates": [ 568.812197156649631, 54.209059091995179 ] } },
{ "type": "Feature", "properties": { "reach": 362, "gravity_logistic": 82.217978710670408, "gravity_exponential": 174.84401876431448, "knn_logistic": 4.4461061747677437 }, "geometry": { "type": "Point", "coordinates": [ 3519.538544026599084, 3990.471040122930845 ] } },
{ "type": "Feature", "properties": { "reach": 263, "gravity_logistic": 78.396589596001832, "gravity_exponential": 135.92063844933276, "knn_logistic": 3.1144799335815754 }, "geometry": { "type": "Point", "coordinates": [ 330.78901294087558, 341.924228250002955 ] } },
{ "type": "Feature", "properties": { "reach": 444, "gravity_logistic": 86.39258281005462, "gravity_exponential": 206.47460474499394, "knn_logistic": 3.6637254844463771 }, "geometry": { "type": "Point", "coordinates": [ 1457.09100590424714, 879.089529457646449 ] } },
{ "type": "Feature", "properties": { "reach": 436, "gravity_logistic": 80.294605015975748, "gravity_exponential": 201.10157257164511, "knn_logistic": 3.2414923815352199 }, "geometry": { "type": "Point", "coordinates": [ 1346.445345175374314, 3327.997139511487148 ] } },
{ "type": "Feature", "properties": { "reach": 428, "gravity_logistic": 90.916758126944273, "gravity_exponential": 204.56253709603465, "knn_logistic": 4.9888081877767627 }, "geometry": { "type": "Point", "coordinates": [ 3997.461299399086784, 717.192055472265338 ] } },
{ "type": "Feature", "properties": { "reach": 221, "gravity_logistic": 62.116072509839441, "gravity_exponential": 112.53253344342194, "knn_logistic": 3.4408930886766753 }, "geometry": { "type": "Point", "coordinates": [ 216.574576321475575, 255.37250399126242 ] } },
{ "type": "Feature", "properties": { "reach": 394, "gravity_logistic": 85.371323188018764, "gravity_exponential": 187.79112096388445, "knn_logistic": 0.99035276473625722 }, "geometry": { "type": "Point", "coordinates": [ 1464.105929448673351, 663.839618413061544 ] } },
{ "type": "Feature", "properties": { "reach": 476, "gravity_logistic": 80.923630538062511, "gravity_exponential": 217.39367622647714, "knn_logistic": 3.1801499103417279 }, "geometry": { "type": "Point", "coordinates": [ 1506.501058250850747, 1343.016937813250934 ] } },
{ "type": "Feature", "properties": { "reach": 369, "gravity_logistic": 89.190640691901265, "gravity_exponential": 180.61490708158769, "knn_logistic": 4.6117165210268318 }, "geometry": { "type": "Point", "coordinates": [ 296.483851548020027, 1153.416653272000531 ] } },
{ "type": "Feature", "properties": { "reach": 442, "gravity_logistic": 82.415353093014858, "gravity_exponential": 205.05537880583668, "knn_logistic": 1.7909624135754421 }, "geometry": { "type": "Point", "coordinates": [ 2474.791321398366563, 1188.608989275812746 ] } },
{ "type": "Feature", "properties": { "reach": 241, "gravity_logistic": 64.761324924064866, "gravity_exponential": 121.42265558858806, "knn_logistic": 2.653733352668354 }, "geometry": { "type": "Point", "coordinates": [ 4841.530677514764648, 2731.635470572742634 ] } },
{ "type": "Feature", "properties": { "reach": 277, "gravity_logistic": 51.25608043651372, "gravity_exponential": 128.52691822009416, "knn_logistic": 2.5270355316173321 }, "geometry": { "type": "Point", "coordinates": [ 4950.061833124399527, 1235.586750107456055 ] } },
{ "type": "Feature", "properties": { "reach": 454, "gravity_logistic": 92.164094712258787, "gravity_exponential": 212.46609988898757, "knn_logistic": 4.0472934527367652 }, "geometry": { "type": "Point", "coordinates": [ 3028.447634813568129, 1115.480097512738666 ] } },
{ "type": "Feature", "properties": { "reach": 447, "gravity_logistic": 87.524042360892921, "gravity_exponential": 209.8317927621714, "knn_logistic": 3.2699274179798494 }, "geometry": { "type": "Point", "coordinates": [ 3300.989952841184277, 3230.794484929004739 ] } },
{ "type": "Feature", "properties": { "reach": 463, "gravity_logistic": 88.899973204529786, "gravity_exponential": 215.65872863455303, "knn_logistic": 4.1316677768590493 }, "geometry": { "type": "Point", "coordinates": [ 2472.899508591219728, 2243.573978615204396 ] } },
{ "type": "Feature", "properties": { "reach": 272, "gravity_logistic": 49.781266730937205, "gravity_exponential": 126.71098599812383, "knn_logistic": 3.4155095958425647 }, "geometry": { "type": "Point", "coordinates": [ 4951.13530324805015, 1349.365437088894623 ] } },
{ "type": "Feature", "properties": { "reach": 375, "gravity_logistic": 80.917344489712704, "gravity_exponential": 180.09456636553128, "knn_logistic": 3.3297015943960409 }, "geometry": { "type": "Point", "coordinates": [ 3271.563437498239182, 550.176400778390757 ] } },
{ "type": "Feature", "properties": { "reach": 438, "gravity_logistic": 82.320390149249548, "gravity_exponential": 203.59237962667999, "knn_logistic": 3.742393986825769 }, "geometry": { "type": "Point", "coordinates": [ 1653.311273697029037, 972.099766226026645 ] } },
{ "type": "Feature", "properties": { "reach": 385, "gravity_logistic": 76.928512606794826, "gravity_exponential": 181.12743993574753, "knn_logistic": 3.2590984077724849 }, "geometry": { "type": "Point", "coordinates": [ 1001.541921008190116, 3626.100380506513375 ] } },
{ "type": "Feature", "properties": { "reach": 330, "gravity_logistic": 81.838182751610148, "gravity_exponential": 162.81824952753405, "knn_logistic": 3.6314345744531975 }, "geometry": { "type": "Point", "coordinates": [ 4622.606131869699311, 3162.661473514371664 ] } },
{ "type": "Feature", "properties": { "reach": 247, "gravity_logistic": 48.035013653865803, "gravity_exponential": 115.14649230728803, "knn_logistic": 3.9310263692171157 }, "geometry": { "type": "Point", "coordinates": [ 2664.896750553808488, 4342.083947568535223 ] } },
{ "type": "Feature", "properties": { "reach": 232, "gravity_logistic": 59.225322652192567, "gravity_exponential": 115.34985780198015, "knn_logistic": 1.3708855162244626 }, "geometry": { "type": "Point", "coordinates": [ 4894.529733333501099, 2763.14596558680023 ] } },
{ "type": "Feature", "properties": { "reach": 394, "gravity_logistic": 88.549154161499473, "gravity_exponential": 190.94994121783355, "knn_logistic": 3.3860027315375962 }, "geometry": { "type": "Point", "coordinates": [ 4508.092988884271108, 863.694547214949239 ] } },
{ "type": "Feature", "properties": { "reach": 362, "gravity_logistic": 78.119311016367945, "gravity_exponential": 172.5873317617831, "knn_logistic": 3.781620615155902 }, "geometry": { "type": "Point", "coordinates": [ 825.370224997766286, 3732.143736541758699 ] } },
{ "type": "Feature", "properties": { "reach": 310, "gravity_logistic": 77.84443875356537, "gravity_exponential": 153.20001326853287, "knn_logistic": 2.9419622794795521 }, "geometry": { "type": "Point", "coordinates": [ 2494.065728454862892, 4127.803408839703479 ] } },
{ "type": "Feature", "properties": { "reach": 245, "gravity_logistic": 77.831161285389442, "gravity_exponential": 129.22765363556016, "knn_logistic": 1.8301432904141288 }, "geometry": { "type": "Point", "coordinates": [ 273.636979071280507, 3725.768619896867676 ] } },
{ "type": "Feature", "properties": { "reach": 345, "gravity_logistic": 83.028211128037185, "gravity_exponential": 169.76856066597472, "knn_logistic": 2.865445536245645 }, "geometry": { "type": "Point", "coordinates": [ 4443.218847901686786, 3688.854700189956475 ] } },
{ "type": "Feature", "properties": { "reach": 480, "gravity_logistic": 94.189819237206834, "gravity_exponential": 224.56515295416551, "knn_logistic": 3.5300690336363649 }, "geometry": { "type": "Point", "coordinates": [ 2255.28026786207738, 2276.03262149756074 ] } },
{ "type": "Feature", "properties": { "reach": 440, "gravity_logistic": 91.07555817524208, "gravity_exponential": 207.31571874035834, "knn_logistic": 4.301983804670372 }, "geometry": { "type": "Point", "coordinates": [ 3026.316557509196173, 1007.37717528099688 ] } },
{ "type": "Feature", "properties": { "reach": 399, "gravity_logistic": 84.388844939440588, "gravity_exponential": 189.14821484185464, "knn_logistic": 1.9181453336146967 }, "geometry": { "type": "Point", "coordinates": [ 1428.179326399393403, 3546.853589785327131 ] } },
{ "type": "Feature", "properties": { "reach": 375, "gravity_logistic": 80.656131490554998, "gravity_exponential": 178.33921510693784, "knn_logistic": 1.8099434773168772 }, "geometry": { "type": "Point", "coordinates": [ 2061.89352946938061, 548.785410761103435 ] } },
{ "type": "Feature", "properties": { "reach": 188, "gravity_logistic": 42.307506614597798, "gravity_exponential": 91.174577067541165, "knn_logistic": 2.3454151905699567 }, "geometry": { "type": "Point", "coordinates": [ 4645.218239492372959, 4286.938042677338672 ] } },
{ "type": "Feature", "properties": { "reach": 488, "gravity_logistic": 100.19240924359841, "gravity_exponential": 229.35116841864212, "knn_logistic": 2.3705240097328777 }, "geometry": { "type": "Point", "coordinates": [ 1890.396668128839337, 2585.787631691192473 ] } },
{ "type": "Feature", "properties": { "reach": 463, "gravity_logistic": 107.22782224687953, "gravity_exponential": 224.72392496141669, "knn_logistic": 5.0364368020551709 }, "geometry": { "type": "Point", "coordinates": [ 818.078223101434105, 2527.051670682084932 ] } },
{ "type": "Feature", "properties": { "reach": 474, "gravity_logistic": 118.05118955749165, "gravity_exponential": 234.15636900262461, "knn_logistic": 4.7504947427794191 }, "geometry": { "type": "Point", "coordinates": [ 701.052338716687018, 1978.501594572235035 ] } },
{ "type": "Feature", "properties": { "reach": 268, "gravity_logistic": 65.707901565986461, "gravity_exponential": 131.02781852347672, "knn_logistic": 2.4507624366890068 }, "geometry": { "type": "Point", "coordinates": [ 2093.118464740259697, 151.149250890248879 ] } },
{ "type": "Feature", "properties": { "reach": 377, "gravity_logistic": 81.636804042661893, "gravity_exponential": 180.88606213349902, "knn_logistic": 2.9480892102748357 }, "geometry": { "type": "Point", "coordinates": [ 4448.590788817191424, 3467.570863347204977 ] } },
{ "type": "Feature", "properties": { "reach": 226, "gravity_logistic": 58.1568104807059, "gravity_exponential": 113.16730838249009, "knn_logistic": 3.7239062990524854 }, "geometry": { "type": "Point", "coordinates": [ 4510.696397508248083, 4198.307265251324679 ] } },
{ "type": "Feature", "properties": { "reach": 172, "gravity_logistic": 34.191839239966903, "gravity_exponential": 80.143239961137866, "knn_logistic": 2.6091674617509026 }, "geometry": { "type": "Point", "coordinates": [ 4702.453609500999846, 4346.259987959966566 ] } },
{ "type": "Feature", "properties": { "reach": 293, "gravity_logistic": 52.275692428677552, "gravity_exponential": 135.76901968860943, "knn_logistic": 3.2585020887220049 }, "geometry": { "type": "Point", "coordinates": [ 4854.033603591314204, 2092.002133261270956 ] } },
{ "type": "Feature", "properties": { "reach": 309, "gravity_logistic": 74.699876707844325, "gravity_exponential": 151.56450819903023, "knn_logistic": 3.4400705501583926 }, "geometry": { "type": "Point", "coordinates": [ 1849.163536699401902, 330.175446500869896 ] } },
{ "type": "Feature", "properties": { "reach": 297, "gravity_logistic": 76.012405205049376, "gravity_exponential": 146.88495734259374, "knn_logistic": 2.3880760046573228 }, "geometry": { "type": "Point", "coordinates": [ 2953.688670999705209, 222.323220430426403 ] } },
{ "type": "Feature", "properties": { "reach": 458, "gravity_logistic": 111.38436293010363, "gravity_exponential": 224.87732574622203, "knn_logistic": 4.1896809284698247 }, "geometry": { "type": "Point", "coordinates": [ 768.309441283403203, 2439.027919006662614 ] } },
{ "type": "Feature", "properties": { "reach": 281, "gravity_logistic": 63.1584864120058, "gravity_exponential": 134.8697390512894, "knn_logistic": 1.95438316222228 }, "geometry": { "type": "Point", "coordinates": [ 4879.837394918170503, 1648.781236506324831 ] } },
{ "type": "Feature", "properties": { "reach": 343, "gravity_logistic": 75.077844009023636, "gravity_exponential": 163.97787600631139, "knn_logistic": 2.5441508585713319 }, "geometry": { "type": "Point", "coordinates": [ 4673.236651029119457, 1968.129224960772945 ] } },
{ "type": "Feature", "properties": { "reach": 430, "gravity_logistic": 79.786307521454304, "gravity_exponential": 200.28332773249667, "knn_logistic": 3.1821247252867249 }, "geometry": { "type": "Point", "coordinates": [ 2196.043815215115046, 980.385107393867202 ] } },
{ "type": "Feature", "properties": { "reach": 453, "gravity_logistic": 88.173642728269073, "gravity_exponential": 212.28482279489106, "knn_logistic": 3.9328754289991767 }, "geometry": { "type": "Point", "coordinates": [ 2458.622659259101965, 2913.385089103975588 ] } },
{ "type": "Feature", "properties": { "reach": 379, "gravity_logistic": 84.37401386321514, "gravity_exponential": 181.52420043856458, "knn_logistic": 2.7299758341783091 }, "geometry": { "type": "Point", "coordinates": [ 1376.633149144177651, 564.262538354426169 ] } },
{ "type": "Feature", "properties": { "reach": 322, "gravity_logistic": 76.941941481134918, "gravity_exponential": 158.81764566344802, "knn_logistic": 2.4794727492355593 }, "geometry": { "type": "Point", "coordinates": [ 1730.264202977467221, 442.052245654911928 ] } },
{ "type": "Feature", "properties": { "reach": 333, "gravity_logistic": 89.218448092880024, "gravity_exponential": 169.83642458135157, "knn_logistic": 2.4596154149070371 }, "geometry": { "type": "Point", "coordinates": [ 4343.898245031758051, 523.392129547892523 ] } },
{ "type": "Feature", "properties": { "reach": 246, "gravity_logistic": 42.930035734419462, "gravity_exponential": 112.18013703357168, "knn_logistic": 3.359585154618316 }, "geometry": { "type": "Point", "coordinates": [ 4951.085595052247299, 2439.048742617916105 ] } },
{ "type": "Feature", "properties": { "reach": 450, "gravity_logistic": 96.34482059168424, "gravity_exponential": 213.53444194810356, "knn_logistic": 3.6406547753271115 }, "geometry": { "type": "Point", "coordinates": [ 3463.088891095868348, 2013.117645972133232 ] } },
{ "type": "Feature", "properties": { "reach": 464, "gravity_logistic": 88.127081675474756, "gravity_exponential": 215.2602130860698, "knn_logistic": 3.3651837417154802 }, "geometry": { "type": "Point", "coordinates": [ 3737.57814697828826, 897.26782755476313 ] } },
{ "type": "Feature", "properties": { "reach": 444, "gravity_logistic": 76.681434413271973, "gravity_exponential": 201.57159920985802, "knn_logistic": 3.7448389212187285 }, "geometry": { "type": "Point", "coordinates": [ 993.298932700268892, 3234.039037219215516 ] } },
{ "type": "Feature", "properties": { "reach": 245, "gravity_logistic": 57.984407433872178, "gravity_exponential": 118.66813778327928, "knn_logistic": 3.341236962352101 }, "geometry": { "type": "Point", "coordinates": [ 4840.849402529853251, 3788.674684655365581 ] } },
{ "type": "Feature", "properties": { "reach": 320, "gravity_logistic": 75.771006073765676, "gravity_exponential": 157.8196405114021, "knn_logistic": 3.6161595780130558 }, "geometry": { "type": "Point", "coordinates": [ 626.954676618744543, 3742.308195901965064 ] } },
{ "type": "Feature", "properties": { "reach": 442, "gravity_logistic": 77.612505564818548, "gravity_exponential": 200.70180129340426, "knn_logistic": 3.2015847492934748 }, "geometry": { "type": "Point", "coordinates": [ 1068.993110663229572, 3188.841541487680388 ] } },
{ "type": "Feature", "properties": { "reach": 275, "gravity_logistic": 54.397931913264109, "gravity_exponential": 128.68668814440662, "knn_logistic": 1.815352324530217 }, "geometry": { "type": "Point", "coordinates": [ 1812.327295757628917, 4221.333083528105817 ] } },
{ "type": "Feature", "properties": { "reach": 437, "gravity_logistic": 78.193330768386744, "gravity_exponential": 200.08631914276276, "knn_logistic": 3.8074910447581489 }, "geometry": { "type": "Point", "coordinates": [ 4200.937130872922353, 2442.934731413410191 ] } },
{ "type": "Feature", "properties": { "reach": 457, "gravity_logistic": 87.489640239053358, "gravity_exponential": 212.07651609826024, "knn_logistic": 2.8245490037556871 }, "geometry": { "type": "Point", "coordinates": [ 2936.792457212146928, 2858.969794332607307 ] } },
{ "type": "Feature", "properties": { "reach": 465, "gravity_logistic": 86.546310281381508, "gravity_exponential": 214.57139490521033, "knn_logistic": 2.142323973792875 }, "geometry": { "type": "Point", "coordinates": [ 3853.754133567189911, 2130.141737679761263 ] } },
{ "type": "Feature", "properties": { "reach": 482, "gravity_logistic": 101.9911344378804, "gravity_exponential": 229.44455197438472, "knn_logistic": 2.8059577225484307 }, "geometry": { "type": "Point", "coordinates": [ 953.831673963051458, 2588.159990796671536 ] } },
{ "type": "Feature", "properties": { "reach": 519, "gravity_logistic": 91.787242041014338, "gravity_exponential": 237.70824718430526, "knn_logistic": 2.6494060419658814 }, "geometry": { "type": "Point", "coordinates": [ 1349.915012176383698, 1815.142485004971604 ] } },
{ "type": "Feature", "properties": { "reach": 323, "gravity_logistic": 71.287933662583015, "gravity_exponential": 155.29701230001973, "knn_logistic": 1.9893365537026848 }, "geometry": { "type": "Point", "coordinates": [ 945.550438488060877, 3907.197142448801515 ] } },
{ "type": "Feature", "properties": { "reach": 155, "gravity_logistic": 28.756893993824193, "gravity_exponential": 71.586793583468719, "knn_logistic": 2.4182341356910304 }, "geometry": { "type": "Point", "coordinates": [ 5006.719754094766358, 4152.324960563439163 ] } },
{ "type": "Feature", "properties": { "reach": 271, "gravity_logistic": 65.523400649653368, "gravity_exponential": 134.37020956014996, "knn_logistic": 2.7826753275717309 }, "geometry": { "type": "Point", "coordinates": [ 4767.781470739519136, 3556.048545318255947 ] } },
{ "type": "Feature", "properties": { "reach": 307, "gravity_logistic": 67.929520545642774, "gravity_exponential": 147.27488782127247, "knn_logistic": 2.4299551425602872 }, "geometry": { "type": "Point", "coordinates": [ 1868.802624646352115, 4103.354000909764181 ] } },
{ "type": "Feature", "properties": { "reach": 497, "gravity_logistic": 80.935430124112443, "gravity_exponential": 225.24651129458462, "knn_logistic": 3.0423340087079254 }, "geometry": { "type": "Point", "coordinates": [ 1606.676102617215975, 1652.397768890698899 ] } },
{ "type": "Feature", "properties": { "reach": 373, "gravity_logistic": 96.091455129716337, "gravity_exponential": 185.49063997762883, "knn_logistic": 3.68296030117948 }, "geometry": { "type": "Point", "coordinates": [ 2324.466239179935656, 3905.597441816498758 ] } },
{ "type": "Feature", "properties": { "reach": 328, "gravity_logistic": 72.961220615263144, "gravity_exponential": 155.72700573925943, "knn_logistic": 2.8413255124734453 }, "geometry": { "type": "Point", "coordinates": [ 3433.875085711348675, 4124.00537087113662 ] } },
{ "type": "Feature", "properties": { "reach": 293, "gravity_logistic": 66.450278642326452, "gravity_exponential": 141.44667656392892, "knn_logistic": 2.7897177039613292 }, "geometry": { "type": "Point", "coordinates": [ 198.179140548602646, 3027.17715035822448 ] } },
{ "type": "Feature", "properties": { "reach": 437, "gravity_logistic": 91.434182582158442, "gravity_exponential": 208.14146924227424, "knn_logistic": 4.0156854766423447 }, "geometry": { "type": "Point", "coordinates": [ 2846.725505535602224, 3517.999968218892263 ] } },
{ "type": "Feature", "properties": { "reach": 451, "gravity_logistic": 88.2882192192709, "gravity_exponential": 211.18315853290073, "knn_logistic": 4.2498333565345954 }, "geometry": { "type": "Point", "coordinates": [ 2088.629371123078727, 1907.300442347971966 ] } },
{ "type": "Feature", "properties": { "reach": 457, "gravity_logistic": 87.870571951991593, "gravity_exponential": 211.94650844675286, "knn_logistic": 2.9443298139499348 }, "geometry": { "type": "Point", "coordinates": [ 3096.356177274132278, 2967.855702841534821 ] } },
{ "type": "Feature", "properties": { "reach": 377, "gravity_logistic": 93.618178091905037, "gravity_exponential": 185.1907308722285, "knn_logistic": 1.6017186833560231 }, "geometry": { "type": "Point", "coordinates": [ 4126.108022995487772, 583.839355775276658 ] } },
{ "type": "Feature", "properties": { "reach": 447, "gravity_logistic": 110.4741571709026, "gravity_exponential": 219.44829105178474, "knn_logistic": 1.783428323057489 }, "geometry": { "type": "Point", "coordinates": [ 4291.119294287481353, 1408.876452917965025 ] } },
{ "type": "Feature", "properties": { "reach": 332, "gravity_logistic": 73.166859867675981, "gravity_exponential": 159.11480668768064, "knn_logistic": 4.4378284468376954 }, "geometry": { "type": "Point", "coordinates": [ 1528.426441046831997, 3961.109903279990249 ] } },
{ "type": "Feature", "properties": { "reach": 444, "gravity_logistic": 89.1760971999297, "gravity_exponential": 208.97907453908644, "knn_logistic": 3.9758061285579256 }, "geometry": { "type": "Point", "coordinates": [ 3669.442969973991239, 2415.87483348576734 ] } },
{ "type": "Feature", "properties": { "reach": 485, "gravity_logistic": 86.826310624097118, "gravity_exponential": 223.59182756697618, "knn_logistic": 1.6002874383006529 }, "geometry": { "type": "Point", "coordinates": [ 1291.277163955589003, 2805.187799647316751 ] } },
{ "type": "Feature", "properties": { "reach": 481, "gravity_logistic": 94.765647471722005, "gravity_exponential": 224.11648637958419, "knn_logistic": 4.5639993445289448 }, "geometry": { "type": "Point", "coordinates": [ 2109.66323722489733, 3134.545939605675812 ] } },
{ "type": "Feature", "properties": { "reach": 477, "gravity_logistic": 93.22169400322899, "gravity_exponential": 222.20316475306458, "knn_logistic": 2.6002819521337313 }, "geometry": { "type": "Point", "coordinates": [ 3664.738854941446334, 1318.925694563172328 ] } },
{ "type": "Feature", "properties": { "reach": 410, "gravity_logistic": 86.640858537997303, "gravity_exponential": 194.96420281557562, "knn_logistic": 2.2262517347591295 }, "geometry": { "type": "Point", "coordinates": [ 603.211763069818517, 2765.055971366624817 ] } },
{ "type": "Feature", "properties": { "reach": 262, "gravity_logistic": 77.485761934247904, "gravity_exponential": 134.49888128762774, "knn_logistic": 2.0971284724567192 }, "geometry": { "type": "Point", "coordinates": [ 165.048726631485437, 528.963067521537369 ] } },
{ "type": "Feature", "properties": { "reach": 360, "gravity_logistic": 93.477473661129054, "gravity_exponential": 179.06397677349941, "knn_logistic": 3.359250821957529 }, "geometry": { "type": "Point", "coordinates": [ 4591.324120848935308, 1541.093405811789808 ] } },
{ "type": "Feature", "properties": { "reach": 475, "gravity_logistic": 89.507707464384481, "gravity_exponential": 220.55468538599752, "knn_logistic": 1.9109432039511889 }, "geometry": { "type": "Point", "coordinates": [ 2064.072202573240247, 2087.155090941166236 ] } },
{ "type": "Feature", "properties": { "reach": 421, "gravity_logistic": 84.468405456600763, "gravity_exponential": 198.92564638165939, "knn_logistic": 3.258158902884742 }, "geometry": { "type": "Point", "coordinates": [ 4224.652146315666869, 3403.886764565458179 ] } },
{ "type": "Feature", "properties": { "reach": 297, "gravity_logistic": 72.882403542332284, "gravity_exponential": 145.1066132346705, "knn_logistic": 2.861990642614181 }, "geometry": { "type": "Point", "coordinates": [ 2203.204684378230922, 241.466889455894915 ] } },
{ "type": "Feature", "properties": { "reach": 457, "gravity_logistic": 109.29162162600798, "gravity_exponential": 225.03228882468241, "knn_logistic": 3.7086977211327619 }, "geometry": { "type": "Point", "coordinates": [ 4179.883710351569789, 1353.91437551511126 ] } },
{ "type": "Feature", "properties": { "reach": 505, "gravity_logistic": 108.4049746211992, "gravity_exponential": 239.50608790621104, "knn_logistic": 3.2229229147494927 }, "geometry": { "type": "Point", "coordinates": [ 1001.484386948027691, 1317.390613570707501 ] } },
{ "type": "Feature", "properties": { "reach": 247, "gravity_logistic": 68.317728391204582, "gravity_exponential": 125.17956799550066, "knn_logistic": 2.2534348368882386 }, "geometry": { "type": "Point", "coordinates": [ 550.950576526984491, 3998.855262990368828 ] } },
{ "type": "Feature", "properties": { "reach": 412, "gravity_logistic": 76.311591573180436, "gravity_exponential": 190.94622525078742, "knn_logistic": 4.3325011829256965 }, "geometry": { "type": "Point", "coordinates": [ 645.56002722545395, 3008.55189776720772 ] } },
{ "type": "Feature", "properties": { "reach": 312, "gravity_logistic": 68.505535180369932, "gravity_exponential": 149.97963377646079, "knn_logistic": 3.3539410111148866 }, "geometry": { "type": "Point", "coordinates": [ 1725.003421352882924, 4073.614775226952133 ] } },
{ "type": "Feature", "properties": { "reach": 448, "gravity_logistic": 80.645081687782636, "gravity_exponential": 206.48255303932203, "knn_logistic": 5.1224843849394848 }, "geometry": { "type": "Point", "coordinates": [ 4157.4468733581989, 2310.543636478030294 ] } },
{ "type": "Feature", "properties": { "reach": 263, "gravity_logistic": 60.986648787406558, "gravity_exponential": 127.49986918059206, "knn_logistic": 2.3776100477995095 }, "geometry": { "type": "Point", "coordinates": [ 2807.7290717953897, 101.092041751067015 ] } },
{ "type": "Feature", "properties": { "reach": 462, "gravity_logistic": 89.108613742905362, "gravity_exponential": 213.66615942249823, "knn_logistic": 3.029785972072963 }, "geometry": { "type": "Point", "coordinates": [ 2365.916315148578178, 1995.002122531288705 ] } },
{ "type": "Feature", "properties": { "reach": 459, "gravity_logistic": 82.777762782161247, "gravity_exponential": 211.49827052512157, "knn_logistic": 3.4393151223439151 }, "geometry": { "type": "Point", "coordinates": [ 4014.212014623337836, 2292.569104535294628 ] } },
{ "type": "Feature", "properties": { "reach": 408, "gravity_logistic": 104.40506307746648, "gravity_exponential": 203.0111238512894, "knn_logistic": 2.9478558327266047 }, "geometry": { "type": "Point", "coordinates": [ 594.009235974997182, 2417.893296247108538 ] } },
{ "type": "Feature", "properties": { "reach": 310, "gravity_logistic": 70.325145042936796, "gravity_exponential": 149.92532300755576, "knn_logistic": 3.8558083716960652 }, "geometry": { "type": "Point", "coordinates": [ 1157.292665152853942, 3973.132370929793979 ] } },
{ "type": "Feature", "properties": { "reach": 482, "gravity_logistic": 92.534643536232139, "gravity_exponential": 224.67970386805649, "knn_logistic": 2.5985893499509984 }, "geometry": { "type": "Point", "coordinates": [ 3546.55022686295797, 1701.165844021091289 ] } },
{ "type": "Feature", "properties": { "reach": 446, "gravity_logistic": 92.924361181897339, "gravity_exponential": 210.38086032568697, "knn_logistic": 2.898917058191858 }, "geometry": { "type": "Point", "coordinates": [ 3442.736689530342574, 2308.896378156992796 ] } },
{ "type": "Feature", "properties": { "reach": 444, "gravity_logistic": 86.527443330198935, "gravity_exponential": 206.70509956077578, "knn_logistic": 3.8455293032640538 }, "geometry": { "type": "Point", "coordinates": [ 1448.922112075527366, 878.628331178565418 ] } },
{ "type": "Feature", "properties": { "reach": 497, "gravity_logistic": 111.50634210639848, "gravity_exponential": 239.05771536879709, "knn_logistic": 3.5212982262052801 }, "geometry": { "type": "Point", "coordinates": [ 948.990913892723597, 1152.807728977560828 ] } },
{ "type": "Feature", "properties": { "reach": 368, "gravity_logistic": 79.535705855707704, "gravity_exponential": 174.70870141930749, "knn_logistic": 2.1584667002978661 }, "geometry": { "type": "Point", "coordinates": [ 2109.209363247417059, 518.021843189888841 ] } },
{ "type": "Feature", "properties": { "reach": 255, "gravity_logistic": 54.572366914085059, "gravity_exponential": 120.63115216624151, "knn_logistic": 2.0088468834272577 }, "geometry": { "type": "Point", "coordinates": [ 3669.18707280037188, 110.940439059684238 ] } },
{ "type": "Feature", "properties": { "reach": 496, "gravity_logistic": 96.978332690066111, "gravity_exponential": 231.13953011859357, "knn_logistic": 4.8240895364113783 }, "geometry": { "type": "Point", "coordinates": [ 1978.32692105705496, 2298.606671950332839 ] } },
{ "type": "Feature", "properties": { "reach": 277, "gravity_logistic": 45.650999046529769, "gravity_exponential": 126.26928841189037, "knn_logistic": 1.1562995649904877 }, "geometry": { "type": "Point", "coordinates": [ 56.268067347605999, 1692.698433274940271 ] } },
{ "type": "Feature", "properties": { "reach": 215, "gravity_logistic": 56.324611525907805, "gravity_exponential": 107.79831532677061, "knn_logistic": 2.1441726060501192 }, "geometry": { "type": "Point", "coordinates": [ 47.336440089678945, 439.856507659212525 ] } },
{ "type": "Feature", "properties": { "reach": 402, "gravity_logistic": 102.58381836951217, "gravity_exponential": 200.90021277823894, "knn_logistic": 4.1352401101705265 }, "geometry": { "type": "Point", "coordinates": [ 2091.442937821802843, 3710.964267438207116 ] } },
{ "type": "Feature", "properties": { "reach": 455, "gravity_logistic": 85.573297092800104, "gravity_exponential": 210.78408952661067, "knn_logistic": 1.8145307826920989 }, "geometry": { "type": "Point", "coordinates": [ 2873.876362946266454, 2418.296143471164214 ] } },
{ "type": "Feature", "properties": { "reach": 361, "gravity_logistic": 78.093571036553143, "gravity_exponential": 172.98693256757605, "knn_logistic": 4.2024929382637026 }, "geometry": { "type": "Point", "coordinates": [ 4513.144469197838589, 2425.921727697475944 ] } },
{ "type": "Feature", "properties": { "reach": 357, "gravity_logistic": 78.077559158212253, "gravity_exponential": 171.07778993449978, "knn_logistic": 4.3662182843532209 }, "geometry": { "type": "Point", "coordinates": [ 1482.88737088453172, 507.248068556637634 ] } },
{ "type": "Feature", "properties": { "reach": 487, "gravity_logistic": 81.344199055521401, "gravity_exponential": 222.21101402969435, "knn_logistic": 4.0760286336430598 }, "geometry": { "type": "Point", "coordinates": [ 1483.177860696770267, 1406.0132074614678 ] } },
{ "type": "Feature", "properties": { "reach": 484, "gravity_logistic": 100.66472712673051, "gravity_exponential": 229.07278512786721, "knn_logistic": 3.047568884560826 }, "geometry": { "type": "Point", "coordinates": [ 1650.972196744014354, 2715.44325010418288 ] } },
{ "type": "Feature", "properties": { "reach": 449, "gravity_logistic": 83.82614305725491, "gravity_exponential": 208.7740291491092, "knn_logistic": 3.4337786400724513 }, "geometry": { "type": "Point", "coordinates": [ 3574.494360001512177, 908.711468836747258 ] } },
{ "type": "Feature", "properties": { "reach": 446, "gravity_logistic": 79.416019810712697, "gravity_exponential": 204.88424015296769, "knn_logistic": 3.504482821979789 }, "geometry": { "type": "Point", "coordinates": [ 3983.186794356768132, 2362.242732262684967 ] } },
{ "type": "Feature", "properties": { "reach": 260, "gravity_logistic": 71.458538449585532, "gravity_exponential": 131.89395861832875, "knn_logistic": 3.2936530822432135 }, "geometry": { "type": "Point", "coordinates": [ 4142.510614799641189, 4236.317530768298639 ] } },
{ "type": "Feature", "properties": { "reach": 508, "gravity_logistic": 109.36098185776569, "gravity_exponential": 241.38067850629881, "knn_logistic": 2.418828067350637 }, "geometry": { "type": "Point", "coordinates": [ 1356.446174141134406, 2421.85905976993854 ] } },
{ "type": "Feature", "properties": { "reach": 451, "gravity_logistic": 90.542831936521623, "gravity_exponential": 212.07193258685808, "knn_logistic": 3.7854531641135698 }, "geometry": { "type": "Point", "coordinates": [ 2932.617571757175028, 3464.890254057539551 ] } },
{ "type": "Feature", "properties": { "reach": 434, "gravity_logistic": 81.200183991677477, "gravity_exponential": 199.77606622477069, "knn_logistic": 4.7777591359729454 }, "geometry": { "type": "Point", "coordinates": [ 2009.466993884060003, 1097.472920356833811 ] } },
{ "type": "Feature", "properties": { "reach": 427, "gravity_logistic": 84.294940865966623, "gravity_exponential": 200.87422269780234, "knn_logistic": 3.481881564872559 }, "geometry": { "type": "Point", "coordinates": [ 4193.263198715088038, 3188.942853622254461 ] } },
{ "type": "Feature", "properties": { "reach": 471, "gravity_logistic": 94.798080255574192, "gravity_exponential": 223.23704060718498, "knn_logistic": 3.2427950464293929 }, "geometry": { "type": "Point", "coordinates": [ 1816.454713801299249, 2940.480058521832234 ] } },
{ "type": "Feature", "properties": { "reach": 293, "gravity_logistic": 45.406493454367784, "gravity_exponential": 130.86468824546682, "knn_logistic": 3.6715220056947517 }, "geometry": { "type": "Point", "coordinates": [ 48.743393603640257, 1485.005449468212191 ] } },
{ "type": "Feature", "properties": { "reach": 411, "gravity_logistic": 97.303697396546781, "gravity_exponential": 201.7202246726535, "knn_logistic": 2.6351416362700992 }, "geometry": { "type": "Point", "coordinates": [ 1888.745914176238102, 3687.759795460765872 ] } },
{ "type": "Feature", "properties": { "reach": 489, "gravity_logistic": 104.64641183386199, "gravity_exponential": 234.47914645615532, "knn_logistic": 2.7185952799237896 }, "geometry": { "type": "Point", "coordinates": [ 978.838458239819715, 1709.197233695870864 ] } },
{ "type": "Feature", "properties": { "reach": 474, "gravity_logistic": 116.04213665888744, "gravity_exponential": 232.47416186117624, "knn_logistic": 4.0732134987315494 }, "geometry": { "type": "Point", "coordinates": [ 659.928233507929349, 1949.97742298968933 ] } },
{ "type": "Feature", "properties": { "reach": 440, "gravity_logistic": 82.170898335155869, "gravity_exponential": 204.34619951227319, "knn_logistic": 1.8895128659728599 }, "geometry": { "type": "Point", "coordinates": [ 2617.887884548334114, 1153.960114949846002 ] } },
{ "type": "Feature", "properties": { "reach": 462, "gravity_logistic": 80.069499957370169, "gravity_exponential": 210.00684954953971, "knn_logistic": 2.0660036624716471 }, "geometry": { "type": "Point", "coordinates": [ 1784.387224145203845, 1482.844442624215162 ] } },
{ "type": "Feature", "properties": { "reach": 422, "gravity_logistic": 85.211733087764813, "gravity_exponential": 198.66285514717566, "knn_logistic": 2.5683918924515168 }, "geometry": { "type": "Point", "coordinates": [ 3849.606988828601516, 640.087774510294139 ] } },
{ "type": "Feature", "properties": { "reach": 264, "gravity_logistic": 65.93465269522062, "gravity_exponential": 130.53908856956176, "knn_logistic": 4.6375561381188062 }, "geometry": { "type": "Point", "coordinates": [ 3025.081094713063521, 135.563477300031309 ] } },
{ "type": "Feature", "properties": { "reach": 450, "gravity_logistic": 87.175770346898048, "gravity_exponential": 209.94168499649024, "knn_logistic": 2.9904617359705061 }, "geometry": { "type": "Point", "coordinates": [ 3079.562029658011852, 2343.515084852809196 ] } },
{ "type": "Feature", "properties": { "reach": 139, "gravity_logistic": 30.693487549764388, "gravity_exponential": 67.518240467582217, "knn_logistic": 4.287357278345965 }, "geometry": { "type": "Point", "coordinates": [ 30.334021941117705, 4232.616425877477013 ] } },
{ "type": "Feature", "properties": { "reach": 418, "gravity_logistic": 79.743998356285644, "gravity_exponential": 195.47541187658433, "knn_logistic": 2.9003540609348786 }, "geometry": { "type": "Point", "coordinates": [ 3473.341160720799053, 659.777187945526521 ] } },
{ "type": "Feature", "properties": { "reach": 149, "gravity_logistic": 34.388434415133389, "gravity_exponential": 73.486657441338721, "knn_logistic": 4.9313665520554473 }, "geometry": { "type": "Point", "coordinates": [ 73.49302028206489, 4200.102438744718711 ] } },
{ "type": "Feature", "properties": { "reach": 498, "gravity_logistic": 97.292499163696419, "gravity_exponential": 231.41875942253844, "knn_logistic": 3.1016061077881565 }, "geometry": { "type": "Point", "coordinates": [ 1584.293630120077751, 2038.441222982777845 ] } },
{ "type": "Feature", "properties": { "reach": 496, "gravity_logistic": 84.171948289116671, "gravity_exponential": 226.56764820644145, "knn_logistic": 4.6574048245719837 }, "geometry": { "type": "Point", "coordinates": [ 1373.630801754879485, 1452.462745065589843 ] } },
{ "type": "Feature", "properties": { "reach": 260, "gravity_logistic": 44.837742934318271, "gravity_exponential": 118.24777071986487, "knn_logistic": 2.7628008422308978 }, "geometry": { "type": "Point", "coordinates": [ 26.281754210485634, 2143.800040287037973 ] } },
{ "type": "Feature", "properties": { "reach": 447, "gravity_logistic": 115.96005457011742, "gravity_exponential": 222.86869043426151, "knn_logistic": 4.2827433316188177 }, "geometry": { "type": "Point", "coordinates": [ 663.907572995357555, 2276.740543191264806 ] } },
{ "type": "Feature", "properties": { "reach": 210, "gravity_logistic": 68.030286746713429, "gravity_exponential": 110.67768714145754, "knn_logistic": 3.8061262628418255 }, "geometry": { "type": "Point", "coordinates": [ 134.118990087461043, 3739.316292980446633 ] } },
{ "type": "Feature", "properties": { "reach": 404, "gravity_logistic": 101.68956129877856, "gravity_exponential": 203.10923841302252, "knn_logistic": 4.326856962852986 }, "geometry": { "type": "Point", "coordinates": [ 795.784788540310501, 661.408962427465781 ] } },
{ "type": "Feature", "properties": { "reach": 347, "gravity_logistic": 84.60637053280891, "gravity_exponential": 170.21256186474119, "knn_logistic": 2.7214172927062235 }, "geometry": { "type": "Point", "coordinates": [ 242.563024186843222, 1097.089096239763876 ] } },
{ "type": "Feature", "properties": { "reach": 406, "gravity_logistic": 89.572534848900901, "gravity_exponential": 195.41329228066695, "knn_logistic": 2.7958782135435394 }, "geometry": { "type": "Point", "coordinates": [ 3997.388159960353732, 662.787487671944177 ] } },
{ "type": "Feature", "properties": { "reach": 414, "gravity_logistic": 86.390231136468458, "gravity_exponential": 195.07993278219155, "knn_logistic": 2.0232871424895409 }, "geometry": { "type": "Point", "coordinates": [ 1483.42783307976265, 3546.053209775347568 ] } },
{ "type": "Feature", "properties": { "reach": 461, "gravity_logistic": 85.158713918235875, "gravity_exponential": 212.4379763051962, "knn_logistic": 3.1853805448804788 }, "geometry": { "type": "Point", "coordinates": [ 1995.744972381860862, 1924.42506608976737 ] } },
{ "type": "Feature", "properties": { "reach": 315, "gravity_logistic": 75.662729843294287, "gravity_exponential": 152.54623816808277, "knn_logistic": 3.2253070805745354 }, "geometry": { "type": "Point", "coordinates": [ 3548.100455004797368, 4124.243461417770959 ] } },
{ "type": "Feature", "properties": { "reach": 391, "gravity_logistic": 92.842274433805855, "gravity_exponential": 192.64530234868113, "knn_logistic": 3.0759713652603509 }, "geometry": { "type": "Point", "coordinates": [ 4132.724197269995784, 3632.120020974447016 ] } },
{ "type": "Feature", "properties": { "reach": 459, "gravity_logistic": 90.837696029341004, "gravity_exponential": 216.23911209725213, "knn_logistic": 1.3114476391197802 }, "geometry": { "type": "Point", "coordinates": [ 1640.186419257288662, 3192.519974256850219 ] } },
{ "type": "Feature", "properties": { "reach": 220, "gravity_logistic": 48.818404093458724, "gravity_exponential": 105.20541651794014, "knn_logistic": 4.1455037221415187 }, "geometry": { "type": "Point", "coordinates": [ 4839.177471071889158, 4039.25681316067903 ] } },
{ "type": "Feature", "properties": { "reach": 420, "gravity_logistic": 95.637424436175593, "gravity_exponential": 205.06989390991052, "knn_logistic": 3.1875054747647971 }, "geometry": { "type": "Point", "coordinates": [ 4373.846752867601026, 1044.845920868524672 ] } },
{ "type": "Feature", "properties": { "reach": 454, "gravity_logistic": 91.968005641281749, "gravity_exponential": 213.98600797674797, "knn_logistic": 2.7575430867984969 }, "geometry": { "type": "Point", "coordinates": [ 1665.664997487623623, 3297.890713865749603 ] } },
{ "type": "Feature", "properties": { "reach": 466, "gravity_logistic": 93.813897261775708, "gravity_exponential": 219.38397388930935, "knn_logistic": 2.9562558955413669 }, "geometry": { "type": "Point", "coordinates": [ 3898.580281353972168, 934.350122329661986 ] } },
{ "type": "Feature", "properties": { "reach": 438, "gravity_logistic": 89.769918179751414, "gravity_exponential": 208.83902841775307, "knn_logistic": 2.1229036284522156 }, "geometry": { "type": "Point", "coordinates": [ 3553.188008029078446, 3462.7249703989728 ] } },
{ "type": "Feature", "properties": { "reach": 368, "gravity_logistic": 77.751140422959338, "gravity_exponential": 176.15682972714205, "knn_logistic": 2.6794924859089218 }, "geometry": { "type": "Point", "coordinates": [ 713.189620476657637, 3530.378749353902549 ] } },
{ "type": "Feature", "properties": { "reach": 396, "gravity_logistic": 76.739272501464754, "gravity_exponential": 186.37642863864573, "knn_logistic": 2.7735161269869604 }, "geometry": { "type": "Point", "coordinates": [ 603.735583519352645, 3009.83070182466372 ] } },
{ "type": "Feature", "properties": { "reach": 453, "gravity_logistic": 85.750489178106534, "gravity_exponential": 209.11869276462491, "knn_logistic": 3.7685231386463753 }, "geometry": { "type": "Point", "coordinates": [ 2338.22904292367275, 2063.43759313373539 ] } },
{ "type": "Feature", "properties": { "reach": 369, "gravity_logistic": 85.736623040046226, "gravity_exponential": 179.59862159904509, "knn_logistic": 2.9955172893638427 }, "geometry": { "type": "Point", "coordinates": [ 1881.591953392462756, 3904.02944456347177 ] } },
{ "type": "Feature", "properties": { "reach": 464, "gravity_logistic": 92.680074566968628, "gravity_exponential": 217.23738263437809, "knn_logistic": 4.9004750836804192 }, "geometry": { "type": "Point", "coordinates": [ 3190.859008079946761, 1838.896178897867912 ] } },
{ "type": "Feature", "properties": { "reach": 479, "gravity_logistic": 81.645590452396391, "gravity_exponential": 217.69770741862229, "knn_logistic": 1.9786092112624598 }, "geometry": { "type": "Point", "coordinates": [ 1662.304258824909084, 1428.764071096582256 ] } },
{ "type": "Feature", "properties": { "reach": 234, "gravity_logistic": 47.574904288502431, "gravity_exponential": 109.61777513653514, "knn_logistic": 2.51047072827562 }, "geometry": { "type": "Point", "coordinates": [ 3683.793092392789276, 33.327852046868536 ] } },
{ "type": "Feature", "properties": { "reach": 214, "gravity_logistic": 62.697204914889539, "gravity_exponential": 110.17418849162661, "knn_logistic": 2.2576789170428002 }, "geometry": { "type": "Point", "coordinates": [ 53.888990821325237, 3474.788270715493127 ] } },
{ "type": "Feature", "properties": { "reach": 344, "gravity_logistic": 77.710331088310966, "gravity_exponential": 165.77360927977884, "knn_logistic": 2.4557502386081458 }, "geometry": { "type": "Point", "coordinates": [ 302.645495361306757, 2531.886662514387353 ] } },
{ "type": "Feature", "properties": { "reach": 445, "gravity_logistic": 83.861826574470882, "gravity_exponential": 206.36848730166361, "knn_logistic": 2.3186449260716997 }, "geometry": { "type": "Point", "coordinates": [ 4176.457934628591829, 3269.171925705733429 ] } },
{ "type": "Feature", "properties": { "reach": 356, "gravity_logistic": 82.628872404382463, "gravity_exponential": 171.75403556922112, "knn_logistic": 2.9186088403032104 }, "geometry": { "type": "Point", "coordinates": [ 4625.508444692901321, 1923.231856832589074 ] } },
{ "type": "Feature", "properties": { "reach": 448, "gravity_logistic": 79.229799627901969, "gravity_exponential": 205.69927790999182, "knn_logistic": 2.8953220826672279 }, "geometry": { "type": "Point", "coordinates": [ 4016.100507658873084, 2372.295958670072196 ] } },
{ "type": "Feature", "properties": { "reach": 393, "gravity_logistic": 104.8320638496201, "gravity_exponential": 196.50538363484617, "knn_logistic": 2.6943000515875388 }, "geometry": { "type": "Point", "coordinates": [ 486.950151318789267, 2252.89273814529497 ] } },
{ "type": "Feature", "properties": { "reach": 277, "gravity_logistic": 50.330604823400257, "gravity_exponential": 126.58695338769407, "knn_logistic": 4.1808758109816919 }, "geometry": { "type": "Point", "coordinates": [ 40.533887510747974, 1318.809779767140526 ] } },
{ "type": "Feature", "properties": { "reach": 471, "gravity_logistic": 94.963336767713741, "gravity_exponential": 221.05388155163951, "knn_logistic": 1.0874307146267963 }, "geometry": { "type": "Point", "coordinates": [ 2088.737914596011251, 2826.365078235523924 ] } },
{ "type": "Feature", "properties": { "reach": 424, "gravity_logistic": 87.387282309741323, "gravity_exponential": 199.42985716704737, "knn_logistic": 3.3312547424040093 }, "geometry": { "type": "Point", "coordinates": [ 2363.513480650419297, 1634.898097257397922 ] } },
{ "type": "Feature", "properties": { "reach": 433, "gravity_logistic": 86.277640769794473, "gravity_exponential": 203.65902827041586, "knn_logistic": 3.5217886296954553 }, "geometry": { "type": "Point", "coordinates": [ 2872.884167997518034, 1208.380304537620077 ] } },
{ "type": "Feature", "properties": { "reach": 257, "gravity_logistic": 60.392743011457284, "gravity_exponential": 125.20133478854495, "knn_logistic": 1.9408658883371768 }, "geometry": { "type": "Point", "coordinates": [ 4176.710987007222684, 119.243807149581656 ] } },
{ "type": "Feature", "properties": { "reach": 469, "gravity_logistic": 87.744940603496858, "gravity_exponential": 216.82495454229158, "knn_logistic": 3.4078929026500155 }, "geometry": { "type": "Point", "coordinates": [ 2735.551894608342991, 2749.016124973258684 ] } },
{ "type": "Feature", "properties": { "reach": 316, "gravity_logistic": 76.007975796095721, "gravity_exponential": 155.60265422188982, "knn_logistic": 3.8802333140443914 }, "geometry": { "type": "Point", "coordinates": [ 4618.938719079408656, 3546.589436985141674 ] } },
{ "type": "Feature", "properties": { "reach": 264, "gravity_logistic": 63.451302618051905, "gravity_exponential": 129.51621478840627, "knn_logistic": 2.3862389386335652 }, "geometry": { "type": "Point", "coordinates": [ 2817.315106963932976, 113.317554686878182 ] } },
{ "type": "Feature", "properties": { "reach": 428, "gravity_logistic": 82.403035236284154, "gravity_exponential": 198.57506329169064, "knn_logistic": 2.586999713465115 }, "geometry": { "type": "Point", "coordinates": [ 1262.81737055741155, 3458.543797416696179 ] } },
{ "type": "Feature", "properties": { "reach": 489, "gravity_logistic": 94.109388068736081, "gravity_exponential": 226.39895091116924, "knn_logistic": 3.3452410637586509 }, "geometry": { "type": "Point", "coordinates": [ 1816.46450289692325, 2078.300426720938049 ] } },
{ "type": "Feature", "properties": { "reach": 461, "gravity_logistic": 88.826701114765882, "gravity_exponential": 214.0651805984314, "knn_logistic": 2.2360839110730413 }, "geometry": { "type": "Point", "coordinates": [ 2810.886044017773202, 3132.485173526832568 ] } },
{ "type": "Feature", "properties": { "reach": 443, "gravity_logistic": 94.523041867782652, "gravity_exponential": 210.68116080612455, "knn_logistic": 3.6509598387449769 }, "geometry": { "type": "Point", "coordinates": [ 3412.422316231155492, 2274.796130641670516 ] } },
{ "type": "Feature", "properties": { "reach": 350, "gravity_logistic": 77.448884181159983, "gravity_exponential": 166.00280009852935, "knn_logistic": 2.9648497561415152 }, "geometry": { "type": "Point", "coordinates": [ 3445.608159079966754, 4069.273003134098417 ] } },
{ "type": "Feature", "properties": { "reach": 376, "gravity_logistic": 89.942080100448536, "gravity_exponential": 185.70102957142393, "knn_logistic": 1.8426989935198079 }, "geometry": { "type": "Point", "coordinates": [ 787.22109883984092, 494.071163298320414 ] } },
{ "type": "Feature", "properties": { "reach": 175, "gravity_logistic": 33.32126108146074, "gravity_exponential": 80.60051785405696, "knn_logistic": 1.3635890155586978 }, "geometry": { "type": "Point", "coordinates": [ 4949.870778143746975, 4155.396190103406298 ] } },
{ "type": "Feature", "properties": { "reach": 447, "gravity_logistic": 87.92135558325198, "gravity_exponential": 209.87206832260591, "knn_logistic": 2.7402764033569369 }, "geometry": { "type": "Point", "coordinates": [ 2999.988552360449376, 2311.801884521213196 ] } },
{ "type": "Feature", "properties": { "reach": 465, "gravity_logistic": 88.814152837520709, "gravity_exponential": 216.09575551467233, "knn_logistic": 3.8508054657797381 }, "geometry": { "type": "Point", "coordinates": [ 3010.407304304048012, 3187.255533270385968 ] } },
{ "type": "Feature", "properties": { "reach": 266, "gravity_logistic": 78.253593482912706, "gravity_exponential": 137.38052758175172, "knn_logistic": 2.9754017615248927 }, "geometry": { "type": "Point", "coordinates": [ 4158.592935944796409, 4177.197468623448913 ] } },
{ "type": "Feature", "properties": { "reach": 445, "gravity_logistic": 84.567761402063283, "gravity_exponential": 207.07960635253659, "knn_logistic": 3.9151785791585643 }, "geometry": { "type": "Point", "coordinates": [ 3963.20556576493027, 3228.310634417397523 ] } },
{ "type": "Feature", "properties": { "reach": 162, "gravity_logistic": 40.279034340932718, "gravity_exponential": 79.226828367237772, "knn_logistic": 2.8063192851828616 }, "geometry": { "type": "Point", "coordinates": [ 166.17152350678856, 32.932112968707521 ] } },
{ "type": "Feature", "properties": { "reach": 469, "gravity_logistic": 99.077855548301144, "gravity_exponential": 223.08665668562111, "knn_logistic": 2.1429154643039383 }, "geometry": { "type": "Point", "coordinates": [ 1209.831285536246241, 1087.239242924468272 ] } },
{ "type": "Feature", "properties": { "reach": 305, "gravity_logistic": 76.642331812209022, "gravity_exponential": 150.58179327295724, "knn_logistic": 2.8726837498918063 }, "geometry": { "type": "Point", "coordinates": [ 3739.531157316038389, 4150.880500968201886 ] } },
{ "type": "Feature", "properties": { "reach": 353, "gravity_logistic": 89.71946123102731, "gravity_exponential": 175.01728004739104, "knn_logistic": 3.1360082531938249 }, "geometry": { "type": "Point", "coordinates": [ 2312.183880919514195, 3987.5410484586032 ] } },
{ "type": "Feature", "properties": { "reach": 481, "gravity_logistic": 93.746167173359609, "gravity_exponential": 225.32628440185826, "knn_logistic": 2.0818475641669192 }, "geometry": { "type": "Point", "coordinates": [ 3737.51307866666275, 1470.769078372041577 ] } },
{ "type": "Feature", "properties": { "reach": 310, "gravity_logistic": 77.818584550252908, "gravity_exponential": 152.63875084715934, "knn_logistic": 3.7761576140718649 }, "geometry": { "type": "Point", "coordinates": [ 4717.644545084985111, 767.982599668938519 ] } },
{ "type": "Feature", "properties": { "reach": 466, "gravity_logistic": 95.790945066766682, "gravity_exponential": 219.70554231694047, "knn_logistic": 1.8994383610182988 }, "geometry": { "type": "Point", "coordinates": [ 2433.252888801668178, 3467.404895929784288 ] } },
{ "type": "Feature", "properties": { "reach": 404, "gravity_logistic": 89.694278318921775, "gravity_exponential": 195.88652288570597, "knn_logistic": 3.9995106213551121 }, "geometry": { "type": "Point", "coordinates": [ 386.094622264865166, 1396.564621981596247 ] } },
{ "type": "Feature", "properties": { "reach": 495, "gravity_logistic": 99.473913080534174, "gravity_exponential": 232.51271653197631, "knn_logistic": 2.0659323281117099 }, "geometry": { "type": "Point", "coordinates": [ 1825.14193340066663, 2804.083988875423074 ] } },
{ "type": "Feature", "properties": { "reach": 302, "gravity_logistic": 74.404040359947089, "gravity_exponential": 148.1962711570732, "knn_logistic": 3.9139207903024151 }, "geometry": { "type": "Point", "coordinates": [ 4124.636926950012821, 252.041220422582342 ] } },
{ "type": "Feature", "properties": { "reach": 322, "gravity_logistic": 91.618793035164387, "gravity_exponential": 163.46246270905496, "knn_logistic": 2.4065495431374719 }, "geometry": { "type": "Point", "coordinates": [ 467.850715296312728, 440.661119665646765 ] } },
{ "type": "Feature", "properties": { "reach": 228, "gravity_logistic": 68.79883884636034, "gravity_exponential": 118.37176306956192, "knn_logistic": 2.3474701585450166 }, "geometry": { "type": "Point", "coordinates": [ 4620.496835092691072, 295.141968591602733 ] } },
{ "type": "Feature", "properties": { "reach": 363, "gravity_logistic": 80.887856001532583, "gravity_exponential": 174.41359036359435, "knn_logistic": 3.9770735321067474 }, "geometry": { "type": "Point", "coordinates": [ 602.632222320281926, 3482.850114766468778 ] } },
{ "type": "Feature", "properties": { "reach": 327, "gravity_logistic": 62.946863133556498, "gravity_exponential": 152.99571168178619, "knn_logistic": 4.2982956289120819 }, "geometry": { "type": "Point", "coordinates": [ 4728.391651719560286, 2073.840711962329351 ] } },
{ "type": "Feature", "properties": { "reach": 473, "gravity_logistic": 98.726601635689519, "gravity_exponential": 223.23666958777238, "knn_logistic": 2.7194071816612437 }, "geometry": { "type": "Point", "coordinates": [ 4033.963170909841665, 985.907177320502228 ] } },
{ "type": "Feature", "properties": { "reach": 430, "gravity_logistic": 93.327406256745689, "gravity_exponential": 206.78169836922987, "knn_logistic": 3.4554856122312749 }, "geometry": { "type": "Point", "coordinates": [ 2882.294913217199337, 3577.988325422368689 ] } },
{ "type": "Feature", "properties": { "reach": 301, "gravity_logistic": 72.138686280610827, "gravity_exponential": 148.67680923590547, "knn_logistic": 2.2050965106172113 }, "geometry": { "type": "Point", "coordinates": [ 221.923674041655659, 2096.850333111528016 ] } },
{ "type": "Feature", "properties": { "reach": 391, "gravity_logistic": 97.196485913471221, "gravity_exponential": 194.27676084728864, "knn_logistic": 2.9466152429883063 }, "geometry": { "type": "Point", "coordinates": [ 550.886191441060305, 2510.133320047381403 ] } },
{ "type": "Feature", "properties": { "reach": 501, "gravity_logistic": 101.53234782117983, "gravity_exponential": 235.50891086897391, "knn_logistic": 4.2786563891769358 }, "geometry": { "type": "Point", "coordinates": [ 1059.235222666474556, 1485.247616966957366 ] } },
{ "type": "Feature", "properties": { "reach": 362, "gravity_logistic": 77.67262600337223, "gravity_exponential": 173.23734754153747, "knn_logistic": 3.2159603544026765 }, "geometry": { "type": "Point", "coordinates": [ 882.892925111662294, 3703.966567435992147 ] } },
{ "type": "Feature", "properties": { "reach": 267, "gravity_logistic": 73.056220966060707, "gravity_exponential": 135.7629597394394, "knn_logistic": 2.7992434366596903 }, "geometry": { "type": "Point", "coordinates": [ 453.331402813787747, 3851.41274554749225 ] } },
{ "type": "Feature", "properties": { "reach": 366, "gravity_logistic": 84.882239177699702, "gravity_exponential": 177.94222727836438, "knn_logistic": 3.150591886029499 }, "geometry": { "type": "Point", "coordinates": [ 3193.061972776808034, 527.85813483314098 ] } },
{ "type": "Feature", "properties": { "reach": 320, "gravity_logistic": 58.146880844011449, "gravity_exponential": 148.88285345891711, "knn_logistic": 2.9553261488723033 }, "geometry": { "type": "Point", "coordinates": [ 167.021906221361519, 1576.921093625407593 ] } },
{ "type": "Feature", "properties": { "reach": 377, "gravity_logistic": 81.725723664736989, "gravity_exponential": 181.51236007047399, "knn_logistic": 3.2742921070083066 }, "geometry": { "type": "Point", "coordinates": [ 4398.283834097436738, 3210.717677028254911 ] } },
{ "type": "Feature", "properties": { "reach": 414, "gravity_logistic": 86.341303595530007, "gravity_exponential": 198.07344136954848, "knn_logistic": 3.9376619343288439 }, "geometry": { "type": "Point", "coordinates": [ 3594.430568445025983, 3796.707926838512776 ] } },
{ "type": "Feature", "properties": { "reach": 273, "gravity_logistic": 50.522564466798343, "gravity_exponential": 126.16553910849717, "knn_logistic": 4.1376517089939133 }, "geometry": { "type": "Point", "coordinates": [ 51.69912837100194, 2509.816905539583331 ] } },
{ "type": "Feature", "properties": { "reach": 451, "gravity_logistic": 91.742560876485584, "gravity_exponential": 211.42980837632555, "knn_logistic": 2.0547093132103855 }, "geometry": { "type": "Point", "coordinates": [ 3522.499561293554507, 2464.696196224606865 ] } },
{ "type": "Feature", "properties": { "reach": 266, "gravity_logistic": 66.03707379228355, "gravity_exponential": 131.6579715342495, "knn_logistic": 3.2078980828245438 }, "geometry": { "type": "Point", "coordinates": [ 4602.730809372857948, 4013.546812266279176 ] } },
{ "type": "Feature", "properties": { "reach": 489, "gravity_logistic": 104.59016237250248, "gravity_exponential": 232.06484758194438, "knn_logistic": 2.7607718851312084 }, "geometry": { "type": "Point", "coordinates": [ 1669.012421154555796, 2363.521134033077033 ] } },
{ "type": "Feature", "properties": { "reach": 511, "gravity_logistic": 100.71223669904914, "gravity_exponential": 238.45763496130539, "knn_logistic": 2.0187612695856822 }, "geometry": { "type": "Point", "coordinates": [ 1289.771920189808498, 2495.855062022807942 ] } },
{ "type": "Feature", "properties": { "reach": 212, "gravity_logistic": 62.272301709914814, "gravity_exponential": 108.37129429359379, "knn_logistic": 1.9463795384373037 }, "geometry": { "type": "Point", "coordinates": [ 382.541186838843885, 4096.446357487900059 ] } },
{ "type": "Feature", "properties": { "reach": 338, "gravity_logistic": 90.834406830010309, "gravity_exponential": 170.04810378475531, "knn_logistic": 2.328273996754421 }, "geometry": { "type": "Point", "coordinates": [ 276.814311998585367, 892.530985544470809 ] } },
{ "type": "Feature", "properties": { "reach": 418, "gravity_logistic": 82.147602078645477, "gravity_exponential": 194.15182932833278, "knn_logistic": 2.1406244172573752 }, "geometry": { "type": "Point", "coordinates": [ 4343.391963858318377, 2510.78318616678871 ] } },
{ "type": "Feature", "properties": { "reach": 475, "gravity_logistic": 96.976955420158987, "gravity_exponential": 223.9589534458687, "knn_logistic": 2.4615680171488279 }, "geometry": { "type": "Point", "coordinates": [ 1925.607059808390659, 2570.982622964348138 ] } },
{ "type": "Feature", "properties": { "reach": 410, "gravity_logistic": 95.808120102550944, "gravity_exponential": 198.77566328907818, "knn_logistic": 2.4629718700578249 }, "geometry": { "type": "Point", "coordinates": [ 3894.294213489650247, 3685.840016246486812 ] } },
{ "type": "Feature", "properties": { "reach": 401, "gravity_logistic": 88.457565618329355, "gravity_exponential": 192.18296754326167, "knn_logistic": 2.9449594152323986 }, "geometry": { "type": "Point", "coordinates": [ 1651.043256185619612, 3696.930939213917554 ] } },
{ "type": "Feature", "properties": { "reach": 483, "gravity_logistic": 99.564703099218335, "gravity_exponential": 227.59126538713221, "knn_logistic": 2.0816544172567637 }, "geometry": { "type": "Point", "coordinates": [ 1827.439373281670669, 2198.754082878170266 ] } },
{ "type": "Feature", "properties": { "reach": 224, "gravity_logistic": 47.561170850973355, "gravity_exponential": 107.33018995951817, "knn_logistic": 3.6456998431979191 }, "geometry": { "type": "Point", "coordinates": [ 592.214731579363502, 53.328679726144472 ] } },
{ "type": "Feature", "properties": { "reach": 470, "gravity_logistic": 105.18088706811938, "gravity_exponential": 225.96605585180833, "knn_logistic": 2.0848797777648413 }, "geometry": { "type": "Point", "coordinates": [ 4071.20247945346182, 1801.068364270077382 ] } },
{ "type": "Feature", "properties": { "reach": 239, "gravity_logistic": 43.730274544893291, "gravity_exponential": 111.00490010316541, "knn_logistic": 2.9938444890331986 }, "geometry": { "type": "Point", "coordinates": [ 30.733483926270441, 2730.56711161194562 ] } },
{ "type": "Feature", "properties": { "reach": 393, "gravity_logistic": 89.145828738212174, "gravity_exponential": 190.73604720899442, "knn_logistic": 2.5289866205108535 }, "geometry": { "type": "Point", "coordinates": [ 546.720085253780212, 2648.665135190156434 ] } },
{ "type": "Feature", "properties": { "reach": 504, "gravity_logistic": 111.91172043761215, "gravity_exponential": 242.49282123484016, "knn_logistic": 3.4666685973052518 }, "geometry": { "type": "Point", "coordinates": [ 1024.248471991397992, 2361.756275545634253 ] } },
{ "type": "Feature", "properties": { "reach": 348, "gravity_logistic": 90.116083119883342, "gravity_exponential": 173.91237224408789, "knn_logistic": 2.4903372771234804 }, "geometry": { "type": "Point", "coordinates": [ 3851.83413324167941, 3955.542556336911275 ] } },
{ "type": "Feature", "properties": { "reach": 491, "gravity_logistic": 104.24895082683176, "gravity_exponential": 233.9109144025914, "knn_logistic": 3.25864180061965 }, "geometry": { "type": "Point", "coordinates": [ 966.680438316147274, 2532.615408353214661 ] } },
{ "type": "Feature", "properties": { "reach": 340, "gravity_logistic": 81.973986421107455, "gravity_exponential": 166.37116623583455, "knn_logistic": 4.5181018662756873 }, "geometry": { "type": "Point", "coordinates": [ 2892.146615744853079, 4071.801544822155847 ] } },
{ "type": "Feature", "properties": { "reach": 445, "gravity_logistic": 87.106877283360646, "gravity_exponential": 207.03919966576314, "knn_logistic": 2.5589056368346026 }, "geometry": { "type": "Point", "coordinates": [ 2457.378139757330246, 2037.78618602118263 ] } },
{ "type": "Feature", "properties": { "reach": 315, "gravity_logistic": 78.749310615678837, "gravity_exponential": 155.87536422275184, "knn_logistic": 3.7009870804750755 }, "geometry": { "type": "Point", "coordinates": [ 2460.167551891571748, 318.450537292592514 ] } },
{ "type": "Feature", "properties": { "reach": 223, "gravity_logistic": 46.076047896040841, "gravity_exponential": 105.26603097214974, "knn_logistic": 1.8861689061923137 }, "geometry": { "type": "Point", "coordinates": [ 3199.57976941116749, 0.454256445651281 ] } },
{ "type": "Feature", "properties": { "reach": 466, "gravity_logistic": 118.35437419781947, "gravity_exponential": 231.45500584045641, "knn_logistic": 3.9547146069561614 }, "geometry": { "type": "Point", "coordinates": [ 735.295025435036791, 2197.727203402163468 ] } },
{ "type": "Feature", "properties": { "reach": 427, "gravity_logistic": 81.452115809048252, "gravity_exponential": 197.71065320188981, "knn_logistic": 3.7401621079008494 }, "geometry": { "type": "Point", "coordinates": [ 2143.448606139050753, 1117.993155992185621 ] } },
{ "type": "Feature", "properties": { "reach": 459, "gravity_logistic": 86.83570208335999, "gravity_exponential": 213.03259846799367, "knn_logistic": 3.2064309525467323 }, "geometry": { "type": "Point", "coordinates": [ 3687.413013617087017, 864.261114765145294 ] } },
{ "type": "Feature", "properties": { "reach": 231, "gravity_logistic": 40.986316468441892, "gravity_exponential": 105.96226381460791, "knn_logistic": 3.7052433356686065 }, "geometry": { "type": "Point", "coordinates": [ 3463.72164726476467, 16.919808844878101 ] } },
{ "type": "Feature", "properties": { "reach": 336, "gravity_logistic": 83.192279883201024, "gravity_exponential": 163.34645505710643, "knn_logistic": 1.8473462777707084 }, "geometry": { "type": "Point", "coordinates": [ 4606.248675919983725, 2802.652494980594383 ] } },
{ "type": "Feature", "properties": { "reach": 324, "gravity_logistic": 68.769375486240961, "gravity_exponential": 154.89016719841507, "knn_logistic": 3.4725688481087325 }, "geometry": { "type": "Point", "coordinates": [ 4787.624006036640822, 1013.712422821230462 ] } },
{ "type": "Feature", "properties": { "reach": 229, "gravity_logistic": 53.048278668533342, "gravity_exponential": 109.7435025720977, "knn_logistic": 3.1223882778404111 }, "geometry": { "type": "Point", "coordinates": [ 1980.163465414795155, 41.458022267325063 ] } },
{ "type": "Feature", "properties": { "reach": 475, "gravity_logistic": 87.851789703045526, "gravity_exponential": 218.46188606874219, "knn_logistic": 4.8033993664324761 }, "geometry": { "type": "Point", "coordinates": [ 2751.202093158195567, 2653.941278393524499 ] } },
{ "type": "Feature", "properties": { "reach": 458, "gravity_logistic": 87.99074863801863, "gravity_exponential": 212.94329855729987, "knn_logistic": 3.0366297016226897 }, "geometry": { "type": "Point", "coordinates": [ 3324.626811745224586, 1044.731804394653636 ] } },
{ "type": "Feature", "properties": { "reach": 484, "gravity_logistic": 92.583224735063666, "gravity_exponential": 224.45938871545485, "knn_logistic": 3.4924621218669318 }, "geometry": { "type": "Point", "coordinates": [ 3464.976039308126019, 1507.537096834764043 ] } },
{ "type": "Feature", "properties": { "reach": 293, "gravity_logistic": 78.674263772199751, "gravity_exponential": 145.02633501480736, "knn_logistic": 2.5057463756959235 }, "geometry": { "type": "Point", "coordinates": [ 4758.233533016044021, 2972.305110346901984 ] } },
{ "type": "Feature", "properties": { "reach": 309, "gravity_logistic": 74.187975657968792, "gravity_exponential": 153.30762136282567, "knn_logistic": 3.6261764005069681 }, "geometry": { "type": "Point", "coordinates": [ 604.536237487034441, 3770.962334400831878 ] } },
{ "type": "Feature", "properties": { "reach": 277, "gravity_logistic": 63.411369027366682, "gravity_exponential": 134.15964685925076, "knn_logistic": 1.9236030619692559 }, "geometry": { "type": "Point", "coordinates": [ 1027.874406243552585, 4067.847203685430941 ] } },
{ "type": "Feature", "properties": { "reach": 252, "gravity_logistic": 53.911586595771624, "gravity_exponential": 119.85203762559378, "knn_logistic": 2.0023685566114495 }, "geometry": { "type": "Point", "coordinates": [ 2786.601196230048572, 51.328756923544233 ] } },
{ "type": "Feature", "properties": { "reach": 345, "gravity_logistic": 71.956650350135334, "gravity_exponential": 162.24120570862092, "knn_logistic": 2.5105243430552764 }, "geometry": { "type": "Point", "coordinates": [ 1344.998344276257512, 411.064701978955384 ] } },
{ "type": "Feature", "properties": { "reach": 480, "gravity_logistic": 105.96420317106652, "gravity_exponential": 229.37031591287919, "knn_logistic": 2.6737639826009678 }, "geometry": { "type": "Point", "coordinates": [ 3961.913856484291955, 1164.799639032557025 ] } },
{ "type": "Feature", "properties": { "reach": 501, "gravity_logistic": 113.92535744046484, "gravity_exponential": 241.89230303676112, "knn_logistic": 3.8829780774949647 }, "geometry": { "type": "Point", "coordinates": [ 933.829157640228914, 1132.920045238046669 ] } },
{ "type": "Feature", "properties": { "reach": 465, "gravity_logistic": 100.44401616763459, "gravity_exponential": 220.92439808696656, "knn_logistic": 2.4592725623731315 }, "geometry": { "type": "Point", "coordinates": [ 3851.136773454883951, 1224.977072980286039 ] } },
{ "type": "Feature", "properties": { "reach": 286, "gravity_logistic": 56.687311143985504, "gravity_exponential": 133.82105596426649, "knn_logistic": 3.1096786919015691 }, "geometry": { "type": "Point", "coordinates": [ 4859.571973366816565, 1924.641668032804773 ] } },
{ "type": "Feature", "properties": { "reach": 447, "gravity_logistic": 86.983934030465562, "gravity_exponential": 209.38531832922646, "knn_logistic": 3.097571837220114 }, "geometry": { "type": "Point", "coordinates": [ 3740.316504815097232, 810.856761855130003 ] } },
{ "type": "Feature", "properties": { "reach": 351, "gravity_logistic": 84.152269362608834, "gravity_exponential": 172.44393226226316, "knn_logistic": 3.5006057418762264 }, "geometry": { "type": "Point", "coordinates": [ 3163.122778081976321, 3960.040290509084571 ] } },
{ "type": "Feature", "properties": { "reach": 383, "gravity_logistic": 76.985163622565537, "gravity_exponential": 180.04705773037139, "knn_logistic": 3.3755049480726234 }, "geometry": { "type": "Point", "coordinates": [ 450.029916926128692, 2817.120472160561803 ] } },
{ "type": "Feature", "properties": { "reach": 228, "gravity_logistic": 67.462227161703836, "gravity_exponential": 117.16986908021917, "knn_logistic": 3.3770071637737997 }, "geometry": { "type": "Point", "coordinates": [ 4806.043640168553793, 440.121652255081074 ] } },
{ "type": "Feature", "properties": { "reach": 477, "gravity_logistic": 81.886486943068121, "gravity_exponential": 217.70830092995504, "knn_logistic": 3.0646680470657324 }, "geometry": { "type": "Point", "coordinates": [ 1539.912528926570076, 1326.71638221830699 ] } },
{ "type": "Feature", "properties": { "reach": 448, "gravity_logistic": 82.701732055896599, "gravity_exponential": 206.2944798202478, "knn_logistic": 3.1389207570436404 }, "geometry": { "type": "Point", "coordinates": [ 3106.660585121397617, 2996.064639253412224 ] } },
{ "type": "Feature", "properties": { "reach": 467, "gravity_logistic": 92.001533341303372, "gravity_exponential": 217.17492135279983, "knn_logistic": 3.7127221731552287 }, "geometry": { "type": "Point", "coordinates": [ 3270.307629811314655, 2306.393919106713838 ] } },
{ "type": "Feature", "properties": { "reach": 427, "gravity_logistic": 92.967074467867548, "gravity_exponential": 203.46219793456669, "knn_logistic": 2.2977569578859245 }, "geometry": { "type": "Point", "coordinates": [ 3024.085426133097826, 3658.278687025052022 ] } },
{ "type": "Feature", "properties": { "reach": 402, "gravity_logistic": 104.39328770674139, "gravity_exponential": 199.54685658044198, "knn_logistic": 2.7071957434550273 }, "geometry": { "type": "Point", "coordinates": [ 2181.796020162054901, 3794.729059984904779 ] } },
{ "type": "Feature", "properties": { "reach": 242, "gravity_logistic": 63.518891783679429, "gravity_exponential": 121.14823310048988, "knn_logistic": 2.7438118534518954 }, "geometry": { "type": "Point", "coordinates": [ 92.085708343915883, 3192.674772932103224 ] } },
{ "type": "Feature", "properties": { "reach": 304, "gravity_logistic": 85.052693693761384, "gravity_exponential": 155.77148786726588, "knn_logistic": 4.3198284626132208 }, "geometry": { "type": "Point", "coordinates": [ 4489.254838800610742, 496.929732060373567 ] } },
{ "type": "Feature", "properties": { "reach": 469, "gravity_logistic": 87.191862656975943, "gravity_exponential": 217.82022925423996, "knn_logistic": 2.1920292332448366 }, "geometry": { "type": "Point", "coordinates": [ 3312.820735275931384, 1266.351421623011674 ] } },
{ "type": "Feature", "properties": { "reach": 251, "gravity_logistic": 58.749769532143169, "gravity_exponential": 123.13538868678216, "knn_logistic": 3.6583087966565593 }, "geometry": { "type": "Point", "coordinates": [ 31.915013656798287, 934.888202373046397 ] } },
{ "type": "Feature", "properties": { "reach": 374, "gravity_logistic": 77.154006119467638, "gravity_exponential": 177.396030790407, "knn_logistic": 3.4555982587520342 }, "geometry": { "type": "Point", "coordinates": [ 837.65138737059101, 3632.866148561795399 ] } },
{ "type": "Feature", "properties": { "reach": 456, "gravity_logistic": 90.914301324375273, "gravity_exponential": 213.28641341854907, "knn_logistic": 2.7670820592516843 }, "geometry": { "type": "Point", "coordinates": [ 3300.167365351537683, 2285.191667128419795 ] } },
{ "type": "Feature", "properties": { "reach": 286, "gravity_logistic": 77.955640022366367, "gravity_exponential": 142.73379379004547, "knn_logistic": 2.490838695981147 }, "geometry": { "type": "Point", "coordinates": [ 4731.08002464888159, 2839.063211339679583 ] } },
{ "type": "Feature", "properties": { "reach": 249, "gravity_logistic": 62.724241924141886, "gravity_exponential": 124.37110974607315, "knn_logistic": 3.6486459437383578 }, "geometry": { "type": "Point", "coordinates": [ 4599.125856212017425, 4067.561339684944869 ] } },
{ "type": "Feature", "properties": { "reach": 457, "gravity_logistic": 88.746965182556622, "gravity_exponential": 214.31074688941578, "knn_logistic": 2.7594924171709865 }, "geometry": { "type": "Point", "coordinates": [ 2051.054185220723866, 2035.372015721910202 ] } },
{ "type": "Feature", "properties": { "reach": 465, "gravity_logistic": 92.6414900229707, "gravity_exponential": 215.52201315629105, "knn_logistic": 3.2572523613976356 }, "geometry": { "type": "Point", "coordinates": [ 3575.553727341764898, 3069.610270787545687 ] } },
{ "type": "Feature", "properties": { "reach": 232, "gravity_logistic": 52.293293594073802, "gravity_exponential": 111.41451712005404, "knn_logistic": 2.9592070918856956 }, "geometry": { "type": "Point", "coordinates": [ 3825.734968590472363, 53.867104107037456 ] } },
{ "type": "Feature", "properties": { "reach": 449, "gravity_logistic": 88.76730811260957, "gravity_exponential": 209.87961853304887, "knn_logistic": 3.9218170535362353 }, "geometry": { "type": "Point", "coordinates": [ 3134.101283702803357, 2344.991177186423556 ] } },
{ "type": "Feature", "properties": { "reach": 462, "gravity_logistic": 106.25560756500956, "gravity_exponential": 222.9744322974849, "knn_logistic": 2.8964160609900897 }, "geometry": { "type": "Point", "coordinates": [ 635.260183760199425, 1650.497453290141038 ] } },
{ "type": "Feature", "properties": { "reach": 250, "gravity_logistic": 66.865280285745854, "gravity_exponential": 123.94697591498297, "knn_logistic": 2.1162591431495898 }, "geometry": { "type": "Point", "coordinates": [ 4855.9851287289639, 2862.813236234285796 ] } },
{ "type": "Feature", "properties": { "reach": 352, "gravity_logistic": 91.403799145330311, "gravity_exponential": 176.43873735106092, "knn_logistic": 3.992798259734061 }, "geometry": { "type": "Point", "coordinates": [ 4178.818241304622461, 3819.964469581694175 ] } },
{ "type": "Feature", "properties": { "reach": 413, "gravity_logistic": 76.077020944348973, "gravity_exponential": 191.46522418512507, "knn_logistic": 3.164757191584135 }, "geometry": { "type": "Point", "coordinates": [ 4212.167329971558502, 2723.32587233982531 ] } },
{ "type": "Feature", "properties": { "reach": 293, "gravity_logistic": 80.864561581359823, "gravity_exponential": 147.24924989051362, "knn_logistic": 2.7849421846363502 }, "geometry": { "type": "Point", "coordinates": [ 163.170972043343681, 793.5633857508451 ] } },
{ "type": "Feature", "properties": { "reach": 281, "gravity_logistic": 68.105399075758385, "gravity_exponential": 138.82362566515954, "knn_logistic": 1.9020297804711199 }, "geometry": { "type": "Point", "coordinates": [ 660.803594513723397, 3921.727828541393137 ] } },
{ "type": "Feature", "properties": { "reach": 325, "gravity_logistic": 69.803596009148492, "gravity_exponential": 155.08915849887327, "knn_logistic": 2.7565454300931336 }, "geometry": { "type": "Point", "coordinates": [ 267.462916264897956, 2807.349939953568537 ] } },
{ "type": "Feature", "properties": { "reach": 421, "gravity_logistic": 98.787414974577786, "gravity_exponential": 205.94854480537089, "knn_logistic": 3.3153614210075166 }, "geometry": { "type": "Point", "coordinates": [ 2472.257109244177173, 3700.022425245015711 ] } },
{ "type": "Feature", "properties": { "reach": 250, "gravity_logistic": 56.02858435247061, "gravity_exponential": 119.98125387872788, "knn_logistic": 4.7073091998349463 }, "geometry": { "type": "Point", "coordinates": [ 2196.989754457270919, 82.054563134067408 ] } },
{ "type": "Feature", "properties": { "reach": 294, "gravity_logistic": 62.256988510755043, "gravity_exponential": 139.73378647077857, "knn_logistic": 3.1721392463387277 }, "geometry": { "type": "Point", "coordinates": [ 1761.710866939309881, 4146.082938887557248 ] } },
{ "type": "Feature", "properties": { "reach": 207, "gravity_logistic": 50.585122860777915, "gravity_exponential": 101.71687895195134, "knn_logistic": 2.8273260051225266 }, "geometry": { "type": "Point", "coordinates": [ 2.265412911741612, 476.294553032123645 ] } },
{ "type": "Feature", "properties": { "reach": 220, "gravity_logistic": 64.563113946184771, "gravity_exponential": 112.95489029920763, "knn_logistic": 4.3317659850580101 }, "geometry": { "type": "Point", "coordinates": [ 4782.701137170000948, 368.170581031555116 ] } },
{ "type": "Feature", "properties": { "reach": 401, "gravity_logistic": 103.53374307662195, "gravity_exponential": 199.79513010662234, "knn_logistic": 3.5217926828309167 }, "geometry": { "type": "Point", "coordinates": [ 548.353096001374297, 2375.618040886127801 ] } },
{ "type": "Feature", "properties": { "reach": 356, "gravity_logistic": 79.75107097815706, "gravity_exponential": 173.90949244665697, "knn_logistic": 2.1106571637928817 }, "geometry": { "type": "Point", "coordinates": [ 4621.014776569111746, 954.616587569141075 ] } },
{ "type": "Feature", "properties": { "reach": 232, "gravity_logistic": 39.122538343316421, "gravity_exponential": 104.81476573455453, "knn_logistic": 3.402160789702156 }, "geometry": { "type": "Point", "coordinates": [ 1717.289864522454309, 4344.146050315287539 ] } },
{ "type": "Feature", "properties": { "reach": 381, "gravity_logistic": 83.173774428370876, "gravity_exponential": 183.92142836738708, "knn_logistic": 3.5162502467330583 }, "geometry": { "type": "Point", "coordinates": [ 4308.887101839455681, 3542.41028252342312 ] } },
{ "type": "Feature", "properties": { "reach": 523, "gravity_logistic": 101.75491748830355, "gravity_exponential": 243.99804614477148, "knn_logistic": 4.0732458096659929 }, "geometry": { "type": "Point", "coordinates": [ 1120.163971635063945, 1702.703167192295041 ] } },
{ "type": "Feature", "properties": { "reach": 451, "gravity_logistic": 94.669958486086159, "gravity_exponential": 213.52932591586242, "knn_logistic": 3.3345201405199703 }, "geometry": { "type": "Point", "coordinates": [ 3247.263470257918925, 2020.44294461450977 ] } },
{ "type": "Feature", "properties": { "reach": 441, "gravity_logistic": 84.304950204110071, "gravity_exponential": 205.71665565442396, "knn_logistic": 3.3751582052721734 }, "geometry": { "type": "Point", "coordinates": [ 3439.748043537930243, 878.816204389836571 ] } },
{ "type": "Feature", "properties": { "reach": 352, "gravity_logistic": 69.467477393921598, "gravity_exponential": 166.37292925724248, "knn_logistic": 4.5378913732382689 }, "geometry": { "type": "Point", "coordinates": [ 3605.477713616544406, 386.194728366494246 ] } },
{ "type": "Feature", "properties": { "reach": 251, "gravity_logistic": 42.955749569231941, "gravity_exponential": 114.65150686569208, "knn_logistic": 2.7875557032591631 }, "geometry": { "type": "Point", "coordinates": [ 24.474866149185459, 2090.899705492123758 ] } },
{ "type": "Feature", "properties": { "reach": 493, "gravity_logistic": 101.44458815577227, "gravity_exponential": 232.91254176876569, "knn_logistic": 4.3657651437706395 }, "geometry": { "type": "Point", "coordinates": [ 1416.359887586493187, 2128.435602479366935 ] } },
{ "type": "Feature", "properties": { "reach": 439, "gravity_logistic": 76.891607390023751, "gravity_exponential": 201.19133489764772, "knn_logistic": 1.7689338711538594 }, "geometry": { "type": "Point", "coordinates": [ 4023.976113147534306, 2475.377747077806362 ] } },
{ "type": "Feature", "properties": { "reach": 268, "gravity_logistic": 52.409820612524562, "gravity_exponential": 125.20135936298352, "knn_logistic": 2.5035606338527505 }, "geometry": { "type": "Point", "coordinates": [ 70.038424691837633, 2368.996684513108448 ] } },
{ "type": "Feature", "properties": { "reach": 224, "gravity_logistic": 48.565591602675156, "gravity_exponential": 106.13469388966286, "knn_logistic": 3.0176681131804797 }, "geometry": { "type": "Point", "coordinates": [ 3915.966481587540329, -1.725400178497397 ] } },
{ "type": "Feature", "properties": { "reach": 480, "gravity_logistic": 94.578611286615356, "gravity_exponential": 226.59860396863417, "knn_logistic": 3.7517134306065714 }, "geometry": { "type": "Point", "coordinates": [ 3737.631840347794423, 1568.016297547482509 ] } },
{ "type": "Feature", "properties": { "reach": 386, "gravity_logistic": 86.349417070519593, "gravity_exponential": 185.95800604144887, "knn_logistic": 2.6940811839445775 }, "geometry": { "type": "Point", "coordinates": [ 2601.901827577667063, 661.67363253304984 ] } },
{ "type": "Feature", "properties": { "reach": 473, "gravity_logistic": 99.814654107867781, "gravity_exponential": 224.24400103846358, "knn_logistic": 2.7491847541483287 }, "geometry": { "type": "Point", "coordinates": [ 1977.344239068967454, 2935.174897245380635 ] } },
{ "type": "Feature", "properties": { "reach": 357, "gravity_logistic": 79.458238454897895, "gravity_exponential": 169.87678344587255, "knn_logistic": 1.6124145413913591 }, "geometry": { "type": "Point", "coordinates": [ 4566.719752277679618, 2580.035833664556776 ] } },
{ "type": "Feature", "properties": { "reach": 442, "gravity_logistic": 80.362931143361465, "gravity_exponential": 202.4328664423966, "knn_logistic": 3.5545488868985324 }, "geometry": { "type": "Point", "coordinates": [ 2040.988342228006331, 935.15996846108078 ] } },
{ "type": "Feature", "properties": { "reach": 444, "gravity_logistic": 99.680524228972786, "gravity_exponential": 215.5305604459347, "knn_logistic": 3.9315284251579481 }, "geometry": { "type": "Point", "coordinates": [ 2087.846013475148538, 3559.88357813693392 ] } },
{ "type": "Feature", "properties": { "reach": 423, "gravity_logistic": 91.31471900671319, "gravity_exponential": 201.44290209082016, "knn_logistic": 2.4781512700043766 }, "geometry": { "type": "Point", "coordinates": [ 4001.626207217646879, 3573.581082682921533 ] } },
{ "type": "Feature", "properties": { "reach": 431, "gravity_logistic": 79.718411067331374, "gravity_exponential": 197.99361185535784, "knn_logistic": 2.9691088422173899 }, "geometry": { "type": "Point", "coordinates": [ 1901.335971091765941, 1242.634885657513223 ] } },
{ "type": "Feature", "properties": { "reach": 321, "gravity_logistic": 66.190355130757439, "gravity_exponential": 151.59658775416199, "knn_logistic": 2.0937224173553597 }, "geometry": { "type": "Point", "coordinates": [ 1175.789227524968737, 275.325767027489064 ] } },
{ "type": "Feature", "properties": { "reach": 417, "gravity_logistic": 88.138319107762527, "gravity_exponential": 200.20032933055944, "knn_logistic": 4.125173407537015 }, "geometry": { "type": "Point", "coordinates": [ 3631.697485212381252, 3763.114643942624298 ] } },
{ "type": "Feature", "properties": { "reach": 438, "gravity_logistic": 86.831346758571826, "gravity_exponential": 205.43633599566292, "knn_logistic": 3.4341405884625145 }, "geometry": { "type": "Point", "coordinates": [ 2887.199196705472332, 1267.127521729464888 ] } },
{ "type": "Feature", "properties": { "reach": 451, "gravity_logistic": 89.168883766397229, "gravity_exponential": 211.04283996639617, "knn_logistic": 4.3010900834400889 }, "geometry": { "type": "Point", "coordinates": [ 3186.485813036669242, 1619.800127712948324 ] } },
{ "type": "Feature", "properties": { "reach": 397, "gravity_logistic": 84.547844703672766, "gravity_exponential": 190.33019223081612, "knn_logistic": 2.5457338214063521 }, "geometry": { "type": "Point", "coordinates": [ 3411.289900406547986, 3830.428421621396865 ] } },
{ "type": "Feature", "properties": { "reach": 352, "gravity_logistic": 78.950145833146863, "gravity_exponential": 169.67375528014105, "knn_logistic": 2.3811059384516549 }, "geometry": { "type": "Point", "coordinates": [ 276.479671148267244, 1801.53980568197494 ] } },
{ "type": "Feature", "properties": { "reach": 465, "gravity_logistic": 93.965156095363994, "gravity_exponential": 219.10819199949293, "knn_logistic": 3.0203692703877962 }, "geometry": { "type": "Point", "coordinates": [ 3573.380721631253436, 1805.925945800916224 ] } },
{ "type": "Feature", "properties": { "reach": 478, "gravity_logistic": 94.508844216812818, "gravity_exponential": 225.44021782094509, "knn_logistic": 3.2961544105595384 }, "geometry": { "type": "Point", "coordinates": [ 3763.647387679756775, 1536.385367496017352 ] } },
{ "type": "Feature", "properties": { "reach": 308, "gravity_logistic": 80.431185245684517, "gravity_exponential": 152.63030733793335, "knn_logistic": 4.163703471564947 }, "geometry": { "type": "Point", "coordinates": [ 338.650902943397909, 3302.467445590217267 ] } },
{ "type": "Feature", "properties": { "reach": 310, "gravity_logistic": 72.533904925453712, "gravity_exponential": 149.90244488483779, "knn_logistic": 3.6489888740270322 }, "geometry": { "type": "Point", "coordinates": [ 4783.943048624401854, 1799.940644617626276 ] } },
{ "type": "Feature", "properties": { "reach": 202, "gravity_logistic": 47.09038241742887, "gravity_exponential": 98.021977901597225, "knn_logistic": 3.1376092802112128 }, "geometry": { "type": "Point", "coordinates": [ 843.694909049299781, 4288.406734595023408 ] } },
{ "type": "Feature", "properties": { "reach": 434, "gravity_logistic": 80.767129703589887, "gravity_exponential": 200.57463025678032, "knn_logistic": 3.5609466085488495 }, "geometry": { "type": "Point", "coordinates": [ 1758.084322373833402, 971.463675945322734 ] } },
{ "type": "Feature", "properties": { "reach": 396, "gravity_logistic": 93.498284846273407, "gravity_exponential": 192.0285446406744, "knn_logistic": 1.5401309729365986 }, "geometry": { "type": "Point", "coordinates": [ 4014.685675425688714, 588.428578235511964 ] } },
{ "type": "Feature", "properties": { "reach": 477, "gravity_logistic": 94.394852689691177, "gravity_exponential": 225.90726221245686, "knn_logistic": 4.0151191376405535 }, "geometry": { "type": "Point", "coordinates": [ 3700.519458184831819, 1648.987284846750526 ] } },
{ "type": "Feature", "properties": { "reach": 419, "gravity_logistic": 81.165442544140561, "gravity_exponential": 196.2945318098709, "knn_logistic": 2.7272729331029848 }, "geometry": { "type": "Point", "coordinates": [ 4239.335760970178853, 2762.208923859486731 ] } },
{ "type": "Feature", "properties": { "reach": 327, "gravity_logistic": 80.815865432020104, "gravity_exponential": 161.41570436406388, "knn_logistic": 2.9583138590733467 }, "geometry": { "type": "Point", "coordinates": [ 4732.588515245975941, 1616.551694739147933 ] } },
{ "type": "Feature", "properties": { "reach": 381, "gravity_logistic": 94.639739121989152, "gravity_exponential": 186.85083352652995, "knn_logistic": 3.3667590641552416 }, "geometry": { "type": "Point", "coordinates": [ 2859.51806110340749, 627.446276471535043 ] } },
{ "type": "Feature", "properties": { "reach": 450, "gravity_logistic": 89.115668435575145, "gravity_exponential": 210.27881885554609, "knn_logistic": 1.0680496735953255 }, "geometry": { "type": "Point", "coordinates": [ 3025.900475214853486, 2850.573490902647336 ] } },
{ "type": "Feature", "properties": { "reach": 478, "gravity_logistic": 93.12879444852544, "gravity_exponential": 223.02272153849961, "knn_logistic": 3.1893233803298742 }, "geometry": { "type": "Point", "coordinates": [ 2256.286993418100792, 2230.547617748692119 ] } },
{ "type": "Feature", "properties": { "reach": 340, "gravity_logistic": 84.274296462721978, "gravity_exponential": 168.97372205018385, "knn_logistic": 3.6792985742862121 }, "geometry": { "type": "Point", "coordinates": [ 4412.66517213111365, 3739.236499441003616 ] } },
{ "type": "Feature", "properties": { "reach": 437, "gravity_logistic": 82.344768274517108, "gravity_exponential": 203.255561250836, "knn_logistic": 1.7964602856412712 }, "geometry": { "type": "Point", "coordinates": [ 2443.515137670144668, 1211.208079046411967 ] } },
{ "type": "Feature", "properties": { "reach": 469, "gravity_logistic": 89.551077491431045, "gravity_exponential": 217.26788478572959, "knn_logistic": 2.6139118692167731 }, "geometry": { "type": "Point", "coordinates": [ 3286.920133895440813, 1483.342340955520967 ] } },
{ "type": "Feature", "properties": { "reach": 432, "gravity_logistic": 84.770799035207318, "gravity_exponential": 203.53205135376152, "knn_logistic": 2.2245972565239445 }, "geometry": { "type": "Point", "coordinates": [ 2747.224943136722231, 2061.425221386421526 ] } },
{ "type": "Feature", "properties": { "reach": 354, "gravity_logistic": 85.826950598939277, "gravity_exponential": 173.53569157011407, "knn_logistic": 1.449933412422661 }, "geometry": { "type": "Point", "coordinates": [ 362.215670065881511, 2417.461989257525147 ] } },
{ "type": "Feature", "properties": { "reach": 424, "gravity_logistic": 109.08717822750704, "gravity_exponential": 210.94759892278205, "knn_logistic": 4.4997150561310644 }, "geometry": { "type": "Point", "coordinates": [ 4344.625302050335449, 1685.301257880106277 ] } },
{ "type": "Feature", "properties": { "reach": 430, "gravity_logistic": 103.56292123326305, "gravity_exponential": 208.81414275177289, "knn_logistic": 2.9269043905152086 }, "geometry": { "type": "Point", "coordinates": [ 4391.348098931071945, 1377.674843834365902 ] } },
{ "type": "Feature", "properties": { "reach": 362, "gravity_logistic": 79.006906788375062, "gravity_exponential": 171.85353957723956, "knn_logistic": 2.9087867839794472 }, "geometry": { "type": "Point", "coordinates": [ 1281.928370394240801, 440.020988246967022 ] } },
{ "type": "Feature", "properties": { "reach": 456, "gravity_logistic": 87.250523280031985, "gravity_exponential": 211.41232857398529, "knn_logistic": 3.8187744364960454 }, "geometry": { "type": "Point", "coordinates": [ 3137.319195522442897, 1499.107717800385899 ] } },
{ "type": "Feature", "properties": { "reach": 465, "gravity_logistic": 89.665120548106728, "gravity_exponential": 216.52745131717845, "knn_logistic": 4.100576979889226 }, "geometry": { "type": "Point", "coordinates": [ 943.30490171028714, 2804.505581039068602 ] } },
{ "type": "Feature", "properties": { "reach": 351, "gravity_logistic": 87.82135125075412, "gravity_exponential": 173.28401247443401, "knn_logistic": 2.0587945940563293 }, "geometry": { "type": "Point", "coordinates": [ 261.481228546507111, 983.604886316950228 ] } },
{ "type": "Feature", "properties": { "reach": 462, "gravity_logistic": 109.23820784417224, "gravity_exponential": 226.80245648787798, "knn_logistic": 3.5267915332195194 }, "geometry": { "type": "Point", "coordinates": [ 661.133154677425637, 1126.37874762975116 ] } },
{ "type": "Feature", "properties": { "reach": 517, "gravity_logistic": 106.20661527788354, "gravity_exponential": 244.10316414968403, "knn_logistic": 3.1060277897060233 }, "geometry": { "type": "Point", "coordinates": [ 1238.527759010226646, 2091.894227393741403 ] } },
{ "type": "Feature", "properties": { "reach": 348, "gravity_logistic": 85.369246359137122, "gravity_exponential": 171.0109984714357, "knn_logistic": 2.1920195840438268 }, "geometry": { "type": "Point", "coordinates": [ 331.96224969982859, 2388.826929790526265 ] } },
{ "type": "Feature", "properties": { "reach": 478, "gravity_logistic": 84.714901091339556, "gravity_exponential": 217.73600452148341, "knn_logistic": 2.0422549773897769 }, "geometry": { "type": "Point", "coordinates": [ 1154.782577458495325, 2984.986380879093304 ] } },
{ "type": "Feature", "properties": { "reach": 228, "gravity_logistic": 53.007734830355716, "gravity_exponential": 109.67879613831458, "knn_logistic": 3.9396314595835822 }, "geometry": { "type": "Point", "coordinates": [ 1.384091972375228, 3163.6245085243836 ] } },
{ "type": "Feature", "properties": { "reach": 418, "gravity_logistic": 91.015307637877783, "gravity_exponential": 201.02234281534263, "knn_logistic": 3.0199005687339162 }, "geometry": { "type": "Point", "coordinates": [ 3026.900534760571645, 855.974916068732227 ] } },
{ "type": "Feature", "properties": { "reach": 249, "gravity_logistic": 59.462614651268638, "gravity_exponential": 121.21626673959996, "knn_logistic": 2.7284420257449362 }, "geometry": { "type": "Point", "coordinates": [ 3905.387754167764797, 4317.179135522778779 ] } },
{ "type": "Feature", "properties": { "reach": 468, "gravity_logistic": 95.63584462100755, "gravity_exponential": 221.20675908547997, "knn_logistic": 2.3066982755600143 }, "geometry": { "type": "Point", "coordinates": [ 2128.491993288469075, 2641.03796008001018 ] } },
{ "type": "Feature", "properties": { "reach": 415, "gravity_logistic": 78.484282780888506, "gravity_exponential": 192.16663248918147, "knn_logistic": 2.3110352777997507 }, "geometry": { "type": "Point", "coordinates": [ 1977.899949462836958, 815.90990921336595 ] } },
{ "type": "Feature", "properties": { "reach": 474, "gravity_logistic": 82.960665290503229, "gravity_exponential": 216.79240443608757, "knn_logistic": 1.7705848931467445 }, "geometry": { "type": "Point", "coordinates": [ 1542.458245000030956, 1278.364276561785573 ] } },
{ "type": "Feature", "properties": { "reach": 244, "gravity_logistic": 66.509176582183812, "gravity_exponential": 121.75131862637798, "knn_logistic": 2.7996319862936354 }, "geometry": { "type": "Point", "coordinates": [ 53.503228068772366, 627.454436433703563 ] } },
{ "type": "Feature", "properties": { "reach": 489, "gravity_logistic": 111.91593719214045, "gravity_exponential": 237.9211991775546, "knn_logistic": 4.3298292373155167 }, "geometry": { "type": "Point", "coordinates": [ 824.160109954977315, 1239.416425250734392 ] } },
{ "type": "Feature", "properties": { "reach": 396, "gravity_logistic": 91.970232517423909, "gravity_exponential": 193.75685688997692, "knn_logistic": 4.2248093805349143 }, "geometry": { "type": "Point", "coordinates": [ 3028.36669044689279, 695.240512639527878 ] } },
{ "type": "Feature", "properties": { "reach": 454, "gravity_logistic": 84.152757845503444, "gravity_exponential": 209.83198219559461, "knn_logistic": 2.96139447048439 }, "geometry": { "type": "Point", "coordinates": [ 1904.689493478150553, 1704.867529895364896 ] } },
{ "type": "Feature", "properties": { "reach": 216, "gravity_logistic": 63.879812592765177, "gravity_exponential": 111.21243027275048, "knn_logistic": 2.8331173229081941 }, "geometry": { "type": "Point", "coordinates": [ 4893.755229683937614, 523.551826268131322 ] } },
{ "type": "Feature", "properties": { "reach": 451, "gravity_logistic": 89.891859482328499, "gravity_exponential": 210.22536068022106, "knn_logistic": 3.7626357848348286 }, "geometry": { "type": "Point", "coordinates": [ 3790.902055672322604, 3265.438764460489892 ] } },
{ "type": "Feature", "properties": { "reach": 452, "gravity_logistic": 95.167779294366113, "gravity_exponential": 214.89108472071433, "knn_logistic": 3.0444332352106453 }, "geometry": { "type": "Point", "coordinates": [ 3520.117491929850075, 1843.645545095331045 ] } },
{ "type": "Feature", "properties": { "reach": 455, "gravity_logistic": 81.056766922940511, "gravity_exponential": 207.2240747889845, "knn_logistic": 3.9358143899211004 }, "geometry": { "type": "Point", "coordinates": [ 1212.885092087206203, 3173.706384454038016 ] } },
{ "type": "Feature", "properties": { "reach": 372, "gravity_logistic": 89.4226543261899, "gravity_exponential": 181.50449966391727, "knn_logistic": 1.7402101390567921 }, "geometry": { "type": "Point", "coordinates": [ 340.511249373671433, 1872.572524808519802 ] } },
{ "type": "Feature", "properties": { "reach": 251, "gravity_logistic": 43.934198058996344, "gravity_exponential": 114.48649086447926, "knn_logistic": 2.4647844274730586 }, "geometry": { "type": "Point", "coordinates": [ 10.334987052259319, 2255.507638643871815 ] } },
{ "type": "Feature", "properties": { "reach": 376, "gravity_logistic": 88.227472832423928, "gravity_exponential": 185.86139898231301, "knn_logistic": 2.2001440044411837 }, "geometry": { "type": "Point", "coordinates": [ 850.920419973495655, 497.455122858494008 ] } },
{ "type": "Feature", "properties": { "reach": 444, "gravity_logistic": 92.110675894997954, "gravity_exponential": 210.36448159521689, "knn_logistic": 1.8641300609021085 }, "geometry": { "type": "Point", "coordinates": [ 4067.485379668488349, 2001.715709364305667 ] } },
{ "type": "Feature", "properties": { "reach": 426, "gravity_logistic": 98.16213181231808, "gravity_exponential": 207.92691591773988, "knn_logistic": 1.2744567430380733 }, "geometry": { "type": "Point", "coordinates": [ 4372.043728519380238, 1154.013683169481965 ] } },
{ "type": "Feature", "properties": { "reach": 470, "gravity_logistic": 85.099873768081778, "gravity_exponential": 217.74714354404432, "knn_logistic": 4.2138437385816143 }, "geometry": { "type": "Point", "coordinates": [ 1403.330477737504225, 2971.003279527614268 ] } },
{ "type": "Feature", "properties": { "reach": 452, "gravity_logistic": 115.8528998956143, "gravity_exponential": 225.49348235608656, "knn_logistic": 4.6587223303224512 }, "geometry": { "type": "Point", "coordinates": [ 715.044457773415047, 2289.28061746952153 ] } },
{ "type": "Feature", "properties": { "reach": 316, "gravity_logistic": 83.674149308607667, "gravity_exponential": 157.94223731058059, "knn_logistic": 3.5310953857631739 }, "geometry": { "type": "Point", "coordinates": [ 2779.784826322222216, 326.982465491628318 ] } },
{ "type": "Feature", "properties": { "reach": 263, "gravity_logistic": 69.596555396050235, "gravity_exponential": 132.11622639639751, "knn_logistic": 2.9617804936675345 }, "geometry": { "type": "Point", "coordinates": [ 4041.155539263892024, 4234.873386044208019 ] } },
{ "type": "Feature", "properties": { "reach": 385, "gravity_logistic": 83.816454649566211, "gravity_exponential": 183.30058893545066, "knn_logistic": 3.0351231403168994 }, "geometry": { "type": "Point", "coordinates": [ 1449.931581365145576, 3737.283459220107943 ] } },
{ "type": "Feature", "properties": { "reach": 457, "gravity_logistic": 86.18546356210426, "gravity_exponential": 211.36075967663388, "knn_logistic": 4.377112844942519 }, "geometry": { "type": "Point", "coordinates": [ 3772.298049263487883, 2915.3375639359856 ] } },
{ "type": "Feature", "properties": { "reach": 430, "gravity_logistic": 88.105146875576722, "gravity_exponential": 202.0079800753582, "knn_logistic": 2.7710688657443372 }, "geometry": { "type": "Point", "coordinates": [ 2288.849920856721383, 1596.28286437439283 ] } },
{ "type": "Feature", "properties": { "reach": 380, "gravity_logistic": 89.3833260508476, "gravity_exponential": 185.39538620951512, "knn_logistic": 2.7293167149471458 }, "geometry": { "type": "Point", "coordinates": [ 4578.616248795036881, 1267.964233974756553 ] } },
{ "type": "Feature", "properties": { "reach": 260, "gravity_logistic": 60.688715023238956, "gravity_exponential": 125.83228480285142, "knn_logistic": 4.5158445465518717 }, "geometry": { "type": "Point", "coordinates": [ 3683.683539292776459, 4297.814318731850108 ] } },
{ "type": "Feature", "properties": { "reach": 311, "gravity_logistic": 69.68941369212078, "gravity_exponential": 150.67966362943372, "knn_logistic": 2.7855333747198272 }, "geometry": { "type": "Point", "coordinates": [ 289.453601279590771, 2970.470819607464819 ] } },
{ "type": "Feature", "properties": { "reach": 480, "gravity_logistic": 90.560006749841619, "gravity_exponential": 224.40645609870634, "knn_logistic": 2.9635973214573523 }, "geometry": { "type": "Point", "coordinates": [ 2419.495984524431151, 3266.977178988416199 ] } },
{ "type": "Feature", "properties": { "reach": 247, "gravity_logistic": 46.623373053322311, "gravity_exponential": 114.9081210154599, "knn_logistic": 3.3943586689914591 }, "geometry": { "type": "Point", "coordinates": [ 1647.650181453204368, 4277.628448769358329 ] } },
{ "type": "Feature", "properties": { "reach": 437, "gravity_logistic": 92.187290010070157, "gravity_exponential": 206.59312098596288, "knn_logistic": 3.5195734358795687 }, "geometry": { "type": "Point", "coordinates": [ 3465.601710793314396, 3041.399351959538308 ] } },
{ "type": "Feature", "properties": { "reach": 409, "gravity_logistic": 81.672538696545416, "gravity_exponential": 192.92697023379722, "knn_logistic": 2.4071589216229734 }, "geometry": { "type": "Point", "coordinates": [ 4298.231751535231524, 2868.637928809228924 ] } },
{ "type": "Feature", "properties": { "reach": 325, "gravity_logistic": 74.103464156964961, "gravity_exponential": 155.96473013021608, "knn_logistic": 4.0005213603752567 }, "geometry": { "type": "Point", "coordinates": [ 3189.579193196235792, 290.682586956323064 ] } },
{ "type": "Feature", "properties": { "reach": 332, "gravity_logistic": 68.521184703268105, "gravity_exponential": 158.86876903757062, "knn_logistic": 4.0458607144882368 }, "geometry": { "type": "Point", "coordinates": [ 4760.328442869998071, 1099.639095044901978 ] } },
{ "type": "Feature", "properties": { "reach": 301, "gravity_logistic": 88.221398121771244, "gravity_exponential": 153.90231228067285, "knn_logistic": 2.5240008554735507 }, "geometry": { "type": "Point", "coordinates": [ 216.837843060157695, 671.723736414652876 ] } },
{ "type": "Feature", "properties": { "reach": 496, "gravity_logistic": 101.84124815341133, "gravity_exponential": 233.13912959496622, "knn_logistic": 2.9633437356422982 }, "geometry": { "type": "Point", "coordinates": [ 1534.102455790134854, 2134.776935760111883 ] } },
{ "type": "Feature", "properties": { "reach": 441, "gravity_logistic": 89.62853586944307, "gravity_exponential": 206.64865315754355, "knn_logistic": 1.3571042768206927 }, "geometry": { "type": "Point", "coordinates": [ 3191.358202469762091, 3561.779094298812197 ] } },
{ "type": "Feature", "properties": { "reach": 430, "gravity_logistic": 82.121433986131962, "gravity_exponential": 199.73549779549441, "knn_logistic": 2.8091491978294414 }, "geometry": { "type": "Point", "coordinates": [ 2475.85829773539399, 835.284981113986305 ] } },
{ "type": "Feature", "properties": { "reach": 219, "gravity_logistic": 42.494586846013682, "gravity_exponential": 102.62696964919826, "knn_logistic": 3.4204588404739296 }, "geometry": { "type": "Point", "coordinates": [ 1316.245340530493877, 4319.995832659673397 ] } },
{ "type": "Feature", "properties": { "reach": 482, "gravity_logistic": 88.932003389126649, "gravity_exponential": 222.16937755340308, "knn_logistic": 4.0068471513761654 }, "geometry": { "type": "Point", "coordinates": [ 3554.1790508861327, 1375.982100319710298 ] } },
{ "type": "Feature", "properties": { "reach": 410, "gravity_logistic": 90.187084845386536, "gravity_exponential": 199.28363190315511, "knn_logistic": 4.1223362384492725 }, "geometry": { "type": "Point", "coordinates": [ 3686.102271177038347, 3711.073402803484896 ] } },
{ "type": "Feature", "properties": { "reach": 421, "gravity_logistic": 84.238285406122046, "gravity_exponential": 198.07980672987915, "knn_logistic": 2.8235995587250775 }, "geometry": { "type": "Point", "coordinates": [ 3309.870598822959892, 771.600998562494169 ] } },
{ "type": "Feature", "properties": { "reach": 479, "gravity_logistic": 81.638131588465342, "gravity_exponential": 217.10202265286736, "knn_logistic": 1.8877601499955956 }, "geometry": { "type": "Point", "coordinates": [ 1648.236717351777315, 1366.988349428247602 ] } },
{ "type": "Feature", "properties": { "reach": 497, "gravity_logistic": 108.1871408085081, "gravity_exponential": 236.26574971431771, "knn_logistic": 1.7179154665038612 }, "geometry": { "type": "Point", "coordinates": [ 1623.249861782545622, 2585.304994168057419 ] } },
{ "type": "Feature", "properties": { "reach": 292, "gravity_logistic": 54.730918761788487, "gravity_exponential": 135.61996371748228, "knn_logistic": 1.5063699024485868 }, "geometry": { "type": "Point", "coordinates": [ 1128.190142462012091, 166.462456051829662 ] } },
{ "type": "Feature", "properties": { "reach": 475, "gravity_logistic": 86.43032866818875, "gravity_exponential": 220.97254210794799, "knn_logistic": 2.7025992009724189 }, "geometry": { "type": "Point", "coordinates": [ 2473.73902017169894, 3153.949216888312549 ] } },
{ "type": "Feature", "properties": { "reach": 418, "gravity_logistic": 102.03560378873526, "gravity_exponential": 205.68159665542089, "knn_logistic": 4.1468499165421946 }, "geometry": { "type": "Point", "coordinates": [ 637.792100773240804, 2530.475507490626569 ] } },
{ "type": "Feature", "properties": { "reach": 414, "gravity_logistic": 95.160664740561472, "gravity_exponential": 201.86770128085405, "knn_logistic": 1.7539608863339766 }, "geometry": { "type": "Point", "coordinates": [ 4165.842468985742926, 771.205225966278022 ] } },
{ "type": "Feature", "properties": { "reach": 203, "gravity_logistic": 58.878583764439142, "gravity_exponential": 104.20983975264848, "knn_logistic": 3.2011987623437053 }, "geometry": { "type": "Point", "coordinates": [ 4935.371731062914478, 538.585383131406502 ] } },
{ "type": "Feature", "properties": { "reach": 460, "gravity_logistic": 88.948958550287898, "gravity_exponential": 213.86416165001978, "knn_logistic": 3.1962035349252282 }, "geometry": { "type": "Point", "coordinates": [ 2502.589280072303609, 2422.362000995619383 ] } },
{ "type": "Feature", "properties": { "reach": 263, "gravity_logistic": 56.250035493091602, "gravity_exponential": 124.84518622792726, "knn_logistic": 3.048721086252514 }, "geometry": { "type": "Point", "coordinates": [ 4950.786609104489798, 918.342290679541975 ] } },
{ "type": "Feature", "properties": { "reach": 288, "gravity_logistic": 76.668121646643641, "gravity_exponential": 142.11265733532233, "knn_logistic": 2.690106746291693 }, "geometry": { "type": "Point", "coordinates": [ 4784.076995680031359, 2929.22756793585495 ] } },
{ "type": "Feature", "properties": { "reach": 355, "gravity_logistic": 90.066820482895508, "gravity_exponential": 175.85887027533252, "knn_logistic": 3.7092524691071986 }, "geometry": { "type": "Point", "coordinates": [ 4621.64717874841881, 1664.186875598118149 ] } },
{ "type": "Feature", "properties": { "reach": 408, "gravity_logistic": 94.217955660324662, "gravity_exponential": 197.32576217240026, "knn_logistic": 3.5259568048499474 }, "geometry": { "type": "Point", "coordinates": [ 4474.623998245368057, 1282.480676891959774 ] } },
{ "type": "Feature", "properties": { "reach": 337, "gravity_logistic": 77.324113509942592, "gravity_exponential": 162.3838712050518, "knn_logistic": 4.1670002395064456 }, "geometry": { "type": "Point", "coordinates": [ 1952.228447868011926, 385.035714488141195 ] } },
{ "type": "Feature", "properties": { "reach": 459, "gravity_logistic": 89.778969644096563, "gravity_exponential": 214.639925375845, "knn_logistic": 3.5264419965618456 }, "geometry": { "type": "Point", "coordinates": [ 1401.47349582110246, 1044.971801153393471 ] } },
{ "type": "Feature", "properties": { "reach": 277, "gravity_logistic": 74.077570372801262, "gravity_exponential": 139.21239903461998, "knn_logistic": 3.7313480295033963 }, "geometry": { "type": "Point", "coordinates": [ 237.86817466787781, 3246.766601569022441 ] } },
{ "type": "Feature", "properties": { "reach": 432, "gravity_logistic": 92.640784457144662, "gravity_exponential": 206.57722143961948, "knn_logistic": 2.4788370028759181 }, "geometry": { "type": "Point", "coordinates": [ 3688.741841964577816, 3362.901416135607178 ] } },
{ "type": "Feature", "properties": { "reach": 384, "gravity_logistic": 80.786259571360077, "gravity_exponential": 184.4243762120955, "knn_logistic": 2.4041729312578637 }, "geometry": { "type": "Point", "coordinates": [ 341.418114826140936, 1487.645686266396751 ] } },
{ "type": "Feature", "properties": { "reach": 185, "gravity_logistic": 42.187042438066356, "gravity_exponential": 90.192072668650766, "knn_logistic": 3.1480591046157436 }, "geometry": { "type": "Point", "coordinates": [ 4566.625192848482584, 4330.103086684963273 ] } },
{ "type": "Feature", "properties": { "reach": 319, "gravity_logistic": 76.379998305799006, "gravity_exponential": 154.41576462314345, "knn_logistic": 2.0203485214770138 }, "geometry": { "type": "Point", "coordinates": [ 3959.110947104710704, 290.358992254592806 ] } },
{ "type": "Feature", "properties": { "reach": 481, "gravity_logistic": 103.16425702581112, "gravity_exponential": 230.11340704637817, "knn_logistic": 3.562559020194132 }, "geometry": { "type": "Point", "coordinates": [ 3959.006161684003928, 1738.790855571243128 ] } },
{ "type": "Feature", "properties": { "reach": 235, "gravity_logistic": 47.727876314633733, "gravity_exponential": 110.50539545349031, "knn_logistic": 2.1050651673973793 }, "geometry": { "type": "Point", "coordinates": [ 3224.222826301335317, 35.890683955274788 ] } },
{ "type": "Feature", "properties": { "reach": 442, "gravity_logistic": 87.474678469228053, "gravity_exponential": 207.4203805124321, "knn_logistic": 2.8174946104097072 }, "geometry": { "type": "Point", "coordinates": [ 3781.805081427134155, 3082.126455331114357 ] } },
{ "type": "Feature", "properties": { "reach": 293, "gravity_logistic": 55.339019161913335, "gravity_exponential": 134.66923014416119, "knn_logistic": 4.4418094757833675 }, "geometry": { "type": "Point", "coordinates": [ 76.457472954903025, 1285.660884552041352 ] } },
{ "type": "Feature", "properties": { "reach": 382, "gravity_logistic": 85.627759520090933, "gravity_exponential": 184.40067672650105, "knn_logistic": 2.9506737078875505 }, "geometry": { "type": "Point", "coordinates": [ 1628.855423687433131, 3796.110851345582432 ] } },
{ "type": "Feature", "properties": { "reach": 251, "gravity_logistic": 45.392330715473264, "gravity_exponential": 114.71614630901755, "knn_logistic": 3.5344716553189848 }, "geometry": { "type": "Point", "coordinates": [ 4951.472052545612314, 1903.255072495345303 ] } },
{ "type": "Feature", "properties": { "reach": 341, "gravity_logistic": 93.934194823323509, "gravity_exponential": 173.59881689276554, "knn_logistic": 4.2966448217260407 }, "geometry": { "type": "Point", "coordinates": [ 4107.628962527091971, 3850.902108599658277 ] } },
{ "type": "Feature", "properties": { "reach": 425, "gravity_logistic": 106.7342371809259, "gravity_exponential": 210.91843813125826, "knn_logistic": 1.7243514997341416 }, "geometry": { "type": "Point", "coordinates": [ 559.146787644285382, 992.340962492364952 ] } },
{ "type": "Feature", "properties": { "reach": 305, "gravity_logistic": 77.257099503502644, "gravity_exponential": 150.58129621774694, "knn_logistic": 3.7631599309390222 }, "geometry": { "type": "Point", "coordinates": [ 2594.063233887002298, 4125.61136468722998 ] } },
{ "type": "Feature", "properties": { "reach": 473, "gravity_logistic": 87.843152080945302, "gravity_exponential": 219.32056837264184, "knn_logistic": 3.7984418131250486 }, "geometry": { "type": "Point", "coordinates": [ 3576.324211563970948, 1062.270513237056548 ] } },
{ "type": "Feature", "properties": { "reach": 221, "gravity_logistic": 50.639429143241088, "gravity_exponential": 107.2966951473131, "knn_logistic": 2.7668428222947492 }, "geometry": { "type": "Point", "coordinates": [ 4948.929272477875202, 3722.357761904761901 ] } },
{ "type": "Feature", "properties": { "reach": 436, "gravity_logistic": 106.11879289982457, "gravity_exponential": 215.51289072174251, "knn_logistic": 3.9083893630289115 }, "geometry": { "type": "Point", "coordinates": [ 4289.892089103591388, 1291.718067501862379 ] } },
{ "type": "Feature", "properties": { "reach": 367, "gravity_logistic": 81.141467348594944, "gravity_exponential": 176.76239422379416, "knn_logistic": 2.5237364704108125 }, "geometry": { "type": "Point", "coordinates": [ 1797.119920899845965, 602.215050505021395 ] } },
{ "type": "Feature", "properties": { "reach": 420, "gravity_logistic": 98.942269204446404, "gravity_exponential": 205.09866738798598, "knn_logistic": 3.4279949013997228 }, "geometry": { "type": "Point", "coordinates": [ 2472.048024045752754, 3725.504697421187302 ] } },
{ "type": "Feature", "properties": { "reach": 407, "gravity_logistic": 80.034827578982046, "gravity_exponential": 190.78796883550501, "knn_logistic": 2.8902760038712136 }, "geometry": { "type": "Point", "coordinates": [ 3357.33367285820168, 649.724209669174797 ] } },
{ "type": "Feature", "properties": { "reach": 488, "gravity_logistic": 90.184750931581647, "gravity_exponential": 225.05311509390339, "knn_logistic": 3.4298000716900456 }, "geometry": { "type": "Point", "coordinates": [ 3344.132938640633256, 1376.050630380119401 ] } },
{ "type": "Feature", "properties": { "reach": 509, "gravity_logistic": 109.57972168097801, "gravity_exponential": 241.41089966886051, "knn_logistic": 2.9650105765721029 }, "geometry": { "type": "Point", "coordinates": [ 934.077297065852804, 1440.468254564249264 ] } },
{ "type": "Feature", "properties": { "reach": 394, "gravity_logistic": 90.636166797518854, "gravity_exponential": 193.12183276892716, "knn_logistic": 3.5806444511562505 }, "geometry": { "type": "Point", "coordinates": [ 4487.09385981950345, 1154.47233398556773 ] } },
{ "type": "Feature", "properties": { "reach": 201, "gravity_logistic": 58.01121883227141, "gravity_exponential": 103.37611666719954, "knn_logistic": 2.196853473655342 }, "geometry": { "type": "Point", "coordinates": [ 21.757836943767906, 3519.046919917984269 ] } },
{ "type": "Feature", "properties": { "reach": 449, "gravity_logistic": 87.429686331114041, "gravity_exponential": 210.12494804657064, "knn_logistic": 3.2877854341066612 }, "geometry": { "type": "Point", "coordinates": [ 3026.09861921591073, 2293.310433682689109 ] } },
{ "type": "Feature", "properties": { "reach": 303, "gravity_logistic": 77.112006418714671, "gravity_exponential": 150.08080347403154, "knn_logistic": 3.7565920865038853 }, "geometry": { "type": "Point", "coordinates": [ 2600.218008514605117, 4125.105526280410231 ] } },
{ "type": "Feature", "properties": { "reach": 451, "gravity_logistic": 90.840451396988868, "gravity_exponential": 211.87929257163819, "knn_logistic": 4.2794004697647479 }, "geometry": { "type": "Point", "coordinates": [ 3631.095327212104166, 2783.315607695084054 ] } },
{ "type": "Feature", "properties": { "reach": 441, "gravity_logistic": 90.054795360144453, "gravity_exponential": 207.47575772593018, "knn_logistic": 3.2117618090127737 }, "geometry": { "type": "Point", "coordinates": [ 3274.12882055860382, 3025.624419202375066 ] } },
{ "type": "Feature", "properties": { "reach": 348, "gravity_logistic": 81.770903291941067, "gravity_exponential": 169.29643977540204, "knn_logistic": 3.2826130248781449 }, "geometry": { "type": "Point", "coordinates": [ 4609.75625560286062, 814.831351655812682 ] } },
{ "type": "Feature", "properties": { "reach": 230, "gravity_logistic": 55.788872278910013, "gravity_exponential": 112.63732164152876, "knn_logistic": 2.6526590098440326 }, "geometry": { "type": "Point", "coordinates": [ 4806.518081673062625, 3958.801488165783667 ] } },
{ "type": "Feature", "properties": { "reach": 410, "gravity_logistic": 85.709843615529749, "gravity_exponential": 194.4861777395808, "knn_logistic": 1.8931491732391605 }, "geometry": { "type": "Point", "coordinates": [ 604.766712991194936, 2778.060654667056497 ] } },
{ "type": "Feature", "properties": { "reach": 447, "gravity_logistic": 79.006607836994334, "gravity_exponential": 204.84967904809795, "knn_logistic": 2.2337169373374008 }, "geometry": { "type": "Point", "coordinates": [ 3962.729742398774306, 2436.426787021453492 ] } },
{ "type": "Feature", "properties": { "reach": 399, "gravity_logistic": 77.098823593333307, "gravity_exponential": 187.89153127337394, "knn_logistic": 3.672129012216903 }, "geometry": { "type": "Point", "coordinates": [ 2234.080990873859264, 659.831621096422737 ] } },
{ "type": "Feature", "properties": { "reach": 465, "gravity_logistic": 93.905195092640938, "gravity_exponential": 218.60958689120122, "knn_logistic": 1.9622943280592966 }, "geometry": { "type": "Point", "coordinates": [ 2108.97981462780308, 2808.666660951714675 ] } },
{ "type": "Feature", "properties": { "reach": 391, "gravity_logistic": 86.803218495153558, "gravity_exponential": 187.39423577975126, "knn_logistic": 2.5684738738952255 }, "geometry": { "type": "Point", "coordinates": [ 1527.132059363799272, 3741.713384786072311 ] } },
{ "type": "Feature", "properties": { "reach": 488, "gravity_logistic": 104.63679316459749, "gravity_exponential": 232.21850316195417, "knn_logistic": 2.900803469824579 }, "geometry": { "type": "Point", "coordinates": [ 1650.935987785460384, 2657.248750159337305 ] } },
{ "type": "Feature", "properties": { "reach": 230, "gravity_logistic": 54.998498349020451, "gravity_exponential": 112.70587573432128, "knn_logistic": 4.655635760135719 }, "geometry": { "type": "Point", "coordinates": [ 4952.636665696589262, 3456.692823945332748 ] } },
{ "type": "Feature", "properties": { "reach": 384, "gravity_logistic": 82.461734769324025, "gravity_exponential": 183.55270576765145, "knn_logistic": 2.0121383078668131 }, "geometry": { "type": "Point", "coordinates": [ 1649.186981910892655, 649.58184531421773 ] } },
{ "type": "Feature", "properties": { "reach": 402, "gravity_logistic": 93.547905269731146, "gravity_exponential": 194.38993927836711, "knn_logistic": 3.4620928788249228 }, "geometry": { "type": "Point", "coordinates": [ 2890.20481186750294, 716.633803217267541 ] } },
{ "type": "Feature", "properties": { "reach": 509, "gravity_logistic": 105.41987289560349, "gravity_exponential": 238.99306729739649, "knn_logistic": 3.615365802734833 }, "geometry": { "type": "Point", "coordinates": [ 1051.859954377984423, 1320.933329661835614 ] } },
{ "type": "Feature", "properties": { "reach": 515, "gravity_logistic": 112.40503277931197, "gravity_exponential": 245.9946079372699, "knn_logistic": 3.5841954402636622 }, "geometry": { "type": "Point", "coordinates": [ 1063.470407928622308, 2310.276202441418263 ] } },
{ "type": "Feature", "properties": { "reach": 427, "gravity_logistic": 89.089007545843387, "gravity_exponential": 203.34280986329904, "knn_logistic": 2.9438334674682776 }, "geometry": { "type": "Point", "coordinates": [ 4126.182744050238398, 3499.588565118496263 ] } },
{ "type": "Feature", "properties": { "reach": 447, "gravity_logistic": 88.631267437543727, "gravity_exponential": 209.61704373049983, "knn_logistic": 3.2952925277822933 }, "geometry": { "type": "Point", "coordinates": [ 3063.012112091104882, 2254.04363014253704 ] } },
{ "type": "Feature", "properties": { "reach": 452, "gravity_logistic": 88.662517166094617, "gravity_exponential": 211.05246168986005, "knn_logistic": 4.0069540080031816 }, "geometry": { "type": "Point", "coordinates": [ 3188.03189480314677, 1584.962571562517041 ] } },
{ "type": "Feature", "properties": { "reach": 451, "gravity_logistic": 89.698029046472357, "gravity_exponential": 210.79403555120655, "knn_logistic": 3.2375163880477302 }, "geometry": { "type": "Point", "coordinates": [ 3574.798785428230985, 2731.211573516687167 ] } },
{ "type": "Feature", "properties": { "reach": 444, "gravity_logistic": 81.732154669222822, "gravity_exponential": 206.23726470622739, "knn_logistic": 1.3712133887226317 }, "geometry": { "type": "Point", "coordinates": [ 1432.635176791896583, 3260.437355738894894 ] } },
{ "type": "Feature", "properties": { "reach": 393, "gravity_logistic": 92.372248451092943, "gravity_exponential": 191.7267533744141, "knn_logistic": 3.3731287833197499 }, "geometry": { "type": "Point", "coordinates": [ 3741.643781694867357, 3834.896860608631869 ] } },
{ "type": "Feature", "properties": { "reach": 453, "gravity_logistic": 86.955825475499196, "gravity_exponential": 211.66529083189343, "knn_logistic": 4.208811606697938 }, "geometry": { "type": "Point", "coordinates": [ 3671.144696929717611, 933.611995570714612 ] } },
{ "type": "Feature", "properties": { "reach": 451, "gravity_logistic": 89.782908359089177, "gravity_exponential": 210.23513427408079, "knn_logistic": 2.5303137134027058 }, "geometry": { "type": "Point", "coordinates": [ 3244.144452835215816, 1008.532528733927279 ] } },
{ "type": "Feature", "properties": { "reach": 279, "gravity_logistic": 63.271702869638951, "gravity_exponential": 134.51238273486746, "knn_logistic": 1.8028448892390838 }, "geometry": { "type": "Point", "coordinates": [ 1009.778878600490316, 4069.644678191151797 ] } },
{ "type": "Feature", "properties": { "reach": 503, "gravity_logistic": 108.84554071517744, "gravity_exponential": 240.29152114837308, "knn_logistic": 3.0769685808814295 }, "geometry": { "type": "Point", "coordinates": [ 1211.426750331065023, 2330.030775451505633 ] } },
{ "type": "Feature", "properties": { "reach": 366, "gravity_logistic": 81.424039038982158, "gravity_exponential": 175.67909574122922, "knn_logistic": 1.5000188380387014 }, "geometry": { "type": "Point", "coordinates": [ 2033.964720052175153, 530.124825995544143 ] } },
{ "type": "Feature", "properties": { "reach": 434, "gravity_logistic": 81.895765660231262, "gravity_exponential": 201.69143399996645, "knn_logistic": 3.0052031287291343 }, "geometry": { "type": "Point", "coordinates": [ 824.210574335536535, 2941.607122602979871 ] } },
{ "type": "Feature", "properties": { "reach": 323, "gravity_logistic": 69.668575670088913, "gravity_exponential": 153.63092166314158, "knn_logistic": 1.9271940610075089 }, "geometry": { "type": "Point", "coordinates": [ 3302.457017505762451, 4137.371018112373349 ] } },
{ "type": "Feature", "properties": { "reach": 447, "gravity_logistic": 88.431304986739022, "gravity_exponential": 209.73020091891539, "knn_logistic": 3.2967642909507608 }, "geometry": { "type": "Point", "coordinates": [ 3055.83152934725922, 2253.990544306469928 ] } },
{ "type": "Feature", "properties": { "reach": 434, "gravity_logistic": 105.58686939286802, "gravity_exponential": 213.47273107146378, "knn_logistic": 3.0423649924730927 }, "geometry": { "type": "Point", "coordinates": [ 4347.232300185637541, 1286.067867075211097 ] } },
{ "type": "Feature", "properties": { "reach": 310, "gravity_logistic": 69.894633514739169, "gravity_exponential": 150.70170100210265, "knn_logistic": 2.2654836768170545 }, "geometry": { "type": "Point", "coordinates": [ 297.430171674688381, 3026.007424942638409 ] } },
{ "type": "Feature", "properties": { "reach": 290, "gravity_logistic": 68.630478164388251, "gravity_exponential": 141.11164623852429, "knn_logistic": 4.3625563241555749 }, "geometry": { "type": "Point", "coordinates": [ 3133.707739467885858, 188.654101033321069 ] } },
{ "type": "Feature", "properties": { "reach": 265, "gravity_logistic": 68.55877288850796, "gravity_exponential": 130.44699870770916, "knn_logistic": 2.6037905876260066 }, "geometry": { "type": "Point", "coordinates": [ 69.971749668244541, 768.920514423485542 ] } },
{ "type": "Feature", "properties": { "reach": 303, "gravity_logistic": 86.208920342260257, "gravity_exponential": 153.28887461202081, "knn_logistic": 2.3955146508009344 }, "geometry": { "type": "Point", "coordinates": [ 395.611874258054627, 385.267615258828414 ] } },
{ "type": "Feature", "properties": { "reach": 448, "gravity_logistic": 86.769118086581031, "gravity_exponential": 208.36332951032892, "knn_logistic": 2.5862524248832628 }, "geometry": { "type": "Point", "coordinates": [ 2502.16090150128457, 2087.769726508366603 ] } },
{ "type": "Feature", "properties": { "reach": 374, "gravity_logistic": 93.678309537073616, "gravity_exponential": 183.90969922684599, "knn_logistic": 1.7041820388492439 }, "geometry": { "type": "Point", "coordinates": [ 4125.333276691299034, 572.549311167838823 ] } },
{ "type": "Feature", "properties": { "reach": 388, "gravity_logistic": 100.31850746305801, "gravity_exponential": 193.21026294314763, "knn_logistic": 2.0090148252509321 }, "geometry": { "type": "Point", "coordinates": [ 386.876321542125709, 955.363478684143388 ] } },
{ "type": "Feature", "properties": { "reach": 425, "gravity_logistic": 79.942229965344495, "gravity_exponential": 197.56509400720236, "knn_logistic": 4.0045950268094659 }, "geometry": { "type": "Point", "coordinates": [ 2077.052311726214157, 932.966587526308558 ] } },
{ "type": "Feature", "properties": { "reach": 502, "gravity_logistic": 91.780231379376517, "gravity_exponential": 230.72188909002003, "knn_logistic": 3.3564991988107513 }, "geometry": { "type": "Point", "coordinates": [ 1566.313528784902246, 1924.076736954757735 ] } },
{ "type": "Feature", "properties": { "reach": 354, "gravity_logistic": 81.193770942321834, "gravity_exponential": 170.50174692912086, "knn_logistic": 3.5808623957629457 }, "geometry": { "type": "Point", "coordinates": [ 3193.894107540323148, 420.160472985851015 ] } },
{ "type": "Feature", "properties": { "reach": 427, "gravity_logistic": 78.938286235445759, "gravity_exponential": 198.76100668166606, "knn_logistic": 3.1765457143166498 }, "geometry": { "type": "Point", "coordinates": [ 2208.341446767203706, 991.748935065546789 ] } },
{ "type": "Feature", "properties": { "reach": 405, "gravity_logistic": 93.949126976344871, "gravity_exponential": 197.08421265581165, "knn_logistic": 2.7756047621059561 }, "geometry": { "type": "Point", "coordinates": [ 2920.642152388449176, 3738.414519984044546 ] } },
{ "type": "Feature", "properties": { "reach": 453, "gravity_logistic": 92.362426611729433, "gravity_exponential": 211.96018599403394, "knn_logistic": 3.3242191713712077 }, "geometry": { "type": "Point", "coordinates": [ 3445.937119543914378, 3188.360149754836584 ] } },
{ "type": "Feature", "properties": { "reach": 327, "gravity_logistic": 83.48547311581018, "gravity_exponential": 163.62326710052463, "knn_logistic": 3.2400208767892771 }, "geometry": { "type": "Point", "coordinates": [ 2552.258648249434373, 383.590720623484742 ] } },
{ "type": "Feature", "properties": { "reach": 454, "gravity_logistic": 84.604274439696596, "gravity_exponential": 209.46888541581657, "knn_logistic": 2.9865306422691607 }, "geometry": { "type": "Point", "coordinates": [ 3891.560929813485018, 3137.930741050083725 ] } },
{ "type": "Feature", "properties": { "reach": 199, "gravity_logistic": 52.897932817993549, "gravity_exponential": 98.708310349226153, "knn_logistic": 2.3930033934698436 }, "geometry": { "type": "Point", "coordinates": [ 220.858673991479691, 134.009556536543158 ] } },
{ "type": "Feature", "properties": { "reach": 431, "gravity_logistic": 83.177147902409104, "gravity_exponential": 202.04559733529453, "knn_logistic": 2.0884726581141657 }, "geometry": { "type": "Point", "coordinates": [ 2638.294493435803361, 1458.051398933295104 ] } },
{ "type": "Feature", "properties": { "reach": 418, "gravity_logistic": 81.658652341310017, "gravity_exponential": 196.25889861692522, "knn_logistic": 2.5199577775222672 }, "geometry": { "type": "Point", "coordinates": [ 4124.917967246711669, 2885.250439578247551 ] } },
{ "type": "Feature", "properties": { "reach": 303, "gravity_logistic": 66.292289634005741, "gravity_exponential": 144.79703314099649, "knn_logistic": 2.894126754477409 }, "geometry": { "type": "Point", "coordinates": [ 798.156958547143176, 220.780759345510717 ] } },
{ "type": "Feature", "properties": { "reach": 470, "gravity_logistic": 106.41171285554269, "gravity_exponential": 226.858570306046, "knn_logistic": 4.5741993592953749 }, "geometry": { "type": "Point", "coordinates": [ 1071.472943410562721, 989.490603011604435 ] } },
{ "type": "Feature", "properties": { "reach": 249, "gravity_logistic": 48.558666143230361, "gravity_exponential": 116.87275855467281, "knn_logistic": 2.7319689185251117 }, "geometry": { "type": "Point", "coordinates": [ 55.377326548784005, 2820.078713524393606 ] } },
{ "type": "Feature", "properties": { "reach": 359, "gravity_logistic": 71.680830807749331, "gravity_exponential": 169.52284988125507, "knn_logistic": 3.5774697788955789 }, "geometry": { "type": "Point", "coordinates": [ 4618.551123510481375, 2223.452592205180281 ] } },
{ "type": "Feature", "properties": { "reach": 238, "gravity_logistic": 47.931328083550916, "gravity_exponential": 112.07682094647816, "knn_logistic": 2.3983825787354589 }, "geometry": { "type": "Point", "coordinates": [ 2585.101429302695578, 21.40116754292762 ] } },
{ "type": "Feature", "properties": { "reach": 244, "gravity_logistic": 37.248642938839104, "gravity_exponential": 109.21038364133058, "knn_logistic": 2.1851583161489168 }, "geometry": { "type": "Point", "coordinates": [ -1.524900747446144, 1890.949593983376189 ] } },
{ "type": "Feature", "properties": { "reach": 346, "gravity_logistic": 90.102281551570186, "gravity_exponential": 172.58466999901304, "knn_logistic": 2.8671454503397795 }, "geometry": { "type": "Point", "coordinates": [ 3888.382363959368377, 4016.091013710092284 ] } },
{ "type": "Feature", "properties": { "reach": 457, "gravity_logistic": 85.911631202584857, "gravity_exponential": 211.37722041467541, "knn_logistic": 3.8119488478280239 }, "geometry": { "type": "Point", "coordinates": [ 2885.691613939126455, 2308.562612531388822 ] } },
{ "type": "Feature", "properties": { "reach": 191, "gravity_logistic": 55.624118832385214, "gravity_exponential": 98.347104871659369, "knn_logistic": 3.1109041991803528 }, "geometry": { "type": "Point", "coordinates": [ -0.0776208325808, 3593.71849942231529 ] } },
{ "type": "Feature", "properties": { "reach": 381, "gravity_logistic": 77.007352519758641, "gravity_exponential": 179.75062895764472, "knn_logistic": 2.2273468482900829 }, "geometry": { "type": "Point", "coordinates": [ 988.429744957558569, 3638.256273657365 ] } },
{ "type": "Feature", "properties": { "reach": 271, "gravity_logistic": 67.277107788174135, "gravity_exponential": 134.87189695613341, "knn_logistic": 3.7403427658280699 }, "geometry": { "type": "Point", "coordinates": [ 4794.994070900292172, 3462.513644609358835 ] } },
{ "type": "Feature", "properties": { "reach": 418, "gravity_logistic": 89.320189438315722, "gravity_exponential": 198.92773842742122, "knn_logistic": 4.1378636319146898 }, "geometry": { "type": "Point", "coordinates": [ 2840.927785008400861, 878.596445123537364 ] } },
{ "type": "Feature", "properties": { "reach": 437, "gravity_logistic": 94.615366606094668, "gravity_exponential": 207.48690718093096, "knn_logistic": 2.3437309467527436 }, "geometry": { "type": "Point", "coordinates": [ 1174.960539889797246, 712.448584578017403 ] } },
{ "type": "Feature", "properties": { "reach": 382, "gravity_logistic": 83.685368731472181, "gravity_exponential": 182.66737642884522, "knn_logistic": 2.6609899481177344 }, "geometry": { "type": "Point", "coordinates": [ 3282.690190724167678, 3888.381249848641801 ] } },
{ "type": "Feature", "properties": { "reach": 358, "gravity_logistic": 76.960658581534986, "gravity_exponential": 172.2770930729526, "knn_logistic": 1.4300454634151027 }, "geometry": { "type": "Point", "coordinates": [ 4509.577364752146423, 2329.663075684938576 ] } },
{ "type": "Feature", "properties": { "reach": 478, "gravity_logistic": 92.951665643417854, "gravity_exponential": 223.03243003639813, "knn_logistic": 3.6722793383342087 }, "geometry": { "type": "Point", "coordinates": [ 3466.459870518440766, 1606.906341189832801 ] } },
{ "type": "Feature", "properties": { "reach": 338, "gravity_logistic": 79.196822688769743, "gravity_exponential": 164.75813699859594, "knn_logistic": 2.5640866710863039 }, "geometry": { "type": "Point", "coordinates": [ 772.041203528073197, 347.461530668552484 ] } },
{ "type": "Feature", "properties": { "reach": 275, "gravity_logistic": 64.640603693657468, "gravity_exponential": 132.9555169830019, "knn_logistic": 1.8138498157127434 }, "geometry": { "type": "Point", "coordinates": [ 1594.608028659195952, 183.467159203179563 ] } },
{ "type": "Feature", "properties": { "reach": 345, "gravity_logistic": 68.797611102773715, "gravity_exponential": 162.56077727198394, "knn_logistic": 2.5108013274642289 }, "geometry": { "type": "Point", "coordinates": [ 222.959511339031678, 1692.997056752221852 ] } },
{ "type": "Feature", "properties": { "reach": 335, "gravity_logistic": 68.732126466086768, "gravity_exponential": 157.79042690285254, "knn_logistic": 3.3000757214319765 }, "geometry": { "type": "Point", "coordinates": [ 177.758001959473603, 1321.098556699366782 ] } },
{ "type": "Feature", "properties": { "reach": 431, "gravity_logistic": 82.65349490381314, "gravity_exponential": 199.09365868341956, "knn_logistic": 3.7334248432568171 }, "geometry": { "type": "Point", "coordinates": [ 2060.185834257105853, 1206.886024854485413 ] } },
{ "type": "Feature", "properties": { "reach": 314, "gravity_logistic": 86.681663206053727, "gravity_exponential": 161.04405023379832, "knn_logistic": 3.4009238777780508 }, "geometry": { "type": "Point", "coordinates": [ 4312.223494292258692, 463.234281245711657 ] } },
{ "type": "Feature", "properties": { "reach": 193, "gravity_logistic": 39.342618433327374, "gravity_exponential": 91.435900221877631, "knn_logistic": 3.0963123439660851 }, "geometry": { "type": "Point", "coordinates": [ 4488.212811837280242, 2.014503398052918 ] } },
{ "type": "Feature", "properties": { "reach": 233, "gravity_logistic": 56.099708489439628, "gravity_exponential": 114.66781776933557, "knn_logistic": 3.8785082659344168 }, "geometry": { "type": "Point", "coordinates": [ 4107.804826766114275, 4341.842268562221761 ] } },
{ "type": "Feature", "properties": { "reach": 403, "gravity_logistic": 77.551630201376653, "gravity_exponential": 188.85640974427517, "knn_logistic": 2.983138673122617 }, "geometry": { "type": "Point", "coordinates": [ 3428.87741259577615, 604.071752711339059 ] } },
{ "type": "Feature", "properties": { "reach": 317, "gravity_logistic": 88.378320690282109, "gravity_exponential": 162.21693734343935, "knn_logistic": 3.4901337119034159 }, "geometry": { "type": "Point", "coordinates": [ 4234.973071412953686, 396.659055279492293 ] } },
{ "type": "Feature", "properties": { "reach": 462, "gravity_logistic": 78.004415067039474, "gravity_exponential": 210.06282653967503, "knn_logistic": 3.3266732143199071 }, "geometry": { "type": "Point", "coordinates": [ 1779.149594846078571, 1668.496656735784882 ] } },
{ "type": "Feature", "properties": { "reach": 298, "gravity_logistic": 81.559700807533929, "gravity_exponential": 150.59144224081302, "knn_logistic": 3.7698160167351631 }, "geometry": { "type": "Point", "coordinates": [ 384.260957646025531, 3537.619738017734107 ] } },
{ "type": "Feature", "properties": { "reach": 434, "gravity_logistic": 85.786032101042167, "gravity_exponential": 201.43088797597122, "knn_logistic": 2.0158646230637167 }, "geometry": { "type": "Point", "coordinates": [ 2349.281700731860383, 1323.622143869650245 ] } },
{ "type": "Feature", "properties": { "reach": 315, "gravity_logistic": 66.658430240665851, "gravity_exponential": 149.50869667054138, "knn_logistic": 2.9729102904069693 }, "geometry": { "type": "Point", "coordinates": [ 3287.07634121184401, 4178.867849866712277 ] } },
{ "type": "Feature", "properties": { "reach": 242, "gravity_logistic": 68.310247485576909, "gravity_exponential": 123.12157570443014, "knn_logistic": 2.6174400405496052 }, "geometry": { "type": "Point", "coordinates": [ 524.932260556122742, 4017.962897256821634 ] } },
{ "type": "Feature", "properties": { "reach": 446, "gravity_logistic": 88.965151225306272, "gravity_exponential": 209.55019111429823, "knn_logistic": 3.0889661520277722 }, "geometry": { "type": "Point", "coordinates": [ 2705.33972877875749, 1757.023692134306202 ] } },
{ "type": "Feature", "properties": { "reach": 307, "gravity_logistic": 79.050491404686369, "gravity_exponential": 153.35351159339911, "knn_logistic": 2.7192261185295581 }, "geometry": { "type": "Point", "coordinates": [ 2394.879213901568619, 4125.496637146049579 ] } },
{ "type": "Feature", "properties": { "reach": 475, "gravity_logistic": 100.87946282205672, "gravity_exponential": 225.97194355451782, "knn_logistic": 2.7032344734144473 }, "geometry": { "type": "Point", "coordinates": [ 4012.149281148096634, 1828.776112195547057 ] } },
{ "type": "Feature", "properties": { "reach": 436, "gravity_logistic": 79.047059583451357, "gravity_exponential": 201.29583823960556, "knn_logistic": 1.8743891259934582 }, "geometry": { "type": "Point", "coordinates": [ 3989.859364631912285, 2697.485896541855254 ] } },
{ "type": "Feature", "properties": { "reach": 460, "gravity_logistic": 80.394761555978221, "gravity_exponential": 209.04154629292401, "knn_logistic": 3.2134845925986313 }, "geometry": { "type": "Point", "coordinates": [ 1843.881550322400926, 1593.894974628067075 ] } },
{ "type": "Feature", "properties": { "reach": 349, "gravity_logistic": 79.427923718254704, "gravity_exponential": 167.91811526415501, "knn_logistic": 3.2489360684355213 }, "geometry": { "type": "Point", "coordinates": [ 3463.750887027321824, 4039.939396834170111 ] } },
{ "type": "Feature", "properties": { "reach": 454, "gravity_logistic": 91.623995618006106, "gravity_exponential": 211.35701586707964, "knn_logistic": 3.4227610171260605 }, "geometry": { "type": "Point", "coordinates": [ 3516.888433008479751, 3147.240239272766757 ] } },
{ "type": "Feature", "properties": { "reach": 192, "gravity_logistic": 50.354867280600502, "gravity_exponential": 96.057638729582578, "knn_logistic": 4.2475433171226076 }, "geometry": { "type": "Point", "coordinates": [ 547.960988560926126, 4255.227456138421985 ] } },
{ "type": "Feature", "properties": { "reach": 433, "gravity_logistic": 105.9086037345691, "gravity_exponential": 213.65376854811029, "knn_logistic": 2.9149031925458271 }, "geometry": { "type": "Point", "coordinates": [ 679.134665968751051, 879.170900209730462 ] } },
{ "type": "Feature", "properties": { "reach": 354, "gravity_logistic": 81.12205607889365, "gravity_exponential": 169.90112337901738, "knn_logistic": 1.2781573026225719 }, "geometry": { "type": "Point", "coordinates": [ 480.077594372934072, 3297.117673474103412 ] } },
{ "type": "Feature", "properties": { "reach": 225, "gravity_logistic": 63.927687329864796, "gravity_exponential": 115.18639533535875, "knn_logistic": 1.9363928966106729 }, "geometry": { "type": "Point", "coordinates": [ 107.343903161694001, 428.781492904707136 ] } },
{ "type": "Feature", "properties": { "reach": 339, "gravity_logistic": 94.674477198539776, "gravity_exponential": 172.19031076510421, "knn_logistic": 3.1497313752655862 }, "geometry": { "type": "Point", "coordinates": [ 3985.532244925150735, 3960.43755476879096 ] } },
{ "type": "Feature", "properties": { "reach": 393, "gravity_logistic": 89.043117073701183, "gravity_exponential": 190.67721054889233, "knn_logistic": 2.5285143741989304 }, "geometry": { "type": "Point", "coordinates": [ 546.826261402792852, 2649.896031349426266 ] } },
{ "type": "Feature", "properties": { "reach": 432, "gravity_logistic": 82.66625011192582, "gravity_exponential": 199.97972993054677, "knn_logistic": 2.580166703213596 }, "geometry": { "type": "Point", "coordinates": [ 1263.261696883767854, 3440.764699475249017 ] } },
{ "type": "Feature", "properties": { "reach": 440, "gravity_logistic": 83.606693377515626, "gravity_exponential": 205.11838792250896, "knn_logistic": 3.464933372496882 }, "geometry": { "type": "Point", "coordinates": [ 1951.320125122221953, 1761.72345972626681 ] } },
{ "type": "Feature", "properties": { "reach": 397, "gravity_logistic": 82.568066092481246, "gravity_exponential": 189.53688552221132, "knn_logistic": 3.8433049861419826 }, "geometry": { "type": "Point", "coordinates": [ 4320.198088312527034, 2965.874409761985589 ] } },
{ "type": "Feature", "properties": { "reach": 350, "gravity_logistic": 71.739439795865621, "gravity_exponential": 166.75574613186919, "knn_logistic": 3.8708547105197004 }, "geometry": { "type": "Point", "coordinates": [ 4631.520761642661455, 2197.385797170350997 ] } },
{ "type": "Feature", "properties": { "reach": 350, "gravity_logistic": 77.664606296566163, "gravity_exponential": 169.06104917607598, "knn_logistic": 3.7232151966684861 }, "geometry": { "type": "Point", "coordinates": [ 1594.216829684741015, 512.716612375338286 ] } },
{ "type": "Feature", "properties": { "reach": 330, "gravity_logistic": 93.692032179996332, "gravity_exponential": 168.20155074061168, "knn_logistic": 2.7578462313004506 }, "geometry": { "type": "Point", "coordinates": [ 480.478411646622078, 491.864291071498428 ] } },
{ "type": "Feature", "properties": { "reach": 467, "gravity_logistic": 111.91854751644388, "gravity_exponential": 227.87426413327131, "knn_logistic": 2.5263470454451427 }, "geometry": { "type": "Point", "coordinates": [ 4072.902814916620628, 1607.001063799494659 ] } },
{ "type": "Feature", "properties": { "reach": 145, "gravity_logistic": 32.47912362150236, "gravity_exponential": 71.513507874139137, "knn_logistic": 3.0600747848703889 }, "geometry": { "type": "Point", "coordinates": [ 4855.648827287111999, 55.619018952158662 ] } },
{ "type": "Feature", "properties": { "reach": 474, "gravity_logistic": 85.934257736968007, "gravity_exponential": 217.76923771816408, "knn_logistic": 2.4275320666144169 }, "geometry": { "type": "Point", "coordinates": [ 1870.240321603516122, 1938.538868452989391 ] } },
{ "type": "Feature", "properties": { "reach": 486, "gravity_logistic": 86.383396748597448, "gravity_exponential": 224.03331496498677, "knn_logistic": 2.6573313080743928 }, "geometry": { "type": "Point", "coordinates": [ 2475.154866682792999, 3096.600754146327745 ] } },
{ "type": "Feature", "properties": { "reach": 441, "gravity_logistic": 92.74172158816404, "gravity_exponential": 208.32981677154757, "knn_logistic": 2.2076402289945012 }, "geometry": { "type": "Point", "coordinates": [ 3396.748441348784127, 2969.324754967554327 ] } },
{ "type": "Feature", "properties": { "reach": 472, "gravity_logistic": 111.65570416367756, "gravity_exponential": 229.62107276499043, "knn_logistic": 1.911693810984469 }, "geometry": { "type": "Point", "coordinates": [ 4056.043865647925486, 1651.222404101766415 ] } },
{ "type": "Feature", "properties": { "reach": 469, "gravity_logistic": 95.630785618718804, "gravity_exponential": 219.77376015079966, "knn_logistic": 3.4691755117061471 }, "geometry": { "type": "Point", "coordinates": [ 3356.856368733885574, 1711.33259288356885 ] } },
{ "type": "Feature", "properties": { "reach": 233, "gravity_logistic": 55.736259223502714, "gravity_exponential": 114.25627114479897, "knn_logistic": 2.7921843769875467 }, "geometry": { "type": "Point", "coordinates": [ 504.693465666706516, 108.851546681209868 ] } },
{ "type": "Feature", "properties": { "reach": 327, "gravity_logistic": 72.548295284453175, "gravity_exponential": 156.350610571261, "knn_logistic": 1.8563176646622073 }, "geometry": { "type": "Point", "coordinates": [ 3348.22003496665684, 4125.681789466494592 ] } },
{ "type": "Feature", "properties": { "reach": 438, "gravity_logistic": 90.172575802114835, "gravity_exponential": 206.61324302159647, "knn_logistic": 2.377267263351448 }, "geometry": { "type": "Point", "coordinates": [ 3324.923576261061498, 3630.710878074097309 ] } },
{ "type": "Feature", "properties": { "reach": 303, "gravity_logistic": 80.861728744583587, "gravity_exponential": 150.08020070212839, "knn_logistic": 2.1232108962210452 }, "geometry": { "type": "Point", "coordinates": [ 4719.876597744782885, 3028.101102287065714 ] } },
{ "type": "Feature", "properties": { "reach": 428, "gravity_logistic": 97.647050809719786, "gravity_exponential": 207.52464535532371, "knn_logistic": 2.7016772304807533 }, "geometry": { "type": "Point", "coordinates": [ 2493.644226174192227, 3684.60945760516779 ] } },
{ "type": "Feature", "properties": { "reach": 220, "gravity_logistic": 40.892681187736514, "gravity_exponential": 101.33850339103309, "knn_logistic": 1.9224967423110517 }, "geometry": { "type": "Point", "coordinates": [ 1584.278969057892482, -3.3563055758278 ] } },
{ "type": "Feature", "properties": { "reach": 442, "gravity_logistic": 110.99808147911334, "gravity_exponential": 216.71823639558261, "knn_logistic": 2.1669343709705911 }, "geometry": { "type": "Point", "coordinates": [ 4344.95279129523442, 1467.442847413517484 ] } },
{ "type": "Feature", "properties": { "reach": 482, "gravity_logistic": 113.30593957559368, "gravity_exponential": 236.63770629960675, "knn_logistic": 2.9503534216411085 }, "geometry": { "type": "Point", "coordinates": [ 861.895643050700414, 1209.596287258989832 ] } },
{ "type": "Feature", "properties": { "reach": 446, "gravity_logistic": 88.08483824368632, "gravity_exponential": 209.45156281401879, "knn_logistic": 2.959705909986333 }, "geometry": { "type": "Point", "coordinates": [ 2572.820643847143856, 2256.196675292294003 ] } },
{ "type": "Feature", "properties": { "reach": 372, "gravity_logistic": 78.570129873993551, "gravity_exponential": 177.28213306505344, "knn_logistic": 3.7637137040807009 }, "geometry": { "type": "Point", "coordinates": [ 956.578548542820272, 3685.612134447487279 ] } },
{ "type": "Feature", "properties": { "reach": 316, "gravity_logistic": 93.39913398107808, "gravity_exponential": 164.38755205014274, "knn_logistic": 3.3495163747543621 }, "geometry": { "type": "Point", "coordinates": [ 388.06109379459491, 571.509621953521787 ] } },
{ "type": "Feature", "properties": { "reach": 244, "gravity_logistic": 47.746102578815751, "gravity_exponential": 113.56727603438252, "knn_logistic": 1.9152569319820192 }, "geometry": { "type": "Point", "coordinates": [ 33.777273892815714, 2914.08527386554897 ] } },
{ "type": "Feature", "properties": { "reach": 293, "gravity_logistic": 63.659625377898841, "gravity_exponential": 139.78535757743865, "knn_logistic": 4.4311100707593027 }, "geometry": { "type": "Point", "coordinates": [ 2894.890748820429963, 4234.639338243236125 ] } },
{ "type": "Feature", "properties": { "reach": 409, "gravity_logistic": 80.737177388778591, "gravity_exponential": 191.4964834839285, "knn_logistic": 2.3367295440800482 }, "geometry": { "type": "Point", "coordinates": [ 3315.886930420139379, 678.663734704861326 ] } },
{ "type": "Feature", "properties": { "reach": 423, "gravity_logistic": 105.67826839117647, "gravity_exponential": 209.50029927176547, "knn_logistic": 2.6390937230838971 }, "geometry": { "type": "Point", "coordinates": [ 520.577881159676053, 1045.735153791082212 ] } },
{ "type": "Feature", "properties": { "reach": 474, "gravity_logistic": 90.371469460717393, "gravity_exponential": 219.4548360067491, "knn_logistic": 2.7130414074455294 }, "geometry": { "type": "Point", "coordinates": [ 3080.739514284391589, 3385.50477519369997 ] } },
{ "type": "Feature", "properties": { "reach": 250, "gravity_logistic": 50.252874425919622, "gravity_exponential": 117.21896903189044, "knn_logistic": 1.9121529159040054 }, "geometry": { "type": "Point", "coordinates": [ 54.624534700488987, 2904.006215544220595 ] } },
{ "type": "Feature", "properties": { "reach": 408, "gravity_logistic": 77.608042580654825, "gravity_exponential": 191.79930210670955, "knn_logistic": 2.6904947638522265 }, "geometry": { "type": "Point", "coordinates": [ 2134.008564740347083, 716.136238091243854 ] } },
{ "type": "Feature", "properties": { "reach": 305, "gravity_logistic": 65.404214787030895, "gravity_exponential": 146.98084876875296, "knn_logistic": 2.9598144684675187 }, "geometry": { "type": "Point", "coordinates": [ 4818.962879705489286, 1320.911026504279107 ] } },
{ "type": "Feature", "properties": { "reach": 414, "gravity_logistic": 94.969844823534402, "gravity_exponential": 201.06780655951275, "knn_logistic": 1.3568971219299786 }, "geometry": { "type": "Point", "coordinates": [ 2815.271410274539448, 3739.983689708325528 ] } },
{ "type": "Feature", "properties": { "reach": 435, "gravity_logistic": 98.645252290276332, "gravity_exponential": 211.2114518738191, "knn_logistic": 3.7138354557485895 }, "geometry": { "type": "Point", "coordinates": [ 4287.458690488695538, 973.551513954432494 ] } },
{ "type": "Feature", "properties": { "reach": 418, "gravity_logistic": 82.691615761508004, "gravity_exponential": 195.95675245007948, "knn_logistic": 2.9034452695099429 }, "geometry": { "type": "Point", "coordinates": [ 3352.429054130081113, 703.590506581807063 ] } },
{ "type": "Feature", "properties": { "reach": 411, "gravity_logistic": 83.485924576718048, "gravity_exponential": 191.32582283376485, "knn_logistic": 1.9434339259926434 }, "geometry": { "type": "Point", "coordinates": [ 4400.063275847379373, 2557.733017419405769 ] } },
{ "type": "Feature", "properties": { "reach": 338, "gravity_logistic": 86.220526248135954, "gravity_exponential": 166.71942532878884, "knn_logistic": 3.2831489419215174 }, "geometry": { "type": "Point", "coordinates": [ 2145.448163349453807, 4027.806936374339784 ] } },
{ "type": "Feature", "properties": { "reach": 498, "gravity_logistic": 116.41688108139989, "gravity_exponential": 243.95962374937059, "knn_logistic": 3.5168317217457732 }, "geometry": { "type": "Point", "coordinates": [ 932.329857767714998, 2099.602186523274213 ] } },
{ "type": "Feature", "properties": { "reach": 477, "gravity_logistic": 88.272327512867619, "gravity_exponential": 221.60542670712036, "knn_logistic": 2.5983091904204803 }, "geometry": { "type": "Point", "coordinates": [ 1528.846252257462766, 3081.007335556430917 ] } },
{ "type": "Feature", "properties": { "reach": 386, "gravity_logistic": 87.071896388927271, "gravity_exponential": 187.17358371231421, "knn_logistic": 1.7331751452542146 }, "geometry": { "type": "Point", "coordinates": [ 1043.134473704568109, 482.09852020607849 ] } },
{ "type": "Feature", "properties": { "reach": 447, "gravity_logistic": 96.953755912931427, "gravity_exponential": 214.06517152184057, "knn_logistic": 1.5414246618153147 }, "geometry": { "type": "Point", "coordinates": [ 4089.05439103118033, 879.681983944413901 ] } },
{ "type": "Feature", "properties": { "reach": 414, "gravity_logistic": 76.717873632543842, "gravity_exponential": 194.20668441681525, "knn_logistic": 3.6443372932468865 }, "geometry": { "type": "Point", "coordinates": [ 2148.240814242747092, 855.453048245242371 ] } },
{ "type": "Feature", "properties": { "reach": 386, "gravity_logistic": 87.404896138627066, "gravity_exponential": 189.14028722208275, "knn_logistic": 3.7054758225309703 }, "geometry": { "type": "Point", "coordinates": [ 4510.512596208283867, 1087.063287887314573 ] } },
{ "type": "Feature", "properties": { "reach": 388, "gravity_logistic": 95.934126813938732, "gravity_exponential": 190.2217274579742, "knn_logistic": 3.7136495332498933 }, "geometry": { "type": "Point", "coordinates": [ 3888.413228960457673, 3793.347848357861494 ] } },
{ "type": "Feature", "properties": { "reach": 219, "gravity_logistic": 38.060247106147756, "gravity_exponential": 100.25502870173075, "knn_logistic": 2.6577793009874084 }, "geometry": { "type": "Point", "coordinates": [ 5008.425409303176821, 2541.765891415213446 ] } },
{ "type": "Feature", "properties": { "reach": 297, "gravity_logistic": 71.53755661532513, "gravity_exponential": 145.12482030983952, "knn_logistic": 2.9331809015371868 }, "geometry": { "type": "Point", "coordinates": [ 3908.128659139661977, 229.857902344711931 ] } },
{ "type": "Feature", "properties": { "reach": 309, "gravity_logistic": 77.037859827792104, "gravity_exponential": 153.03035798988913, "knn_logistic": 2.3602532161442471 }, "geometry": { "type": "Point", "coordinates": [ 4683.749668969912818, 3247.833101311734481 ] } },
{ "type": "Feature", "properties": { "reach": 268, "gravity_logistic": 57.160158313437023, "gravity_exponential": 126.8609222154537, "knn_logistic": 1.8405180115101782 }, "geometry": { "type": "Point", "coordinates": [ 3627.535865515269506, 138.50732739796797 ] } },
{ "type": "Feature", "properties": { "reach": 408, "gravity_logistic": 84.624344443710839, "gravity_exponential": 194.09094084564626, "knn_logistic": 4.4754781656126106 }, "geometry": { "type": "Point", "coordinates": [ 4304.72798613759096, 2254.335954891483198 ] } },
{ "type": "Feature", "properties": { "reach": 295, "gravity_logistic": 57.410999741945332, "gravity_exponential": 137.71132895571728, "knn_logistic": 2.5508493264385579 }, "geometry": { "type": "Point", "coordinates": [ 134.520922308450537, 1977.139968132509239 ] } },
{ "type": "Feature", "properties": { "reach": 303, "gravity_logistic": 66.309730501882996, "gravity_exponential": 145.27153984787364, "knn_logistic": 2.5400604349756448 }, "geometry": { "type": "Point", "coordinates": [ 835.027838461233046, 222.965331850387599 ] } },
{ "type": "Feature", "properties": { "reach": 383, "gravity_logistic": 98.27718803277908, "gravity_exponential": 190.75144736149068, "knn_logistic": 3.8866338631091035 }, "geometry": { "type": "Point", "coordinates": [ 2328.330481693749789, 3849.016567134560319 ] } },
{ "type": "Feature", "properties": { "reach": 356, "gravity_logistic": 82.666875014235231, "gravity_exponential": 171.32722837656848, "knn_logistic": 1.5714582654601572 }, "geometry": { "type": "Point", "coordinates": [ 534.940782582687348, 3464.327074174442259 ] } },
{ "type": "Feature", "properties": { "reach": 448, "gravity_logistic": 94.082858254767615, "gravity_exponential": 211.66876404713611, "knn_logistic": 2.9076753317499913 }, "geometry": { "type": "Point", "coordinates": [ 3429.049978091574303, 1924.869064424580301 ] } },
{ "type": "Feature", "properties": { "reach": 460, "gravity_logistic": 94.436378329783139, "gravity_exponential": 217.95536280509009, "knn_logistic": 3.7535904424893691 }, "geometry": { "type": "Point", "coordinates": [ 1351.901670375691083, 1097.593207174983036 ] } },
{ "type": "Feature", "properties": { "reach": 467, "gravity_logistic": 90.008773224211836, "gravity_exponential": 217.70079181503309, "knn_logistic": 2.1869754071705345 }, "geometry": { "type": "Point", "coordinates": [ 2363.507338084327785, 2328.390767754896842 ] } },
{ "type": "Feature", "properties": { "reach": 463, "gravity_logistic": 91.588860940079655, "gravity_exponential": 216.65358498280219, "knn_logistic": 3.2129877294333462 }, "geometry": { "type": "Point", "coordinates": [ 2295.222128424806215, 2586.621999674920062 ] } },
{ "type": "Feature", "properties": { "reach": 446, "gravity_logistic": 88.921401073944253, "gravity_exponential": 209.81316902574207, "knn_logistic": 3.2813007111128369 }, "geometry": { "type": "Point", "coordinates": [ 2819.716159825326486, 1100.348726283052201 ] } },
{ "type": "Feature", "properties": { "reach": 366, "gravity_logistic": 76.325895933224984, "gravity_exponential": 174.69260807550802, "knn_logistic": 2.2074837554165967 }, "geometry": { "type": "Point", "coordinates": [ 550.659560900406973, 3163.721094086688481 ] } },
{ "type": "Feature", "properties": { "reach": 471, "gravity_logistic": 94.723685314358306, "gravity_exponential": 222.11515018069673, "knn_logistic": 2.5557999116855834 }, "geometry": { "type": "Point", "coordinates": [ 2071.515482754929053, 2478.206318086148258 ] } },
{ "type": "Feature", "properties": { "reach": 222, "gravity_logistic": 55.058437155763102, "gravity_exponential": 110.45813206060886, "knn_logistic": 4.615726600324022 }, "geometry": { "type": "Point", "coordinates": [ 4770.024382419714129, 4012.631072238981687 ] } },
{ "type": "Feature", "properties": { "reach": 398, "gravity_logistic": 92.871324608625144, "gravity_exponential": 193.96329192041236, "knn_logistic": 3.4260143030743651 }, "geometry": { "type": "Point", "coordinates": [ 3767.232069744547061, 3792.373192425828165 ] } },
{ "type": "Feature", "properties": { "reach": 378, "gravity_logistic": 82.361184192146325, "gravity_exponential": 178.23489890765114, "knn_logistic": 3.3880889302024819 }, "geometry": { "type": "Point", "coordinates": [ 4507.820340730758289, 2626.18151510370808 ] } },
{ "type": "Feature", "properties": { "reach": 388, "gravity_logistic": 80.757444668303023, "gravity_exponential": 184.07766237297164, "knn_logistic": 2.1529939745715847 }, "geometry": { "type": "Point", "coordinates": [ 4402.817373226713244, 2397.765866162633301 ] } },
{ "type": "Feature", "properties": { "reach": 510, "gravity_logistic": 108.67407056176759, "gravity_exponential": 241.68777760620526, "knn_logistic": 2.9388658153412788 }, "geometry": { "type": "Point", "coordinates": [ 932.910767572021314, 1515.519537840335488 ] } },
{ "type": "Feature", "properties": { "reach": 453, "gravity_logistic": 108.54264414075783, "gravity_exponential": 221.26909820310385, "knn_logistic": 3.6731845611272602 }, "geometry": { "type": "Point", "coordinates": [ 564.178839699931927, 1829.146572118210543 ] } },
{ "type": "Feature", "properties": { "reach": 450, "gravity_logistic": 84.781387837844804, "gravity_exponential": 209.08460815003389, "knn_logistic": 2.196998691847571 }, "geometry": { "type": "Point", "coordinates": [ 2873.118157616078861, 2038.849614174350791 ] } },
{ "type": "Feature", "properties": { "reach": 448, "gravity_logistic": 82.557505907487979, "gravity_exponential": 207.24427444800469, "knn_logistic": 3.1843767405233501 }, "geometry": { "type": "Point", "coordinates": [ 2730.939484997947602, 1323.088439441861965 ] } },
{ "type": "Feature", "properties": { "reach": 252, "gravity_logistic": 62.684724629522357, "gravity_exponential": 125.77894983187952, "knn_logistic": 3.7393108279663934 }, "geometry": { "type": "Point", "coordinates": [ 4839.573440249218038, 3531.180631391394854 ] } },
{ "type": "Feature", "properties": { "reach": 342, "gravity_logistic": 86.949441415301791, "gravity_exponential": 168.44453095525864, "knn_logistic": 3.2732966405017239 }, "geometry": { "type": "Point", "coordinates": [ 2125.277931239976169, 4016.064367586729077 ] } },
{ "type": "Feature", "properties": { "reach": 289, "gravity_logistic": 52.71866680171685, "gravity_exponential": 134.19526830803156, "knn_logistic": 1.3695243086949211 }, "geometry": { "type": "Point", "coordinates": [ 4837.814231353928335, 2316.982220685348238 ] } },
{ "type": "Feature", "properties": { "reach": 463, "gravity_logistic": 89.286078646078948, "gravity_exponential": 216.3782945925247, "knn_logistic": 1.1364060042721544 }, "geometry": { "type": "Point", "coordinates": [ 2685.997928800743011, 3138.407537577188577 ] } },
{ "type": "Feature", "properties": { "reach": 305, "gravity_logistic": 54.9631401090273, "gravity_exponential": 141.22381816230723, "knn_logistic": 3.5630323379913582 }, "geometry": { "type": "Point", "coordinates": [ 4822.359951017349886, 2075.437527614421015 ] } },
{ "type": "Feature", "properties": { "reach": 444, "gravity_logistic": 85.773488526536909, "gravity_exponential": 206.94689082849663, "knn_logistic": 3.7664034499889105 }, "geometry": { "type": "Point", "coordinates": [ 2751.641573850571149, 2335.892846700028258 ] } },
{ "type": "Feature", "properties": { "reach": 476, "gravity_logistic": 86.260428983723102, "gravity_exponential": 218.00066310668302, "knn_logistic": 2.4916584768506489 }, "geometry": { "type": "Point", "coordinates": [ 2714.128191784243882, 2859.749407652575883 ] } },
{ "type": "Feature", "properties": { "reach": 450, "gravity_logistic": 86.126467395784204, "gravity_exponential": 209.24439346332665, "knn_logistic": 3.5671013153569668 }, "geometry": { "type": "Point", "coordinates": [ 2970.995994104224792, 2119.190152868169662 ] } },
{ "type": "Feature", "properties": { "reach": 330, "gravity_logistic": 81.482282709238774, "gravity_exponential": 161.68003791921677, "knn_logistic": 2.6963787779174573 }, "geometry": { "type": "Point", "coordinates": [ 4615.937011802979214, 724.289308780527335 ] } },
{ "type": "Feature", "properties": { "reach": 287, "gravity_logistic": 76.653245954624126, "gravity_exponential": 141.65010569408332, "knn_logistic": 2.688255612323081 }, "geometry": { "type": "Point", "coordinates": [ 4784.146702919088057, 2934.046332763233295 ] } },
{ "type": "Feature", "properties": { "reach": 243, "gravity_logistic": 48.149407168878405, "gravity_exponential": 113.1345613544884, "knn_logistic": 2.6571639268629221 }, "geometry": { "type": "Point", "coordinates": [ 3584.830128540050282, 54.045355037455778 ] } },
{ "type": "Feature", "properties": { "reach": 293, "gravity_logistic": 72.874421535624251, "gravity_exponential": 144.6920540015247, "knn_logistic": 4.432792964247378 }, "geometry": { "type": "Point", "coordinates": [ 1951.469137067849488, 272.308419164969109 ] } },
{ "type": "Feature", "properties": { "reach": 263, "gravity_logistic": 56.913575564758389, "gravity_exponential": 126.17875743328666, "knn_logistic": 3.2086127311927353 }, "geometry": { "type": "Point", "coordinates": [ 2769.540063632700367, 4290.851063063842957 ] } },
{ "type": "Feature", "properties": { "reach": 243, "gravity_logistic": 67.97286180406266, "gravity_exponential": 122.79886245906744, "knn_logistic": 4.1429092625223909 }, "geometry": { "type": "Point", "coordinates": [ 354.182006026161389, 221.851358958199086 ] } },
{ "type": "Feature", "properties": { "reach": 463, "gravity_logistic": 91.190910197843692, "gravity_exponential": 216.10124004744318, "knn_logistic": 3.9310521054742145 }, "geometry": { "type": "Point", "coordinates": [ 3131.922554208550082, 1956.425222328808331 ] } },
{ "type": "Feature", "properties": { "reach": 344, "gravity_logistic": 66.483509796814715, "gravity_exponential": 162.15243517715237, "knn_logistic": 3.0863846723902695 }, "geometry": { "type": "Point", "coordinates": [ 209.347591576768252, 1487.200667436091408 ] } },
{ "type": "Feature", "properties": { "reach": 280, "gravity_logistic": 76.975242653125306, "gravity_exponential": 142.96714064830539, "knn_logistic": 2.4032433680605614 }, "geometry": { "type": "Point", "coordinates": [ 4313.693280922404483, 272.140385025588728 ] } },
{ "type": "Feature", "properties": { "reach": 454, "gravity_logistic": 94.976922902623343, "gravity_exponential": 216.35417844825182, "knn_logistic": 3.9596641009133968 }, "geometry": { "type": "Point", "coordinates": [ 3466.916385709765564, 1747.815665996939288 ] } },
{ "type": "Feature", "properties": { "reach": 261, "gravity_logistic": 48.843235158337357, "gravity_exponential": 121.32364845354526, "knn_logistic": 4.4182266807036861 }, "geometry": { "type": "Point", "coordinates": [ 51.617789954322411, 2550.959043570381709 ] } },
{ "type": "Feature", "properties": { "reach": 395, "gravity_logistic": 89.113365643377264, "gravity_exponential": 190.22047624388364, "knn_logistic": 3.6684288668707028 }, "geometry": { "type": "Point", "coordinates": [ 1182.596971569661719, 549.325386248069435 ] } },
{ "type": "Feature", "properties": { "reach": 311, "gravity_logistic": 78.119924656399178, "gravity_exponential": 152.87770994022947, "knn_logistic": 3.7790133703033537 }, "geometry": { "type": "Point", "coordinates": [ 4730.28158148080729, 758.249610147539556 ] } },
{ "type": "Feature", "properties": { "reach": 459, "gravity_logistic": 86.554255705492253, "gravity_exponential": 212.29678798324341, "knn_logistic": 3.8160858128761239 }, "geometry": { "type": "Point", "coordinates": [ 3134.178025317800348, 3013.256017716494171 ] } },
{ "type": "Feature", "properties": { "reach": 496, "gravity_logistic": 99.450071722570556, "gravity_exponential": 230.39088810334513, "knn_logistic": 3.8141677625723247 }, "geometry": { "type": "Point", "coordinates": [ 2033.096566593712168, 3009.973324807013796 ] } },
{ "type": "Feature", "properties": { "reach": 384, "gravity_logistic": 96.134541464587173, "gravity_exponential": 190.69879737218952, "knn_logistic": 2.5499686235875849 }, "geometry": { "type": "Point", "coordinates": [ 510.579994232477077, 2472.079308780596421 ] } },
{ "type": "Feature", "properties": { "reach": 304, "gravity_logistic": 76.069293821810788, "gravity_exponential": 149.40348606798585, "knn_logistic": 3.0775177158084297 }, "geometry": { "type": "Point", "coordinates": [ 293.31046464606726, 3247.466679043988734 ] } },
{ "type": "Feature", "properties": { "reach": 223, "gravity_logistic": 56.828796503268997, "gravity_exponential": 111.17324474810638, "knn_logistic": 2.4095017951921371 }, "geometry": { "type": "Point", "coordinates": [ 715.488163986476366, 4159.326202068142265 ] } },
{ "type": "Feature", "properties": { "reach": 366, "gravity_logistic": 90.881398033639684, "gravity_exponential": 178.72186046044195, "knn_logistic": 3.1675245564959225 }, "geometry": { "type": "Point", "coordinates": [ 337.461011444951964, 2144.31670264487866 ] } },
{ "type": "Feature", "properties": { "reach": 347, "gravity_logistic": 75.816343757511746, "gravity_exponential": 165.43022720368964, "knn_logistic": 2.1792663954739515 }, "geometry": { "type": "Point", "coordinates": [ 1210.116986741428718, 375.730390024258043 ] } },
{ "type": "Feature", "properties": { "reach": 373, "gravity_logistic": 88.239714898811002, "gravity_exponential": 183.2364944068315, "knn_logistic": 2.856428949565835 }, "geometry": { "type": "Point", "coordinates": [ 3133.393821078123437, 618.711594962396816 ] } },
{ "type": "Feature", "properties": { "reach": 468, "gravity_logistic": 103.3409704982428, "gravity_exponential": 223.50144356816787, "knn_logistic": 2.6371912435086347 }, "geometry": { "type": "Point", "coordinates": [ 3902.453734180548963, 1278.161281239685877 ] } },
{ "type": "Feature", "properties": { "reach": 463, "gravity_logistic": 104.54471329308879, "gravity_exponential": 223.20020544641196, "knn_logistic": 3.5078127201138645 }, "geometry": { "type": "Point", "coordinates": [ 3972.289261403683668, 1373.429888204224653 ] } },
{ "type": "Feature", "properties": { "reach": 195, "gravity_logistic": 61.431309090616956, "gravity_exponential": 102.10613255098548, "knn_logistic": 3.2455280307227459 }, "geometry": { "type": "Point", "coordinates": [ 56.82534330134532, 3702.620699837722441 ] } },
{ "type": "Feature", "properties": { "reach": 406, "gravity_logistic": 106.46888551995569, "gravity_exponential": 201.72122945393647, "knn_logistic": 3.7518555942307232 }, "geometry": { "type": "Point", "coordinates": [ 4454.100138884131411, 1580.656762404024903 ] } },
{ "type": "Feature", "properties": { "reach": 476, "gravity_logistic": 95.496963205402892, "gravity_exponential": 223.21336218357055, "knn_logistic": 2.5379226627213871 }, "geometry": { "type": "Point", "coordinates": [ 2008.195611082059486, 2804.617796543768691 ] } },
{ "type": "Feature", "properties": { "reach": 479, "gravity_logistic": 87.727725507505653, "gravity_exponential": 220.99076885096807, "knn_logistic": 2.3379161418255117 }, "geometry": { "type": "Point", "coordinates": [ 3871.913044943976274, 1978.257853459152557 ] } },
{ "type": "Feature", "properties": { "reach": 305, "gravity_logistic": 68.09331228291488, "gravity_exponential": 148.42750141295735, "knn_logistic": 2.9888631368631362 }, "geometry": { "type": "Point", "coordinates": [ 4812.641254484175988, 1372.076600117872658 ] } },
{ "type": "Feature", "properties": { "reach": 464, "gravity_logistic": 80.212819323495438, "gravity_exponential": 210.00891113340754, "knn_logistic": 2.6799571569535221 }, "geometry": { "type": "Point", "coordinates": [ 1812.351609593015155, 1458.759147215372195 ] } },
{ "type": "Feature", "properties": { "reach": 221, "gravity_logistic": 44.945150972283265, "gravity_exponential": 104.79752104975029, "knn_logistic": 1.1932180633033664 }, "geometry": { "type": "Point", "coordinates": [ 4977.488904209991233, 2637.327639315427859 ] } },
{ "type": "Feature", "properties": { "reach": 272, "gravity_logistic": 75.33222071083226, "gravity_exponential": 138.47444174923143, "knn_logistic": 3.9013726977174894 }, "geometry": { "type": "Point", "coordinates": [ 386.310588102134886, 3766.805772622838958 ] } },
{ "type": "Feature", "properties": { "reach": 412, "gravity_logistic": 88.759853865254058, "gravity_exponential": 194.74350550570048, "knn_logistic": 2.3148920666983139 }, "geometry": { "type": "Point", "coordinates": [ 2659.084831821905482, 770.88565504894359 ] } },
{ "type": "Feature", "properties": { "reach": 441, "gravity_logistic": 86.027797199625354, "gravity_exponential": 203.65784407773228, "knn_logistic": 2.5196067642234459 }, "geometry": { "type": "Point", "coordinates": [ 2640.757528001321134, 910.132335863785329 ] } },
{ "type": "Feature", "properties": { "reach": 286, "gravity_logistic": 65.336782075996396, "gravity_exponential": 138.30905967228122, "knn_logistic": 4.0222317164101948 }, "geometry": { "type": "Point", "coordinates": [ 717.367543158132207, 196.56090024149961 ] } },
{ "type": "Feature", "properties": { "reach": 442, "gravity_logistic": 89.086734853002824, "gravity_exponential": 206.2142644475249, "knn_logistic": 1.9842200005526638 }, "geometry": { "type": "Point", "coordinates": [ 2462.278952621663848, 1647.375663286608415 ] } },
{ "type": "Feature", "properties": { "reach": 336, "gravity_logistic": 81.247410089566841, "gravity_exponential": 165.29235560492288, "knn_logistic": 3.6422883059436488 }, "geometry": { "type": "Point", "coordinates": [ 217.64004122319912, 1140.011555142471025 ] } },
{ "type": "Feature", "properties": { "reach": 181, "gravity_logistic": 53.023109373972169, "gravity_exponential": 94.788071327501072, "knn_logistic": 2.5526722421269978 }, "geometry": { "type": "Point", "coordinates": [ 185.456227027007486, 4070.174965677847467 ] } },
{ "type": "Feature", "properties": { "reach": 333, "gravity_logistic": 76.373999402781635, "gravity_exponential": 161.69423524888285, "knn_logistic": 2.688749877719645 }, "geometry": { "type": "Point", "coordinates": [ 4749.800244569343704, 1374.054480377907112 ] } },
{ "type": "Feature", "properties": { "reach": 507, "gravity_logistic": 99.302477094786084, "gravity_exponential": 237.42174855715214, "knn_logistic": 4.4245020421426711 }, "geometry": { "type": "Point", "coordinates": [ 1244.221500207489953, 2581.534580341583023 ] } },
{ "type": "Feature", "properties": { "reach": 446, "gravity_logistic": 80.420064025226623, "gravity_exponential": 205.99000674670674, "knn_logistic": 3.7622981475615007 }, "geometry": { "type": "Point", "coordinates": [ 4069.362907115697453, 2404.651496868030335 ] } },
{ "type": "Feature", "properties": { "reach": 517, "gravity_logistic": 97.075169900255403, "gravity_exponential": 239.75867599756822, "knn_logistic": 3.5032086271594634 }, "geometry": { "type": "Point", "coordinates": [ 1151.919014313338039, 1663.122761609884037 ] } },
{ "type": "Feature", "properties": { "reach": 271, "gravity_logistic": 77.869581808575006, "gravity_exponential": 138.10413766347557, "knn_logistic": 1.9440003594733248 }, "geometry": { "type": "Point", "coordinates": [ 4368.437544956639613, 4068.837586364339131 ] } },
{ "type": "Feature", "properties": { "reach": 327, "gravity_logistic": 67.587539916969121, "gravity_exponential": 154.28188544245617, "knn_logistic": 2.2244071990151415 }, "geometry": { "type": "Point", "coordinates": [ 1208.88403334336158, 294.914942918997554 ] } },
{ "type": "Feature", "properties": { "reach": 529, "gravity_logistic": 98.0946369097136, "gravity_exponential": 243.90602324564827, "knn_logistic": 2.4871624559036811 }, "geometry": { "type": "Point", "coordinates": [ 1211.712671056348427, 1741.417718737154473 ] } },
{ "type": "Feature", "properties": { "reach": 224, "gravity_logistic": 66.971349421807545, "gravity_exponential": 116.10526787980017, "knn_logistic": 2.761715659391927 }, "geometry": { "type": "Point", "coordinates": [ 110.027596452880232, 3537.674066486877109 ] } },
{ "type": "Feature", "properties": { "reach": 477, "gravity_logistic": 90.770547048060692, "gravity_exponential": 220.33010380077391, "knn_logistic": 2.8447159538907023 }, "geometry": { "type": "Point", "coordinates": [ 2475.262870219085926, 2819.571503731628582 ] } },
{ "type": "Feature", "properties": { "reach": 330, "gravity_logistic": 90.110210347649954, "gravity_exponential": 166.73788427843738, "knn_logistic": 2.4284807868686973 }, "geometry": { "type": "Point", "coordinates": [ 4178.578738330452325, 425.895691330693921 ] } },
{ "type": "Feature", "properties": { "reach": 247, "gravity_logistic": 50.065347298488831, "gravity_exponential": 116.9261658986436, "knn_logistic": 2.2339116590030192 }, "geometry": { "type": "Point", "coordinates": [ 1425.818768166459904, 90.077460315894115 ] } },
{ "type": "Feature", "properties": { "reach": 330, "gravity_logistic": 83.952653446039363, "gravity_exponential": 163.51822049600966, "knn_logistic": 2.2434704956941123 }, "geometry": { "type": "Point", "coordinates": [ 4564.947610270661244, 649.745091445460844 ] } },
{ "type": "Feature", "properties": { "reach": 342, "gravity_logistic": 74.571185514319296, "gravity_exponential": 165.58000168000689, "knn_logistic": 2.8093550455625818 }, "geometry": { "type": "Point", "coordinates": [ 454.556453692670402, 3079.579080975253873 ] } },
{ "type": "Feature", "properties": { "reach": 441, "gravity_logistic": 89.689036303400997, "gravity_exponential": 207.82905949435033, "knn_logistic": 3.4488133794556926 }, "geometry": { "type": "Point", "coordinates": [ 3351.648261382973487, 2618.053631286415111 ] } },
{ "type": "Feature", "properties": { "reach": 459, "gravity_logistic": 88.032015842448345, "gravity_exponential": 213.0194465047872, "knn_logistic": 1.995345226161781 }, "geometry": { "type": "Point", "coordinates": [ 3000.047109734656715, 1760.325058326335238 ] } },
{ "type": "Feature", "properties": { "reach": 291, "gravity_logistic": 65.415298210039865, "gravity_exponential": 140.11076345850631, "knn_logistic": 1.9253689873551445 }, "geometry": { "type": "Point", "coordinates": [ 969.219757711984244, 4012.045952200569445 ] } },
{ "type": "Feature", "properties": { "reach": 215, "gravity_logistic": 58.936479959866702, "gravity_exponential": 108.38177531625691, "knn_logistic": 4.0792011267870567 }, "geometry": { "type": "Point", "coordinates": [ 328.749927953052804, 134.639524192342435 ] } },
{ "type": "Feature", "properties": { "reach": 470, "gravity_logistic": 111.20536857783605, "gravity_exponential": 229.09572372130364, "knn_logistic": 3.8069055710855113 }, "geometry": { "type": "Point", "coordinates": [ 771.624778233991947, 953.829667222891089 ] } },
{ "type": "Feature", "properties": { "reach": 426, "gravity_logistic": 77.647292160827661, "gravity_exponential": 196.21299626452407, "knn_logistic": 2.387939214997306 }, "geometry": { "type": "Point", "coordinates": [ 1041.953317657302932, 3425.559691682280118 ] } },
{ "type": "Feature", "properties": { "reach": 470, "gravity_logistic": 85.735467161845889, "gravity_exponential": 218.94210574301948, "knn_logistic": 2.634574880742286 }, "geometry": { "type": "Point", "coordinates": [ 2492.410611854739727, 3187.36982864526135 ] } },
{ "type": "Feature", "properties": { "reach": 409, "gravity_logistic": 104.91534831258511, "gravity_exponential": 203.1810268622817, "knn_logistic": 2.7491020544377927 }, "geometry": { "type": "Point", "coordinates": [ 2242.355560888877335, 3738.305155161664516 ] } },
{ "type": "Feature", "properties": { "reach": 283, "gravity_logistic": 80.85028192764868, "gravity_exponential": 145.10698072376536, "knn_logistic": 2.9494212362753478 }, "geometry": { "type": "Point", "coordinates": [ 4532.082670000999315, 457.952392099817246 ] } },
{ "type": "Feature", "properties": { "reach": 432, "gravity_logistic": 77.655165180986643, "gravity_exponential": 199.58829108258988, "knn_logistic": 2.6104618967015778 }, "geometry": { "type": "Point", "coordinates": [ 4068.997912945791086, 2667.001270368281439 ] } },
{ "type": "Feature", "properties": { "reach": 423, "gravity_logistic": 83.165845512157503, "gravity_exponential": 197.06995259081583, "knn_logistic": 3.4676661893183338 }, "geometry": { "type": "Point", "coordinates": [ 2200.384986643537104, 1179.961504234733866 ] } },
{ "type": "Feature", "properties": { "reach": 215, "gravity_logistic": 50.956786038989101, "gravity_exponential": 104.99479665434554, "knn_logistic": 3.6812050322822305 }, "geometry": { "type": "Point", "coordinates": [ 5005.467460323677187, 3262.265777267767589 ] } },
{ "type": "Feature", "properties": { "reach": 376, "gravity_logistic": 100.65875145318408, "gravity_exponential": 189.22267590240534, "knn_logistic": 3.3674536305469172 }, "geometry": { "type": "Point", "coordinates": [ 463.196579764246451, 2313.582420661986362 ] } },
{ "type": "Feature", "properties": { "reach": 359, "gravity_logistic": 72.257309922616329, "gravity_exponential": 169.72742701214523, "knn_logistic": 3.562588078655998 }, "geometry": { "type": "Point", "coordinates": [ 4618.404840779469851, 2210.891683255280896 ] } },
{ "type": "Feature", "properties": { "reach": 312, "gravity_logistic": 88.77236837954851, "gravity_exponential": 158.06585160190133, "knn_logistic": 2.4085451359679464 }, "geometry": { "type": "Point", "coordinates": [ 439.832698272306232, 417.048157744805224 ] } },
{ "type": "Feature", "properties": { "reach": 398, "gravity_logistic": 84.873955010164494, "gravity_exponential": 190.82887873000405, "knn_logistic": 2.265159730059763 }, "geometry": { "type": "Point", "coordinates": [ 3374.253541536240391, 3793.353206586997658 ] } },
{ "type": "Feature", "properties": { "reach": 414, "gravity_logistic": 101.71577420668936, "gravity_exponential": 203.89356067866007, "knn_logistic": 3.3367761589748079 }, "geometry": { "type": "Point", "coordinates": [ 2033.648499500851358, 3722.321075271067457 ] } },
{ "type": "Feature", "properties": { "reach": 250, "gravity_logistic": 40.422969435502438, "gravity_exponential": 112.97846016353049, "knn_logistic": 2.3855176639206475 }, "geometry": { "type": "Point", "coordinates": [ 21.154812271808577, 1926.204727731693765 ] } },
{ "type": "Feature", "properties": { "reach": 287, "gravity_logistic": 73.294298692172561, "gravity_exponential": 141.96207174889352, "knn_logistic": 2.3643715856207375 }, "geometry": { "type": "Point", "coordinates": [ 4773.390478452370189, 3188.826629126274383 ] } },
{ "type": "Feature", "properties": { "reach": 435, "gravity_logistic": 87.923149108716871, "gravity_exponential": 205.74393452543413, "knn_logistic": 3.7799423746440195 }, "geometry": { "type": "Point", "coordinates": [ 4168.504991651924684, 2148.461122642806913 ] } },
{ "type": "Feature", "properties": { "reach": 311, "gravity_logistic": 76.422926345586404, "gravity_exponential": 153.21213400018914, "knn_logistic": 3.1406838711524685 }, "geometry": { "type": "Point", "coordinates": [ 1694.589572596006974, 332.638225506489562 ] } },
{ "type": "Feature", "properties": { "reach": 383, "gravity_logistic": 90.929930556881089, "gravity_exponential": 187.01518104666002, "knn_logistic": 2.7279154915197443 }, "geometry": { "type": "Point", "coordinates": [ 4564.861988318417389, 1288.117242819002968 ] } },
{ "type": "Feature", "properties": { "reach": 376, "gravity_logistic": 81.233179725596401, "gravity_exponential": 179.8339480406753, "knn_logistic": 2.4232632063314248 }, "geometry": { "type": "Point", "coordinates": [ 1706.49096801081032, 627.375013171376395 ] } },
{ "type": "Feature", "properties": { "reach": 191, "gravity_logistic": 52.206600229742811, "gravity_exponential": 97.002953007087129, "knn_logistic": 2.3900374819984802 }, "geometry": { "type": "Point", "coordinates": [ 124.168596272991294, 221.160346928882831 ] } },
{ "type": "Feature", "properties": { "reach": 445, "gravity_logistic": 90.467134066622947, "gravity_exponential": 208.75122084804704, "knn_logistic": 3.1864309544604068 }, "geometry": { "type": "Point", "coordinates": [ 3396.442991192254794, 3190.135510258849081 ] } },
{ "type": "Feature", "properties": { "reach": 433, "gravity_logistic": 87.369166247438528, "gravity_exponential": 203.78014638743383, "knn_logistic": 1.6363203246197189 }, "geometry": { "type": "Point", "coordinates": [ 3331.175025109718263, 3574.070544349025113 ] } },
{ "type": "Feature", "properties": { "reach": 383, "gravity_logistic": 84.749789543560169, "gravity_exponential": 183.60844881905501, "knn_logistic": 2.0318798243282421 }, "geometry": { "type": "Point", "coordinates": [ 1416.549761425356337, 651.516263257148921 ] } },
{ "type": "Feature", "properties": { "reach": 497, "gravity_logistic": 119.08806521547314, "gravity_exponential": 243.90652537057829, "knn_logistic": 4.2777477308354603 }, "geometry": { "type": "Point", "coordinates": [ 827.409635292296343, 2009.987759423160242 ] } },
{ "type": "Feature", "properties": { "reach": 377, "gravity_logistic": 88.831527455020279, "gravity_exponential": 185.75167773139671, "knn_logistic": 3.0251419952318117 }, "geometry": { "type": "Point", "coordinates": [ 4273.509319461364612, 3631.922422165112039 ] } },
{ "type": "Feature", "properties": { "reach": 468, "gravity_logistic": 88.816086772417364, "gravity_exponential": 217.08534571960666, "knn_logistic": 3.9704913412571905 }, "geometry": { "type": "Point", "coordinates": [ 2057.740361414427298, 1978.312821886515394 ] } },
{ "type": "Feature", "properties": { "reach": 360, "gravity_logistic": 87.332133155736486, "gravity_exponential": 177.50231003340332, "knn_logistic": 2.3528102583778887 }, "geometry": { "type": "Point", "coordinates": [ 4471.332477882790954, 712.574615292578528 ] } },
{ "type": "Feature", "properties": { "reach": 466, "gravity_logistic": 106.2086554467825, "gravity_exponential": 226.78700893885173, "knn_logistic": 3.8756237225236743 }, "geometry": { "type": "Point", "coordinates": [ 4123.178859670783822, 1241.847760663739564 ] } },
{ "type": "Feature", "properties": { "reach": 298, "gravity_logistic": 71.285555970815793, "gravity_exponential": 145.23433628176022, "knn_logistic": 2.2911808022346123 }, "geometry": { "type": "Point", "coordinates": [ 661.121034131345937, 243.466441620866817 ] } },
{ "type": "Feature", "properties": { "reach": 268, "gravity_logistic": 66.30994070538938, "gravity_exponential": 133.37251752561747, "knn_logistic": 2.7385625312362785 }, "geometry": { "type": "Point", "coordinates": [ 4772.217558388897487, 3631.466642098327611 ] } },
{ "type": "Feature", "properties": { "reach": 334, "gravity_logistic": 81.768795467727429, "gravity_exponential": 164.17162074604897, "knn_logistic": 3.9683758029510932 }, "geometry": { "type": "Point", "coordinates": [ 4602.488449402989318, 3134.380456864180815 ] } },
{ "type": "Feature", "properties": { "reach": 463, "gravity_logistic": 97.022807724108475, "gravity_exponential": 220.40950579908861, "knn_logistic": 3.3637073156199353 }, "geometry": { "type": "Point", "coordinates": [ 1865.825613304544277, 3004.261744781900234 ] } },
{ "type": "Feature", "properties": { "reach": 418, "gravity_logistic": 79.584246445708843, "gravity_exponential": 195.39335412766403, "knn_logistic": 2.9001619804586234 }, "geometry": { "type": "Point", "coordinates": [ 3475.484047717045996, 659.851998853612486 ] } },
{ "type": "Feature", "properties": { "reach": 484, "gravity_logistic": 90.25142671914837, "gravity_exponential": 224.12903641457399, "knn_logistic": 2.7367582126963055 }, "geometry": { "type": "Point", "coordinates": [ 1335.448082216073317, 1317.570482789574271 ] } },
{ "type": "Feature", "properties": { "reach": 287, "gravity_logistic": 75.999864201368709, "gravity_exponential": 145.51567124527992, "knn_logistic": 3.8106491679369472 }, "geometry": { "type": "Point", "coordinates": [ 420.305879416038294, 3685.516305426620875 ] } },
{ "type": "Feature", "properties": { "reach": 316, "gravity_logistic": 71.110274875145365, "gravity_exponential": 152.58610107053545, "knn_logistic": 3.9753685249864459 }, "geometry": { "type": "Point", "coordinates": [ 1157.270895825264915, 3937.586426672591642 ] } },
{ "type": "Feature", "properties": { "reach": 293, "gravity_logistic": 73.157063650810272, "gravity_exponential": 145.04040601444817, "knn_logistic": 4.5315981867956117 }, "geometry": { "type": "Point", "coordinates": [ 2697.059260577788791, 240.883260880546629 ] } },
{ "type": "Feature", "properties": { "reach": 428, "gravity_logistic": 87.098093266587441, "gravity_exponential": 199.44622261154251, "knn_logistic": 3.3616513338179903 }, "geometry": { "type": "Point", "coordinates": [ 2612.93451648239261, 823.452023759799317 ] } },
{ "type": "Feature", "properties": { "reach": 407, "gravity_logistic": 75.836022872241884, "gravity_exponential": 189.73292455317471, "knn_logistic": 2.8385627546365955 }, "geometry": { "type": "Point", "coordinates": [ 710.653376194685393, 3242.980793073966197 ] } },
{ "type": "Feature", "properties": { "reach": 478, "gravity_logistic": 93.904288759342251, "gravity_exponential": 222.94426791330997, "knn_logistic": 2.8560036912610158 }, "geometry": { "type": "Point", "coordinates": [ 2141.375024477428724, 3126.499076012060414 ] } },
{ "type": "Feature", "properties": { "reach": 463, "gravity_logistic": 89.066814800449905, "gravity_exponential": 216.15038153614634, "knn_logistic": 4.8821597775037748 }, "geometry": { "type": "Point", "coordinates": [ 3696.459679946507549, 993.785711655539558 ] } },
{ "type": "Feature", "properties": { "reach": 408, "gravity_logistic": 87.920319719118766, "gravity_exponential": 196.31943840087297, "knn_logistic": 2.7594389262706072 }, "geometry": { "type": "Point", "coordinates": [ 4224.32720054688707, 3516.54683687433635 ] } },
{ "type": "Feature", "properties": { "reach": 517, "gravity_logistic": 94.975461267649962, "gravity_exponential": 238.56383798559742, "knn_logistic": 3.5665093066926103 }, "geometry": { "type": "Point", "coordinates": [ 1322.360449808064459, 1899.476755687118839 ] } },
{ "type": "Feature", "properties": { "reach": 193, "gravity_logistic": 57.2135200615446, "gravity_exponential": 100.09964488944249, "knn_logistic": 3.1880591172122008 }, "geometry": { "type": "Point", "coordinates": [ 290.091955612311722, 4122.766700073927495 ] } },
{ "type": "Feature", "properties": { "reach": 211, "gravity_logistic": 45.888998153969673, "gravity_exponential": 100.22761652670634, "knn_logistic": 3.0339075370220288 }, "geometry": { "type": "Point", "coordinates": [ 4916.986736809319154, 3959.856117063525289 ] } },
{ "type": "Feature", "properties": { "reach": 350, "gravity_logistic": 92.077047407871163, "gravity_exponential": 177.97482758095441, "knn_logistic": 2.3376765046390031 }, "geometry": { "type": "Point", "coordinates": [ 522.09655965277102, 628.664487397261723 ] } },
{ "type": "Feature", "properties": { "reach": 436, "gravity_logistic": 107.56529580134715, "gravity_exponential": 214.5723980325449, "knn_logistic": 4.5094751763976273 }, "geometry": { "type": "Point", "coordinates": [ 663.133794293839173, 2443.082363438896209 ] } },
{ "type": "Feature", "properties": { "reach": 263, "gravity_logistic": 69.635726853468356, "gravity_exponential": 132.07139781173822, "knn_logistic": 2.7382799371129387 }, "geometry": { "type": "Point", "coordinates": [ 4841.747229161735959, 755.475694809327138 ] } },
{ "type": "Feature", "properties": { "reach": 446, "gravity_logistic": 100.14182640449992, "gravity_exponential": 213.76968968873797, "knn_logistic": 3.041537168305315 }, "geometry": { "type": "Point", "coordinates": [ 1814.296649374886783, 3430.521328455620733 ] } },
{ "type": "Feature", "properties": { "reach": 475, "gravity_logistic": 89.870714582286212, "gravity_exponential": 218.88680276860316, "knn_logistic": 2.6269491804105516 }, "geometry": { "type": "Point", "coordinates": [ 2751.190377986669318, 3335.546608973389084 ] } },
{ "type": "Feature", "properties": { "reach": 460, "gravity_logistic": 86.560230452340122, "gravity_exponential": 212.25377932896748, "knn_logistic": 3.8777947241235862 }, "geometry": { "type": "Point", "coordinates": [ 3120.595047738375797, 1538.295409892711632 ] } },
{ "type": "Feature", "properties": { "reach": 462, "gravity_logistic": 111.59131407961337, "gravity_exponential": 226.74375113705139, "knn_logistic": 3.0162880640856335 }, "geometry": { "type": "Point", "coordinates": [ 4122.102172682806668, 1467.237488905377404 ] } },
{ "type": "Feature", "properties": { "reach": 305, "gravity_logistic": 69.471497148825719, "gravity_exponential": 147.21531403614847, "knn_logistic": 1.9291259124659206 }, "geometry": { "type": "Point", "coordinates": [ 2862.345962385832991, 4195.272319247534142 ] } },
{ "type": "Feature", "properties": { "reach": 509, "gravity_logistic": 109.29064666084899, "gravity_exponential": 240.96362938890499, "knn_logistic": 1.041204757099484 }, "geometry": { "type": "Point", "coordinates": [ 1461.741894609062001, 2417.98216019697702 ] } },
{ "type": "Feature", "properties": { "reach": 506, "gravity_logistic": 104.09887784545943, "gravity_exponential": 240.38503423584621, "knn_logistic": 3.2289556464303169 }, "geometry": { "type": "Point", "coordinates": [ 1198.028296954590132, 1920.919777097782799 ] } },
{ "type": "Feature", "properties": { "reach": 519, "gravity_logistic": 102.72043607867595, "gravity_exponential": 241.87883867892893, "knn_logistic": 3.6698626179639757 }, "geometry": { "type": "Point", "coordinates": [ 1439.944865811192585, 2093.001077741452264 ] } },
{ "type": "Feature", "properties": { "reach": 469, "gravity_logistic": 97.509586348552162, "gravity_exponential": 224.4973335879115, "knn_logistic": 3.1563551350848389 }, "geometry": { "type": "Point", "coordinates": [ 3851.245974073719026, 1609.003481979327489 ] } },
{ "type": "Feature", "properties": { "reach": 241, "gravity_logistic": 64.376286073861877, "gravity_exponential": 121.32890147792364, "knn_logistic": 2.6506620358947202 }, "geometry": { "type": "Point", "coordinates": [ 4842.254179000014119, 2722.812103719285005 ] } },
{ "type": "Feature", "properties": { "reach": 521, "gravity_logistic": 99.661203421833903, "gravity_exponential": 242.84987488768832, "knn_logistic": 2.5005025209520064 }, "geometry": { "type": "Point", "coordinates": [ 1212.87684189221045, 1794.71213393722428 ] } },
{ "type": "Feature", "properties": { "reach": 253, "gravity_logistic": 55.558508078599885, "gravity_exponential": 121.17072790585458, "knn_logistic": 4.9706215511982927 }, "geometry": { "type": "Point", "coordinates": [ 2528.807041660424147, 4306.635429129149998 ] } },
{ "type": "Feature", "properties": { "reach": 376, "gravity_logistic": 80.164701521236111, "gravity_exponential": 179.59074004509091, "knn_logistic": 2.3270855372697481 }, "geometry": { "type": "Point", "coordinates": [ 1957.319852580810903, 607.511785953769049 ] } },
{ "type": "Feature", "properties": { "reach": 491, "gravity_logistic": 99.12195022398781, "gravity_exponential": 230.68195529056811, "knn_logistic": 1.6347105343214192 }, "geometry": { "type": "Point", "coordinates": [ 1884.125343395251775, 2857.690416481905686 ] } },
{ "type": "Feature", "properties": { "reach": 434, "gravity_logistic": 88.047417633159213, "gravity_exponential": 204.0193083576639, "knn_logistic": 4.4193005587686951 }, "geometry": { "type": "Point", "coordinates": [ 2311.939438492536283, 1741.036222336451374 ] } },
{ "type": "Feature", "properties": { "reach": 468, "gravity_logistic": 85.640676945356489, "gravity_exponential": 214.90130122906737, "knn_logistic": 3.5421537104762733 }, "geometry": { "type": "Point", "coordinates": [ 2788.894445515466941, 2806.813190029376983 ] } },
{ "type": "Feature", "properties": { "reach": 494, "gravity_logistic": 97.277882575291528, "gravity_exponential": 231.49413206851793, "knn_logistic": 4.6541834645868896 }, "geometry": { "type": "Point", "coordinates": [ 2037.668428055087816, 2263.453380264510542 ] } },
{ "type": "Feature", "properties": { "reach": 371, "gravity_logistic": 86.638027941002534, "gravity_exponential": 180.87953989965587, "knn_logistic": 2.7298077608318545 }, "geometry": { "type": "Point", "coordinates": [ 4607.782964246805022, 1267.532588246150453 ] } },
{ "type": "Feature", "properties": { "reach": 454, "gravity_logistic": 100.88216205449251, "gravity_exponential": 219.1527772287217, "knn_logistic": 4.4329423115041884 }, "geometry": { "type": "Point", "coordinates": [ 1983.328863925190944, 3446.904229843224584 ] } },
{ "type": "Feature", "properties": { "reach": 234, "gravity_logistic": 50.295120445021119, "gravity_exponential": 110.99535011266947, "knn_logistic": 2.3322053474012021 }, "geometry": { "type": "Point", "coordinates": [ 3066.659623015522811, 0.244439123901045 ] } },
{ "type": "Feature", "properties": { "reach": 289, "gravity_logistic": 60.408008668887106, "gravity_exponential": 136.35784905902258, "knn_logistic": 3.0865444430895854 }, "geometry": { "type": "Point", "coordinates": [ 3366.940770332953434, 165.548780012475589 ] } },
{ "type": "Feature", "properties": { "reach": 491, "gravity_logistic": 88.897013100319654, "gravity_exponential": 226.32543814899802, "knn_logistic": 3.012289438858097 }, "geometry": { "type": "Point", "coordinates": [ 1562.815969049937394, 3028.029282355943906 ] } },
{ "type": "Feature", "properties": { "reach": 387, "gravity_logistic": 81.481567902772127, "gravity_exponential": 184.08476808141523, "knn_logistic": 2.7836955216347139 }, "geometry": { "type": "Point", "coordinates": [ 2008.583387117037091, 608.455552159885087 ] } },
{ "type": "Feature", "properties": { "reach": 334, "gravity_logistic": 72.539488450796298, "gravity_exponential": 159.76191837480442, "knn_logistic": 1.4103339996503417 }, "geometry": { "type": "Point", "coordinates": [ 1003.131141441134787, 3861.388857592401564 ] } },
{ "type": "Feature", "properties": { "reach": 413, "gravity_logistic": 94.648512336100183, "gravity_exponential": 200.64114444182374, "knn_logistic": 1.3543783773814873 }, "geometry": { "type": "Point", "coordinates": [ 2824.536652730396327, 3740.339750564961832 ] } },
{ "type": "Feature", "properties": { "reach": 404, "gravity_logistic": 76.587700742963108, "gravity_exponential": 188.86446312373121, "knn_logistic": 3.0914789516537362 }, "geometry": { "type": "Point", "coordinates": [ 658.589037584769471, 3112.608143079629826 ] } },
{ "type": "Feature", "properties": { "reach": 394, "gravity_logistic": 86.455127531606237, "gravity_exponential": 187.96700777203171, "knn_logistic": 2.7120997497118942 }, "geometry": { "type": "Point", "coordinates": [ 1513.175721503727573, 3740.934190040942212 ] } },
{ "type": "Feature", "properties": { "reach": 430, "gravity_logistic": 103.09436995867203, "gravity_exponential": 210.38825412692654, "knn_logistic": 3.8190952170880963 }, "geometry": { "type": "Point", "coordinates": [ 2308.873587072135251, 3648.980744373619473 ] } },
{ "type": "Feature", "properties": { "reach": 355, "gravity_logistic": 84.905059717481777, "gravity_exponential": 175.13372078840217, "knn_logistic": 2.4145419306894098 }, "geometry": { "type": "Point", "coordinates": [ 2401.377503076407265, 495.345574575560363 ] } },
{ "type": "Feature", "properties": { "reach": 361, "gravity_logistic": 74.580949309700443, "gravity_exponential": 171.52467518768307, "knn_logistic": 4.6525120676667786 }, "geometry": { "type": "Point", "coordinates": [ 248.418147011655776, 1376.311906981591619 ] } },
{ "type": "Feature", "properties": { "reach": 459, "gravity_logistic": 98.259283438286204, "gravity_exponential": 218.7334965217791, "knn_logistic": 2.0133024401818829 }, "geometry": { "type": "Point", "coordinates": [ 4071.428381124606858, 924.318730252845512 ] } },
{ "type": "Feature", "properties": { "reach": 203, "gravity_logistic": 52.16674323043852, "gravity_exponential": 101.07353239693454, "knn_logistic": 4.5981663476144208 }, "geometry": { "type": "Point", "coordinates": [ 616.775299558784809, 4235.322642330247618 ] } },
{ "type": "Feature", "properties": { "reach": 286, "gravity_logistic": 61.280310459526056, "gravity_exponential": 135.27166600020126, "knn_logistic": 2.4854431896738189 }, "geometry": { "type": "Point", "coordinates": [ 1209.042781676926552, 4116.605210151205029 ] } },
{ "type": "Feature", "properties": { "reach": 470, "gravity_logistic": 84.497414598274474, "gravity_exponential": 216.25875149548773, "knn_logistic": 2.1504527480111255 }, "geometry": { "type": "Point", "coordinates": [ 1120.058474622389895, 2859.491644212533174 ] } },
{ "type": "Feature", "properties": { "reach": 456, "gravity_logistic": 81.302617581997467, "gravity_exponential": 207.78343460187489, "knn_logistic": 2.2130520894765167 }, "geometry": { "type": "Point", "coordinates": [ 976.999552060292672, 3023.433128625354584 ] } },
{ "type": "Feature", "properties": { "reach": 456, "gravity_logistic": 85.573543787990673, "gravity_exponential": 210.94518285296107, "knn_logistic": 2.4114133775413329 }, "geometry": { "type": "Point", "coordinates": [ 4149.766287890532112, 3301.446674758689824 ] } },
{ "type": "Feature", "properties": { "reach": 459, "gravity_logistic": 95.295930021984617, "gravity_exponential": 217.67704450693378, "knn_logistic": 2.7719468486369911 }, "geometry": { "type": "Point", "coordinates": [ 2487.045777750677189, 3462.816635715763368 ] } },
{ "type": "Feature", "properties": { "reach": 464, "gravity_logistic": 80.304998155906532, "gravity_exponential": 210.41027928005354, "knn_logistic": 3.2192064562629779 }, "geometry": { "type": "Point", "coordinates": [ 1835.809509268477541, 1594.292963008605284 ] } },
{ "type": "Feature", "properties": { "reach": 287, "gravity_logistic": 73.7831522164945, "gravity_exponential": 143.39921975372354, "knn_logistic": 4.7980543427684985 }, "geometry": { "type": "Point", "coordinates": [ 3907.57083987775286, 4199.825702912685301 ] } },
{ "type": "Feature", "properties": { "reach": 455, "gravity_logistic": 87.893064752387787, "gravity_exponential": 211.49855952433899, "knn_logistic": 3.7201226662526263 }, "geometry": { "type": "Point", "coordinates": [ 2896.873725571540035, 1647.951001182707387 ] } },
{ "type": "Feature", "properties": { "reach": 419, "gravity_logistic": 105.93401413732924, "gravity_exponential": 207.85285349954293, "knn_logistic": 1.9866660943475551 }, "geometry": { "type": "Point", "coordinates": [ 520.549010219482398, 989.86202610972623 ] } },
{ "type": "Feature", "properties": { "reach": 307, "gravity_logistic": 63.399202332828864, "gravity_exponential": 146.48224857134514, "knn_logistic": 2.2038635820738586 }, "geometry": { "type": "Point", "coordinates": [ 4841.92774101075247, 1299.060196214892585 ] } },
{ "type": "Feature", "properties": { "reach": 303, "gravity_logistic": 87.417918989903313, "gravity_exponential": 154.46110466663336, "knn_logistic": 1.4663204208807104 }, "geometry": { "type": "Point", "coordinates": [ 218.900940531610075, 728.366879189738256 ] } },
{ "type": "Feature", "properties": { "reach": 266, "gravity_logistic": 78.96818991371947, "gravity_exponential": 136.6368089706323, "knn_logistic": 1.9019842223557977 }, "geometry": { "type": "Point", "coordinates": [ 166.629850867472015, 559.821977726182581 ] } },
{ "type": "Feature", "properties": { "reach": 361, "gravity_logistic": 74.283596586657708, "gravity_exponential": 171.21608131481395, "knn_logistic": 2.687429176595689 }, "geometry": { "type": "Point", "coordinates": [ 440.693033539949226, 3004.489278162570372 ] } },
{ "type": "Feature", "properties": { "reach": 344, "gravity_logistic": 82.112135921015224, "gravity_exponential": 168.28754297375522, "knn_logistic": 4.4050315825947237 }, "geometry": { "type": "Point", "coordinates": [ 244.282721740222286, 1153.561075517912286 ] } },
{ "type": "Feature", "properties": { "reach": 354, "gravity_logistic": 90.95754189205168, "gravity_exponential": 175.07169232628513, "knn_logistic": 2.1967000528901046 }, "geometry": { "type": "Point", "coordinates": [ 2046.966469241154755, 3961.585298701205375 ] } },
{ "type": "Feature", "properties": { "reach": 405, "gravity_logistic": 82.356105666550036, "gravity_exponential": 192.49636328917447, "knn_logistic": 3.6011241138041319 }, "geometry": { "type": "Point", "coordinates": [ 4218.783840443163172, 2970.842482014956659 ] } },
{ "type": "Feature", "properties": { "reach": 450, "gravity_logistic": 86.512304820051426, "gravity_exponential": 209.24666652874248, "knn_logistic": 1.8875486003553168 }, "geometry": { "type": "Point", "coordinates": [ 3792.264318701952561, 2716.480305465990114 ] } },
{ "type": "Feature", "properties": { "reach": 212, "gravity_logistic": 63.188678925941026, "gravity_exponential": 109.09037288093505, "knn_logistic": 1.9497969855072705 }, "geometry": { "type": "Point", "coordinates": [ 382.120925342354269, 4083.764066892949813 ] } },
{ "type": "Feature", "properties": { "reach": 456, "gravity_logistic": 83.197762715489844, "gravity_exponential": 210.2905122262855, "knn_logistic": 5.0739003061956822 }, "geometry": { "type": "Point", "coordinates": [ 4180.91056286341427, 2298.652522360095645 ] } },
{ "type": "Feature", "properties": { "reach": 492, "gravity_logistic": 92.548599191715951, "gravity_exponential": 227.93528554567925, "knn_logistic": 2.8481930008443053 }, "geometry": { "type": "Point", "coordinates": [ 3600.465527775265855, 1486.531658995362932 ] } },
{ "type": "Feature", "properties": { "reach": 444, "gravity_logistic": 86.871440921616653, "gravity_exponential": 208.89946503432037, "knn_logistic": 2.5153584211082833 }, "geometry": { "type": "Point", "coordinates": [ 3173.315912224300973, 3189.404781978772462 ] } },
{ "type": "Feature", "properties": { "reach": 177, "gravity_logistic": 40.177266621064447, "gravity_exponential": 86.459979894921958, "knn_logistic": 3.4915968518327998 }, "geometry": { "type": "Point", "coordinates": [ 724.544178134403637, 4348.064942885831442 ] } },
{ "type": "Feature", "properties": { "reach": 444, "gravity_logistic": 79.918922384652831, "gravity_exponential": 204.68440320362362, "knn_logistic": 4.8168058181260696 }, "geometry": { "type": "Point", "coordinates": [ 2395.304698635728982, 989.508238220779731 ] } },
{ "type": "Feature", "properties": { "reach": 382, "gravity_logistic": 75.870284423358186, "gravity_exponential": 181.0199136931335, "knn_logistic": 2.4319960545586672 }, "geometry": { "type": "Point", "coordinates": [ 661.75207331265301, 3320.839387190420894 ] } },
{ "type": "Feature", "properties": { "reach": 461, "gravity_logistic": 81.175448433219131, "gravity_exponential": 210.58690335892751, "knn_logistic": 2.9638349450750741 }, "geometry": { "type": "Point", "coordinates": [ 1762.565632733701932, 1385.708346192598128 ] } },
{ "type": "Feature", "properties": { "reach": 301, "gravity_logistic": 76.068130252054502, "gravity_exponential": 150.96627305869708, "knn_logistic": 3.6646721707489727 }, "geometry": { "type": "Point", "coordinates": [ 492.67130490479218, 3676.998874265082577 ] } },
{ "type": "Feature", "properties": { "reach": 465, "gravity_logistic": 89.912003161937093, "gravity_exponential": 217.11135499885461, "knn_logistic": 4.7509266434288353 }, "geometry": { "type": "Point", "coordinates": [ 3721.366706994050674, 992.892763450827715 ] } },
{ "type": "Feature", "properties": { "reach": 513, "gravity_logistic": 102.99619136819972, "gravity_exponential": 238.85495772208554, "knn_logistic": 2.9703728934311573 }, "geometry": { "type": "Point", "coordinates": [ 1586.016378074459681, 2144.987083868925765 ] } },
{ "type": "Feature", "properties": { "reach": 475, "gravity_logistic": 91.786641737740382, "gravity_exponential": 221.29532800074765, "knn_logistic": 3.545964401107681 }, "geometry": { "type": "Point", "coordinates": [ 2284.348819171457308, 2254.277686405710028 ] } },
{ "type": "Feature", "properties": { "reach": 310, "gravity_logistic": 54.913629494757068, "gravity_exponential": 143.05619834180175, "knn_logistic": 1.2077096815795825 }, "geometry": { "type": "Point", "coordinates": [ 147.750066583519725, 1630.786437765720848 ] } },
{ "type": "Feature", "properties": { "reach": 356, "gravity_logistic": 82.52449112140242, "gravity_exponential": 171.68311853696923, "knn_logistic": 2.9189219703382125 }, "geometry": { "type": "Point", "coordinates": [ 4626.359424859092542, 1923.310287256032325 ] } },
{ "type": "Feature", "properties": { "reach": 436, "gravity_logistic": 82.411318928830894, "gravity_exponential": 204.29386082636634, "knn_logistic": 1.7633381718101633 }, "geometry": { "type": "Point", "coordinates": [ 1473.740107534838216, 3288.345419281984505 ] } },
{ "type": "Feature", "properties": { "reach": 381, "gravity_logistic": 102.09112307986399, "gravity_exponential": 190.86931324221757, "knn_logistic": 3.0560542831363571 }, "geometry": { "type": "Point", "coordinates": [ 455.760676210561314, 2251.289621297831218 ] } },
{ "type": "Feature", "properties": { "reach": 478, "gravity_logistic": 93.865720847932693, "gravity_exponential": 221.80972553173908, "knn_logistic": 4.2229832735609181 }, "geometry": { "type": "Point", "coordinates": [ 3296.361038878155341, 1676.666037563828013 ] } },
{ "type": "Feature", "properties": { "reach": 298, "gravity_logistic": 63.857677536185243, "gravity_exponential": 142.98594905606691, "knn_logistic": 3.5537310291734485 }, "geometry": { "type": "Point", "coordinates": [ 3133.728048451298037, 4200.092172493225917 ] } },
{ "type": "Feature", "properties": { "reach": 454, "gravity_logistic": 88.184753535463699, "gravity_exponential": 209.96196343172352, "knn_logistic": 2.6846419011049432 }, "geometry": { "type": "Point", "coordinates": [ 2440.115906127449762, 1983.595824789708331 ] } },
{ "type": "Feature", "properties": { "reach": 411, "gravity_logistic": 87.826801093734701, "gravity_exponential": 194.37778700920046, "knn_logistic": 2.3108448763665623 }, "geometry": { "type": "Point", "coordinates": [ 2619.724855735467372, 768.005409491174532 ] } },
{ "type": "Feature", "properties": { "reach": 472, "gravity_logistic": 82.077993446021608, "gravity_exponential": 214.09273456922452, "knn_logistic": 2.8835814679072249 }, "geometry": { "type": "Point", "coordinates": [ 1693.470510119542269, 1254.215543081392752 ] } },
{ "type": "Feature", "properties": { "reach": 433, "gravity_logistic": 80.240779331095808, "gravity_exponential": 199.43295028036334, "knn_logistic": 2.3387028202207474 }, "geometry": { "type": "Point", "coordinates": [ 1784.580759804890931, 935.981118050794407 ] } },
{ "type": "Feature", "properties": { "reach": 217, "gravity_logistic": 46.649610230094297, "gravity_exponential": 103.29434317606771, "knn_logistic": 2.7905635462950045 }, "geometry": { "type": "Point", "coordinates": [ 3794.674810037170573, 18.389398641557985 ] } },
{ "type": "Feature", "properties": { "reach": 319, "gravity_logistic": 72.110927359384036, "gravity_exponential": 153.45419638361957, "knn_logistic": 4.4170690055044384 }, "geometry": { "type": "Point", "coordinates": [ 222.923157233513564, 2223.08101658095211 ] } },
{ "type": "Feature", "properties": { "reach": 413, "gravity_logistic": 87.38014861738921, "gravity_exponential": 197.62320028918174, "knn_logistic": 3.2514848294108774 }, "geometry": { "type": "Point", "coordinates": [ 4260.919945236797503, 2148.41706897306949 ] } },
{ "type": "Feature", "properties": { "reach": 478, "gravity_logistic": 111.33219429903063, "gravity_exponential": 232.02125502059161, "knn_logistic": 4.3143573661809302 }, "geometry": { "type": "Point", "coordinates": [ 934.679402182320587, 964.300005566033747 ] } },
{ "type": "Feature", "properties": { "reach": 268, "gravity_logistic": 68.542870210141928, "gravity_exponential": 133.99783408329486, "knn_logistic": 2.5511928767410961 }, "geometry": { "type": "Point", "coordinates": [ 606.208964305436666, 3944.31136381937813 ] } },
{ "type": "Feature", "properties": { "reach": 403, "gravity_logistic": 77.310491063845689, "gravity_exponential": 189.84424739782554, "knn_logistic": 2.1162213308782034 }, "geometry": { "type": "Point", "coordinates": [ 2308.371328666073168, 697.567179505016838 ] } },
{ "type": "Feature", "properties": { "reach": 460, "gravity_logistic": 92.785503364821352, "gravity_exponential": 214.74869757652596, "knn_logistic": 3.0308235721601524 }, "geometry": { "type": "Point", "coordinates": [ 3435.16297429585893, 2421.765005910229775 ] } },
{ "type": "Feature", "properties": { "reach": 425, "gravity_logistic": 79.364274409911587, "gravity_exponential": 197.53197867879408, "knn_logistic": 3.0432474766163642 }, "geometry": { "type": "Point", "coordinates": [ 3531.510534644927702, 660.39296113371222 ] } },
{ "type": "Feature", "properties": { "reach": 449, "gravity_logistic": 88.122091611757497, "gravity_exponential": 210.20531563074425, "knn_logistic": 4.2200977213752813 }, "geometry": { "type": "Point", "coordinates": [ 3134.325213995502963, 1624.543124366596885 ] } },
{ "type": "Feature", "properties": { "reach": 195, "gravity_logistic": 43.193435450545635, "gravity_exponential": 94.610638914700289, "knn_logistic": 3.2747772514869582 }, "geometry": { "type": "Point", "coordinates": [ 480.063254382381217, -1.357170379402625 ] } },
{ "type": "Feature", "properties": { "reach": 449, "gravity_logistic": 82.660527991359459, "gravity_exponential": 207.63219589693099, "knn_logistic": 2.9908796943535831 }, "geometry": { "type": "Point", "coordinates": [ 3061.54997035166798, 2455.91356003166311 ] } },
{ "type": "Feature", "properties": { "reach": 432, "gravity_logistic": 85.790006879811372, "gravity_exponential": 204.13499977934541, "knn_logistic": 2.67971091870207 }, "geometry": { "type": "Point", "coordinates": [ 3409.02922393871404, 3499.583855200154176 ] } },
{ "type": "Feature", "properties": { "reach": 446, "gravity_logistic": 91.832204210798395, "gravity_exponential": 210.52285629335776, "knn_logistic": 3.2819968827108763 }, "geometry": { "type": "Point", "coordinates": [ 3601.018730700769538, 2200.69548997890297 ] } },
{ "type": "Feature", "properties": { "reach": 441, "gravity_logistic": 81.684765826118564, "gravity_exponential": 204.51638137404407, "knn_logistic": 1.7620896769249637 }, "geometry": { "type": "Point", "coordinates": [ 2545.26645538408593, 1260.97522925479916 ] } },
{ "type": "Feature", "properties": { "reach": 313, "gravity_logistic": 75.447780072767998, "gravity_exponential": 153.1410880457303, "knn_logistic": 3.3650735913925822 }, "geometry": { "type": "Point", "coordinates": [ 1957.585672010941835, 329.161490426662851 ] } },
{ "type": "Feature", "properties": { "reach": 411, "gravity_logistic": 106.89067543323956, "gravity_exponential": 205.28254579343559, "knn_logistic": 3.1184333629111234 }, "geometry": { "type": "Point", "coordinates": [ 4397.677017396838892, 1689.414336689693073 ] } },
{ "type": "Feature", "properties": { "reach": 308, "gravity_logistic": 83.96684500054009, "gravity_exponential": 156.65115173393457, "knn_logistic": 2.4667742792929239 }, "geometry": { "type": "Point", "coordinates": [ 4248.252022597762334, 332.19504968743189 ] } },
{ "type": "Feature", "properties": { "reach": 470, "gravity_logistic": 110.9919713996258, "gravity_exponential": 230.56632864001395, "knn_logistic": 3.7636585383334769 }, "geometry": { "type": "Point", "coordinates": [ 768.476190926842378, 1751.373278888817367 ] } },
{ "type": "Feature", "properties": { "reach": 392, "gravity_logistic": 83.136200769810941, "gravity_exponential": 183.65628482545483, "knn_logistic": 2.6496606691340228 }, "geometry": { "type": "Point", "coordinates": [ 4462.012909328260321, 2640.045366273618129 ] } },
{ "type": "Feature", "properties": { "reach": 396, "gravity_logistic": 88.435938048330399, "gravity_exponential": 192.5650717551465, "knn_logistic": 2.8693244956694288 }, "geometry": { "type": "Point", "coordinates": [ 4203.761670300727019, 3578.583905496026091 ] } },
{ "type": "Feature", "properties": { "reach": 312, "gravity_logistic": 65.930693719664589, "gravity_exponential": 148.27668520067041, "knn_logistic": 2.8071685534893791 }, "geometry": { "type": "Point", "coordinates": [ 1285.982536038626904, 273.67850600938084 ] } },
{ "type": "Feature", "properties": { "reach": 280, "gravity_logistic": 79.277314546636489, "gravity_exponential": 142.01188658617431, "knn_logistic": 4.0103745390124272 }, "geometry": { "type": "Point", "coordinates": [ 262.669402616896207, 3356.015057599919146 ] } },
{ "type": "Feature", "properties": { "reach": 370, "gravity_logistic": 91.560346547968422, "gravity_exponential": 183.78458967570529, "knn_logistic": 3.1651997699348566 }, "geometry": { "type": "Point", "coordinates": [ 4290.618601187295098, 620.050806714323016 ] } },
{ "type": "Feature", "properties": { "reach": 442, "gravity_logistic": 81.111102949189615, "gravity_exponential": 204.95006610335292, "knn_logistic": 2.5892722721387242 }, "geometry": { "type": "Point", "coordinates": [ 2641.156754367430494, 1256.93940869559583 ] } },
{ "type": "Feature", "properties": { "reach": 343, "gravity_logistic": 77.770965095079788, "gravity_exponential": 165.93149946336516, "knn_logistic": 3.9611111991352441 }, "geometry": { "type": "Point", "coordinates": [ 4706.899396217901995, 1316.591981744049917 ] } },
{ "type": "Feature", "properties": { "reach": 223, "gravity_logistic": 56.261039043066091, "gravity_exponential": 110.3534155634147, "knn_logistic": 3.5982038539818486 }, "geometry": { "type": "Point", "coordinates": [ 4415.53711075060437, 108.647197060957964 ] } },
{ "type": "Feature", "properties": { "reach": 444, "gravity_logistic": 90.679728558960832, "gravity_exponential": 209.12065462195991, "knn_logistic": 3.07687864775313 }, "geometry": { "type": "Point", "coordinates": [ 3314.471757571946, 3133.48425252788229 ] } },
{ "type": "Feature", "properties": { "reach": 359, "gravity_logistic": 93.785963109021367, "gravity_exponential": 177.9705959294424, "knn_logistic": 3.0416420815708385 }, "geometry": { "type": "Point", "coordinates": [ 2132.39564744050449, 3959.353809764822927 ] } },
{ "type": "Feature", "properties": { "reach": 367, "gravity_logistic": 82.380254714691915, "gravity_exponential": 177.78676894039205, "knn_logistic": 4.1437442126118755 }, "geometry": { "type": "Point", "coordinates": [ 1768.426452593497288, 3902.647238599857701 ] } },
{ "type": "Feature", "properties": { "reach": 477, "gravity_logistic": 91.292485909512308, "gravity_exponential": 223.77064466055458, "knn_logistic": 2.9761955320966651 }, "geometry": { "type": "Point", "coordinates": [ 1284.306312747984521, 2697.315520239892066 ] } },
{ "type": "Feature", "properties": { "reach": 350, "gravity_logistic": 93.30389580703465, "gravity_exponential": 175.88066173659405, "knn_logistic": 2.8457790635828681 }, "geometry": { "type": "Point", "coordinates": [ 383.843219398777421, 2275.871874309061695 ] } },
{ "type": "Feature", "properties": { "reach": 387, "gravity_logistic": 100.05647491559661, "gravity_exponential": 193.40847680544135, "knn_logistic": 3.9786368907347094 }, "geometry": { "type": "Point", "coordinates": [ 2308.544004415415202, 3802.16011520889424 ] } },
{ "type": "Feature", "properties": { "reach": 426, "gravity_logistic": 88.919265182432483, "gravity_exponential": 202.47269095819468, "knn_logistic": 3.464113617296241 }, "geometry": { "type": "Point", "coordinates": [ 2885.427752999513359, 937.356857058427636 ] } },
{ "type": "Feature", "properties": { "reach": 451, "gravity_logistic": 86.427164561934262, "gravity_exponential": 208.97930142787308, "knn_logistic": 2.0649221396660793 }, "geometry": { "type": "Point", "coordinates": [ 2914.96697309397814, 1351.825027004236063 ] } },
{ "type": "Feature", "properties": { "reach": 314, "gravity_logistic": 70.739855881451689, "gravity_exponential": 152.3263569510151, "knn_logistic": 3.6930661430659812 }, "geometry": { "type": "Point", "coordinates": [ 686.248987737079574, 3820.545592602950364 ] } },
{ "type": "Feature", "properties": { "reach": 483, "gravity_logistic": 91.379921810335219, "gravity_exponential": 221.72957947207053, "knn_logistic": 2.5579173818879122 }, "geometry": { "type": "Point", "coordinates": [ 2387.364822124856346, 2752.051823497680743 ] } },
{ "type": "Feature", "properties": { "reach": 434, "gravity_logistic": 82.048565854553516, "gravity_exponential": 202.38860888306448, "knn_logistic": 1.7933065053682811 }, "geometry": { "type": "Point", "coordinates": [ 2474.898404720380768, 1221.306111442130941 ] } },
{ "type": "Feature", "properties": { "reach": 236, "gravity_logistic": 41.93190008560709, "gravity_exponential": 108.91792172138744, "knn_logistic": 3.6802453547513698 }, "geometry": { "type": "Point", "coordinates": [ -0.395859713523323, 2670.181992482853275 ] } },
{ "type": "Feature", "properties": { "reach": 482, "gravity_logistic": 98.616396380209068, "gravity_exponential": 225.84383652332465, "knn_logistic": 1.7192840573254924 }, "geometry": { "type": "Point", "coordinates": [ 1921.689395477075323, 3213.201144834631577 ] } },
{ "type": "Feature", "properties": { "reach": 469, "gravity_logistic": 93.364025629543349, "gravity_exponential": 219.66948817518571, "knn_logistic": 4.1002024494730875 }, "geometry": { "type": "Point", "coordinates": [ 3632.809980012229062, 1883.647990200385721 ] } },
{ "type": "Feature", "properties": { "reach": 413, "gravity_logistic": 87.20213810378587, "gravity_exponential": 197.36136133552708, "knn_logistic": 2.9856784955018956 }, "geometry": { "type": "Point", "coordinates": [ 414.009437544150728, 1536.486409323827957 ] } },
{ "type": "Feature", "properties": { "reach": 513, "gravity_logistic": 107.10892163240821, "gravity_exponential": 241.91554652251949, "knn_logistic": 2.0608350546481784 }, "geometry": { "type": "Point", "coordinates": [ 1319.878445943599672, 2445.537127897144273 ] } },
{ "type": "Feature", "properties": { "reach": 443, "gravity_logistic": 93.455971925425231, "gravity_exponential": 209.18169747782923, "knn_logistic": 2.3318989785249893 }, "geometry": { "type": "Point", "coordinates": [ 3394.035174055215975, 3024.010754805938177 ] } },
{ "type": "Feature", "properties": { "reach": 293, "gravity_logistic": 78.665299227772834, "gravity_exponential": 146.15772967127759, "knn_logistic": 1.6043867862839711 }, "geometry": { "type": "Point", "coordinates": [ 493.3097921260578, 288.928991414338952 ] } },
{ "type": "Feature", "properties": { "reach": 465, "gravity_logistic": 111.24486424875337, "gravity_exponential": 226.94285358851448, "knn_logistic": 2.9329244917354385 }, "geometry": { "type": "Point", "coordinates": [ 727.860321419707816, 937.710000741014028 ] } },
{ "type": "Feature", "properties": { "reach": 271, "gravity_logistic": 50.379921882475578, "gravity_exponential": 126.26904127930823, "knn_logistic": 1.8347047601039428 }, "geometry": { "type": "Point", "coordinates": [ 4955.160064074520051, 1209.297745030936767 ] } },
{ "type": "Feature", "properties": { "reach": 214, "gravity_logistic": 55.573448865072365, "gravity_exponential": 106.23092700192693, "knn_logistic": 3.6997996390150734 }, "geometry": { "type": "Point", "coordinates": [ -3.53807628758346, 3319.21239090107656 ] } },
{ "type": "Feature", "properties": { "reach": 440, "gravity_logistic": 108.37619696222922, "gravity_exponential": 217.40090456742803, "knn_logistic": 2.7938714818940715 }, "geometry": { "type": "Point", "coordinates": [ 590.138762988819394, 1042.718581584163303 ] } },
{ "type": "Feature", "properties": { "reach": 444, "gravity_logistic": 83.307376138720883, "gravity_exponential": 204.76556434220399, "knn_logistic": 3.5549230061839641 }, "geometry": { "type": "Point", "coordinates": [ 2725.490085880187507, 1682.76508144421382 ] } },
{ "type": "Feature", "properties": { "reach": 396, "gravity_logistic": 87.208204567254739, "gravity_exponential": 189.40284837962321, "knn_logistic": 1.6261059437213119 }, "geometry": { "type": "Point", "coordinates": [ 1376.578538583166164, 647.857778046426347 ] } },
{ "type": "Feature", "properties": { "reach": 466, "gravity_logistic": 84.421552009925108, "gravity_exponential": 215.53023553290512, "knn_logistic": 4.2544586784548164 }, "geometry": { "type": "Point", "coordinates": [ 1290.313281270013022, 2970.836741335830538 ] } },
{ "type": "Feature", "properties": { "reach": 306, "gravity_logistic": 81.977174757574659, "gravity_exponential": 152.9203227702063, "knn_logistic": 2.3059263468861233 }, "geometry": { "type": "Point", "coordinates": [ 4617.687215177384132, 591.59475255749885 ] } },
{ "type": "Feature", "properties": { "reach": 336, "gravity_logistic": 80.250643497015659, "gravity_exponential": 165.12319973038262, "knn_logistic": 2.8307495375145475 }, "geometry": { "type": "Point", "coordinates": [ 3220.858523379641156, 4013.403305382443705 ] } },
{ "type": "Feature", "properties": { "reach": 222, "gravity_logistic": 49.02538173037658, "gravity_exponential": 105.77072499133592, "knn_logistic": 5.0600697323042718 }, "geometry": { "type": "Point", "coordinates": [ 5001.78363084231205, 3457.717270190897125 ] } },
{ "type": "Feature", "properties": { "reach": 333, "gravity_logistic": 69.545067070162162, "gravity_exponential": 158.53916864794812, "knn_logistic": 2.0827616646583005 }, "geometry": { "type": "Point", "coordinates": [ 3503.598392423931728, 327.580628188140395 ] } },
{ "type": "Feature", "properties": { "reach": 195, "gravity_logistic": 56.061814752442324, "gravity_exponential": 99.824339751298268, "knn_logistic": 3.1168668303528326 }, "geometry": { "type": "Point", "coordinates": [ 8.353555278614207, 3576.057709938608241 ] } },
{ "type": "Feature", "properties": { "reach": 468, "gravity_logistic": 90.112821134312526, "gravity_exponential": 218.29679991574469, "knn_logistic": 4.2983110696761857 }, "geometry": { "type": "Point", "coordinates": [ 3685.03208043298082, 1033.604273016026127 ] } },
{ "type": "Feature", "properties": { "reach": 446, "gravity_logistic": 88.59316816011733, "gravity_exponential": 209.90582623233104, "knn_logistic": 1.6457492802896068 }, "geometry": { "type": "Point", "coordinates": [ 2616.688891197960857, 3446.095359574576378 ] } },
{ "type": "Feature", "properties": { "reach": 442, "gravity_logistic": 90.581419719490356, "gravity_exponential": 208.29283159730591, "knn_logistic": 3.1486163340872966 }, "geometry": { "type": "Point", "coordinates": [ 3298.679490822828029, 2873.787566610350495 ] } },
{ "type": "Feature", "properties": { "reach": 451, "gravity_logistic": 108.38955750182774, "gravity_exponential": 220.58520993245176, "knn_logistic": 3.8586244508119338 }, "geometry": { "type": "Point", "coordinates": [ 574.101415521451486, 1818.063676923931325 ] } },
{ "type": "Feature", "properties": { "reach": 367, "gravity_logistic": 78.872864573336699, "gravity_exponential": 175.99973049568709, "knn_logistic": 4.6340685215309829 }, "geometry": { "type": "Point", "coordinates": [ 274.409604263353003, 1354.817557743148882 ] } },
{ "type": "Feature", "properties": { "reach": 458, "gravity_logistic": 87.454622011575395, "gravity_exponential": 211.3224420664759, "knn_logistic": 3.059969370248993 }, "geometry": { "type": "Point", "coordinates": [ 2127.959676055084856, 1760.846048113181496 ] } },
{ "type": "Feature", "properties": { "reach": 492, "gravity_logistic": 104.55432829822283, "gravity_exponential": 233.01125058513549, "knn_logistic": 2.9857994331509112 }, "geometry": { "type": "Point", "coordinates": [ 1523.317113065701051, 2583.5093066872696 ] } },
{ "type": "Feature", "properties": { "reach": 451, "gravity_logistic": 94.425151928570244, "gravity_exponential": 213.38523770883387, "knn_logistic": 2.9007393870448013 }, "geometry": { "type": "Point", "coordinates": [ 3246.753459560959982, 1995.160873283237606 ] } },
{ "type": "Feature", "properties": { "reach": 316, "gravity_logistic": 88.205685067495409, "gravity_exponential": 161.5204181815042, "knn_logistic": 2.9579983180028364 }, "geometry": { "type": "Point", "coordinates": [ 4275.961471560160135, 3903.535056029922544 ] } },
{ "type": "Feature", "properties": { "reach": 463, "gravity_logistic": 79.973422565919236, "gravity_exponential": 209.13676946619509, "knn_logistic": 3.6978013863049117 }, "geometry": { "type": "Point", "coordinates": [ 1839.188510437241575, 1320.143001634794473 ] } },
{ "type": "Feature", "properties": { "reach": 397, "gravity_logistic": 83.736210263346152, "gravity_exponential": 187.78102334596605, "knn_logistic": 1.9323756350849377 }, "geometry": { "type": "Point", "coordinates": [ 4370.104318725932899, 2697.467605912941963 ] } },
{ "type": "Feature", "properties": { "reach": 354, "gravity_logistic": 95.895573604448543, "gravity_exponential": 179.3946568460907, "knn_logistic": 3.3940244900348664 }, "geometry": { "type": "Point", "coordinates": [ 556.18521952192657, 548.252770692475792 ] } },
{ "type": "Feature", "properties": { "reach": 185, "gravity_logistic": 56.622530580478283, "gravity_exponential": 95.947165837081059, "knn_logistic": 3.8729374308183218 }, "geometry": { "type": "Point", "coordinates": [ 107.36477899328888, 3935.91189306045635 ] } },
{ "type": "Feature", "properties": { "reach": 445, "gravity_logistic": 91.296153254819885, "gravity_exponential": 209.98286245230332, "knn_logistic": 3.6367455028152458 }, "geometry": { "type": "Point", "coordinates": [ 3629.345354180793493, 2295.436821577132832 ] } },
{ "type": "Feature", "properties": { "reach": 469, "gravity_logistic": 91.445691577751234, "gravity_exponential": 217.45763585639168, "knn_logistic": 3.0372852469137932 }, "geometry": { "type": "Point", "coordinates": [ 2273.070914207493843, 2807.281187409525501 ] } },
{ "type": "Feature", "properties": { "reach": 418, "gravity_logistic": 97.246114395583319, "gravity_exponential": 204.29292210190053, "knn_logistic": 2.2936648065463032 }, "geometry": { "type": "Point", "coordinates": [ 4252.004084649032848, 882.769311279592102 ] } },
{ "type": "Feature", "properties": { "reach": 424, "gravity_logistic": 94.625367275828737, "gravity_exponential": 203.09492557627848, "knn_logistic": 2.8450332149715543 }, "geometry": { "type": "Point", "coordinates": [ 3936.621415079592225, 3632.597845191955003 ] } },
{ "type": "Feature", "properties": { "reach": 456, "gravity_logistic": 94.914873545170394, "gravity_exponential": 216.38139566303158, "knn_logistic": 3.3734936905756889 }, "geometry": { "type": "Point", "coordinates": [ 2474.506029552497239, 3475.084923723327847 ] } },
{ "type": "Feature", "properties": { "reach": 451, "gravity_logistic": 116.93742030256284, "gravity_exponential": 224.38684667766108, "knn_logistic": 1.9324456464895814 }, "geometry": { "type": "Point", "coordinates": [ 642.967485402436751, 2032.171187775769113 ] } },
{ "type": "Feature", "properties": { "reach": 295, "gravity_logistic": 81.449645235312062, "gravity_exponential": 148.03660264649332, "knn_logistic": 2.9854492179465613 }, "geometry": { "type": "Point", "coordinates": [ 4675.309061917876534, 594.68718856878661 ] } },
{ "type": "Feature", "properties": { "reach": 413, "gravity_logistic": 96.912916314150252, "gravity_exponential": 201.35495131173008, "knn_logistic": 3.7509862472734632 }, "geometry": { "type": "Point", "coordinates": [ 4346.036156395249236, 1972.350503450389169 ] } },
{ "type": "Feature", "properties": { "reach": 448, "gravity_logistic": 90.555818567447659, "gravity_exponential": 210.98397420865317, "knn_logistic": 2.0822383588170865 }, "geometry": { "type": "Point", "coordinates": [ 3934.624347321167988, 3296.106300279623156 ] } },
{ "type": "Feature", "properties": { "reach": 168, "gravity_logistic": 34.074293420057593, "gravity_exponential": 79.114623478411858, "knn_logistic": 2.6079051228160979 }, "geometry": { "type": "Point", "coordinates": [ 4730.621421189272951, 4323.728651559633363 ] } },
{ "type": "Feature", "properties": { "reach": 345, "gravity_logistic": 94.617223671595681, "gravity_exponential": 177.0954955296568, "knn_logistic": 2.982081231556537 }, "geometry": { "type": "Point", "coordinates": [ 494.554228932854699, 619.078050805576822 ] } },
{ "type": "Feature", "properties": { "reach": 401, "gravity_logistic": 78.507003174574223, "gravity_exponential": 187.36458585905044, "knn_logistic": 2.4631730604942939 }, "geometry": { "type": "Point", "coordinates": [ 1956.84799945078089, 711.561200997937135 ] } },
{ "type": "Feature", "properties": { "reach": 437, "gravity_logistic": 86.438390411268301, "gravity_exponential": 204.89596797300442, "knn_logistic": 2.3096621414606533 }, "geometry": { "type": "Point", "coordinates": [ 3759.314565271573429, 2310.897212503799437 ] } },
{ "type": "Feature", "properties": { "reach": 291, "gravity_logistic": 62.64526115085296, "gravity_exponential": 139.09663742976591, "knn_logistic": 1.3347039318390783 }, "geometry": { "type": "Point", "coordinates": [ 1384.094852365001998, 217.527661889470636 ] } },
{ "type": "Feature", "properties": { "reach": 329, "gravity_logistic": 58.550982563604457, "gravity_exponential": 150.72788974138081, "knn_logistic": 3.5121808806852224 }, "geometry": { "type": "Point", "coordinates": [ 143.366821357716077, 1427.750220029374077 ] } },
{ "type": "Feature", "properties": { "reach": 243, "gravity_logistic": 59.553672508641021, "gravity_exponential": 120.19317341260378, "knn_logistic": 4.2222819936123264 }, "geometry": { "type": "Point", "coordinates": [ 4902.227745089557175, 3464.944738507360853 ] } },
{ "type": "Feature", "properties": { "reach": 253, "gravity_logistic": 76.384030654115222, "gravity_exponential": 132.0982418552216, "knn_logistic": 3.8335209539028439 }, "geometry": { "type": "Point", "coordinates": [ 318.751118886776453, 3742.80802689930033 ] } },
{ "type": "Feature", "properties": { "reach": 255, "gravity_logistic": 49.880764071407988, "gravity_exponential": 119.4752040648449, "knn_logistic": 3.4080716493455414 }, "geometry": { "type": "Point", "coordinates": [ 1595.648075545618212, 4245.652990402978503 ] } },
{ "type": "Feature", "properties": { "reach": 234, "gravity_logistic": 64.097743713461497, "gravity_exponential": 117.53187429728624, "knn_logistic": 1.7771729780325991 }, "geometry": { "type": "Point", "coordinates": [ 547.588951489939063, 4086.880290148804761 ] } },
{ "type": "Feature", "properties": { "reach": 267, "gravity_logistic": 50.508817542962959, "gravity_exponential": 124.04942768033209, "knn_logistic": 4.1255255122803893 }, "geometry": { "type": "Point", "coordinates": [ 51.949716734946136, 2464.250945208838857 ] } },
{ "type": "Feature", "properties": { "reach": 379, "gravity_logistic": 81.920813885414589, "gravity_exponential": 182.35050754692929, "knn_logistic": 2.7608365021462284 }, "geometry": { "type": "Point", "coordinates": [ 2422.337286110026071, 583.262785247833904 ] } },
{ "type": "Feature", "properties": { "reach": 351, "gravity_logistic": 72.367419726135367, "gravity_exponential": 166.66822591353124, "knn_logistic": 2.7106031474390515 }, "geometry": { "type": "Point", "coordinates": [ 420.369030171339546, 3026.454824539779565 ] } },
{ "type": "Feature", "properties": { "reach": 454, "gravity_logistic": 108.00621278596867, "gravity_exponential": 222.02855565095973, "knn_logistic": 3.799691920807915 }, "geometry": { "type": "Point", "coordinates": [ 935.18633598772908, 856.018663252166789 ] } },
{ "type": "Feature", "properties": { "reach": 223, "gravity_logistic": 47.629926268018053, "gravity_exponential": 105.7561146624349, "knn_logistic": 2.2827789543430597 }, "geometry": { "type": "Point", "coordinates": [ 2120.43056018790594, 3.823227054074958 ] } },
{ "type": "Feature", "properties": { "reach": 397, "gravity_logistic": 77.855961786557884, "gravity_exponential": 186.19549374710769, "knn_logistic": 3.3222874008594352 }, "geometry": { "type": "Point", "coordinates": [ 2032.879099483334358, 679.247514734079004 ] } },
{ "type": "Feature", "properties": { "reach": 479, "gravity_logistic": 92.243244190648198, "gravity_exponential": 223.39101541414516, "knn_logistic": 2.3347639063915544 }, "geometry": { "type": "Point", "coordinates": [ 2192.743948720439221, 3076.34930994329261 ] } },
{ "type": "Feature", "properties": { "reach": 488, "gravity_logistic": 86.992149327959595, "gravity_exponential": 222.57889353357399, "knn_logistic": 1.4276879352098004 }, "geometry": { "type": "Point", "coordinates": [ 3877.131280163158863, 2036.626139158885508 ] } },
{ "type": "Feature", "properties": { "reach": 426, "gravity_logistic": 87.347656786325388, "gravity_exponential": 201.64377171128862, "knn_logistic": 3.0463042437994101 }, "geometry": { "type": "Point", "coordinates": [ 2786.170694901289608, 991.882066870735798 ] } },
{ "type": "Feature", "properties": { "reach": 439, "gravity_logistic": 78.892672361027564, "gravity_exponential": 202.58189090253521, "knn_logistic": 4.8331604303893272 }, "geometry": { "type": "Point", "coordinates": [ 2416.571105180076756, 1001.994896670947014 ] } },
{ "type": "Feature", "properties": { "reach": 471, "gravity_logistic": 87.44318901100192, "gravity_exponential": 216.45179428118598, "knn_logistic": 1.649657792844283 }, "geometry": { "type": "Point", "coordinates": [ 2779.162408311066883, 2422.074932928192993 ] } },
{ "type": "Feature", "properties": { "reach": 471, "gravity_logistic": 96.13625519365948, "gravity_exponential": 222.14402738193877, "knn_logistic": 4.1554233717287632 }, "geometry": { "type": "Point", "coordinates": [ 1318.462729929769694, 1084.344305609379944 ] } },
{ "type": "Feature", "properties": { "reach": 227, "gravity_logistic": 61.520915331685273, "gravity_exponential": 113.859209690263, "knn_logistic": 2.5226853069731496 }, "geometry": { "type": "Point", "coordinates": [ 55.698785684069804, 511.09682412396819 ] } },
{ "type": "Feature", "properties": { "reach": 301, "gravity_logistic": 73.099836246839516, "gravity_exponential": 147.41854106083974, "knn_logistic": 3.7884627984871897 }, "geometry": { "type": "Point", "coordinates": [ 4673.117986592482339, 3666.244013407624607 ] } },
{ "type": "Feature", "properties": { "reach": 303, "gravity_logistic": 78.224601336614526, "gravity_exponential": 151.31403410534401, "knn_logistic": 4.1156733267179604 }, "geometry": { "type": "Point", "coordinates": [ 164.56259433311314, 926.270660509245545 ] } },
{ "type": "Feature", "properties": { "reach": 462, "gravity_logistic": 90.316642594113986, "gravity_exponential": 214.45870630036211, "knn_logistic": 3.0435731601705305 }, "geometry": { "type": "Point", "coordinates": [ 3629.502187229507399, 2595.499082415408793 ] } },
{ "type": "Feature", "properties": { "reach": 507, "gravity_logistic": 109.3136883877422, "gravity_exponential": 240.33608722528862, "knn_logistic": 1.8095275929488936 }, "geometry": { "type": "Point", "coordinates": [ 1427.652411703726102, 2372.114098242565888 ] } },
{ "type": "Feature", "properties": { "reach": 447, "gravity_logistic": 86.35177215799574, "gravity_exponential": 208.82778547604684, "knn_logistic": 2.9074564991226195 }, "geometry": { "type": "Point", "coordinates": [ 3105.491050005220131, 2529.861540364925531 ] } },
{ "type": "Feature", "properties": { "reach": 435, "gravity_logistic": 87.331823048929223, "gravity_exponential": 203.22423917940299, "knn_logistic": 1.1216542594023489 }, "geometry": { "type": "Point", "coordinates": [ 3169.274832979521761, 3553.353208125241053 ] } },
{ "type": "Feature", "properties": { "reach": 280, "gravity_logistic": 68.933740909432004, "gravity_exponential": 138.29533411577981, "knn_logistic": 2.5967492148272684 }, "geometry": { "type": "Point", "coordinates": [ 2582.89904008692065, 184.605749842351742 ] } },
{ "type": "Feature", "properties": { "reach": 479, "gravity_logistic": 82.52701532175692, "gravity_exponential": 218.64968948519655, "knn_logistic": 2.3396401022312565 }, "geometry": { "type": "Point", "coordinates": [ 1757.079677117303163, 1742.040989000354557 ] } },
{ "type": "Feature", "properties": { "reach": 357, "gravity_logistic": 80.991706073322334, "gravity_exponential": 171.46017635834636, "knn_logistic": 1.5614735530884893 }, "geometry": { "type": "Point", "coordinates": [ 521.497563218525329, 3357.032302117246218 ] } },
{ "type": "Feature", "properties": { "reach": 235, "gravity_logistic": 59.523264542034376, "gravity_exponential": 117.6733196783205, "knn_logistic": 2.6091889083148931 }, "geometry": { "type": "Point", "coordinates": [ 773.278037805454119, 4109.327625103083847 ] } },
{ "type": "Feature", "properties": { "reach": 414, "gravity_logistic": 95.469113118668673, "gravity_exponential": 199.88866246686084, "knn_logistic": 2.4591406572897467 }, "geometry": { "type": "Point", "coordinates": [ 3888.06166961793997, 3686.188912270935816 ] } },
{ "type": "Feature", "properties": { "reach": 414, "gravity_logistic": 94.217571217007006, "gravity_exponential": 201.75885357772256, "knn_logistic": 2.82132724460243 }, "geometry": { "type": "Point", "coordinates": [ 4343.50712392038713, 899.248783647497021 ] } },
{ "type": "Feature", "properties": { "reach": 300, "gravity_logistic": 64.972310276304654, "gravity_exponential": 144.19787188974124, "knn_logistic": 3.665637761920931 }, "geometry": { "type": "Point", "coordinates": [ 1571.056994008448555, 4045.28357132206429 ] } },
{ "type": "Feature", "properties": { "reach": 260, "gravity_logistic": 48.22358650893301, "gravity_exponential": 119.54349947011544, "knn_logistic": 2.5473598172294381 }, "geometry": { "type": "Point", "coordinates": [ 882.374207606034133, 68.535512932028894 ] } },
{ "type": "Feature", "properties": { "reach": 412, "gravity_logistic": 81.73369065317307, "gravity_exponential": 193.02760072299176, "knn_logistic": 2.916912213560106 }, "geometry": { "type": "Point", "coordinates": [ 4333.502009102645388, 2348.721087611632356 ] } },
{ "type": "Feature", "properties": { "reach": 459, "gravity_logistic": 88.790650397881308, "gravity_exponential": 213.87659654823696, "knn_logistic": 2.5487776259433157 }, "geometry": { "type": "Point", "coordinates": [ 3043.413216113229737, 1923.186606175351017 ] } },
{ "type": "Feature", "properties": { "reach": 322, "gravity_logistic": 75.669149082721802, "gravity_exponential": 157.82847391546824, "knn_logistic": 3.2597966950150994 }, "geometry": { "type": "Point", "coordinates": [ 3192.060911052757092, 4082.313819012226759 ] } },
{ "type": "Feature", "properties": { "reach": 254, "gravity_logistic": 56.58729347076283, "gravity_exponential": 122.03261626795624, "knn_logistic": 3.3156899046285075 }, "geometry": { "type": "Point", "coordinates": [ 2365.406684560652593, 4300.669020198454746 ] } },
{ "type": "Feature", "properties": { "reach": 475, "gravity_logistic": 90.857444580897862, "gravity_exponential": 221.55301162325625, "knn_logistic": 1.7536885597735303 }, "geometry": { "type": "Point", "coordinates": [ 2517.761525638577496, 3352.674377597086732 ] } },
{ "type": "Feature", "properties": { "reach": 337, "gravity_logistic": 95.627607367018612, "gravity_exponential": 173.20393525346518, "knn_logistic": 2.7426622389832702 }, "geometry": { "type": "Point", "coordinates": [ 331.449032617534101, 752.0460634986066 ] } },
{ "type": "Feature", "properties": { "reach": 238, "gravity_logistic": 74.743367425483356, "gravity_exponential": 125.42716681235588, "knn_logistic": 1.9299722314335097 }, "geometry": { "type": "Point", "coordinates": [ 296.061587982990773, 3759.892810493310662 ] } },
{ "type": "Feature", "properties": { "reach": 310, "gravity_logistic": 71.391525774285597, "gravity_exponential": 151.45262465934167, "knn_logistic": 3.7577083870695489 }, "geometry": { "type": "Point", "coordinates": [ 711.211091976733428, 3865.180166424826893 ] } },
{ "type": "Feature", "properties": { "reach": 463, "gravity_logistic": 80.698806324274372, "gravity_exponential": 210.29870758791441, "knn_logistic": 2.4516783003867051 }, "geometry": { "type": "Point", "coordinates": [ 1801.471385544051145, 1427.713238637381892 ] } },
{ "type": "Feature", "properties": { "reach": 470, "gravity_logistic": 96.857158789380833, "gravity_exponential": 225.02605790638114, "knn_logistic": 2.9519949916227008 }, "geometry": { "type": "Point", "coordinates": [ 3791.584299130603995, 1728.663062360615868 ] } },
{ "type": "Feature", "properties": { "reach": 343, "gravity_logistic": 84.666957506316237, "gravity_exponential": 168.36816415121561, "knn_logistic": 3.5980689375798538 }, "geometry": { "type": "Point", "coordinates": [ 4565.294760769080312, 2961.111285089974899 ] } },
{ "type": "Feature", "properties": { "reach": 297, "gravity_logistic": 62.125248863070517, "gravity_exponential": 140.8709007808211, "knn_logistic": 1.2430337227286701 }, "geometry": { "type": "Point", "coordinates": [ 1373.423081258818002, 236.427192168546355 ] } },
{ "type": "Feature", "properties": { "reach": 468, "gravity_logistic": 104.87366023195159, "gravity_exponential": 225.66788863118688, "knn_logistic": 3.8073015053419788 }, "geometry": { "type": "Point", "coordinates": [ 4181.195952879822471, 1144.644332062176545 ] } },
{ "type": "Feature", "properties": { "reach": 246, "gravity_logistic": 57.544246294359169, "gravity_exponential": 119.45070594526275, "knn_logistic": 4.1413408008735457 }, "geometry": { "type": "Point", "coordinates": [ 4014.797100332282298, 76.015906639256968 ] } },
{ "type": "Feature", "properties": { "reach": 445, "gravity_logistic": 92.285611025906235, "gravity_exponential": 210.023827481664, "knn_logistic": 2.359145651046108 }, "geometry": { "type": "Point", "coordinates": [ 3262.93487635280735, 2471.865614330465633 ] } },
{ "type": "Feature", "properties": { "reach": 276, "gravity_logistic": 55.509714595560155, "gravity_exponential": 130.09892353626176, "knn_logistic": 2.0354993412574705 }, "geometry": { "type": "Point", "coordinates": [ 109.883337156738222, 2727.518334302034873 ] } },
{ "type": "Feature", "properties": { "reach": 221, "gravity_logistic": 44.614335918937819, "gravity_exponential": 104.58366491922976, "knn_logistic": 1.1929210466291511 }, "geometry": { "type": "Point", "coordinates": [ 4979.805917353949553, 2637.206173296966881 ] } },
{ "type": "Feature", "properties": { "reach": 422, "gravity_logistic": 80.882505080420898, "gravity_exponential": 195.75778987156653, "knn_logistic": 2.1949779347587537 }, "geometry": { "type": "Point", "coordinates": [ 1926.540911615867572, 911.70362398265479 ] } },
{ "type": "Feature", "properties": { "reach": 458, "gravity_logistic": 100.95690029101402, "gravity_exponential": 220.49547758351707, "knn_logistic": 3.7180311848082725 }, "geometry": { "type": "Point", "coordinates": [ 1996.01561164424038, 3406.178875418956522 ] } },
{ "type": "Feature", "properties": { "reach": 488, "gravity_logistic": 92.160223528552578, "gravity_exponential": 226.11381322098495, "knn_logistic": 2.2353663216901341 }, "geometry": { "type": "Point", "coordinates": [ 3551.322068205318374, 1483.484936467895977 ] } },
{ "type": "Feature", "properties": { "reach": 313, "gravity_logistic": 67.446684684484481, "gravity_exponential": 149.75612612252561, "knn_logistic": 4.0949293457135765 }, "geometry": { "type": "Point", "coordinates": [ 1651.53360405553326, 4054.70101244745365 ] } },
{ "type": "Feature", "properties": { "reach": 480, "gravity_logistic": 87.708078179846737, "gravity_exponential": 222.92444290565066, "knn_logistic": 1.5267696542094955 }, "geometry": { "type": "Point", "coordinates": [ 1254.463884285171162, 2804.409975954441052 ] } },
{ "type": "Feature", "properties": { "reach": 438, "gravity_logistic": 85.394482496817943, "gravity_exponential": 204.72179334692555, "knn_logistic": 2.6744808052077955 }, "geometry": { "type": "Point", "coordinates": [ 2582.939484888925563, 2172.596724419497605 ] } },
{ "type": "Feature", "properties": { "reach": 401, "gravity_logistic": 94.194979210092029, "gravity_exponential": 194.93345541929855, "knn_logistic": 3.4098855163521771 }, "geometry": { "type": "Point", "coordinates": [ 3024.975296068409534, 3748.42065646944684 ] } },
{ "type": "Feature", "properties": { "reach": 311, "gravity_logistic": 50.604079000286227, "gravity_exponential": 140.44498145831668, "knn_logistic": 4.2636175569780894 }, "geometry": { "type": "Point", "coordinates": [ 102.991707737172021, 1537.576006544953998 ] } },
{ "type": "Feature", "properties": { "reach": 355, "gravity_logistic": 78.883754295362209, "gravity_exponential": 169.35800074717963, "knn_logistic": 2.1721007801796817 }, "geometry": { "type": "Point", "coordinates": [ 4567.380687465954907, 2561.392913874140959 ] } },
{ "type": "Feature", "properties": { "reach": 466, "gravity_logistic": 89.01032503258179, "gravity_exponential": 215.47516482020043, "knn_logistic": 3.2870517151425238 }, "geometry": { "type": "Point", "coordinates": [ 2707.601505041821838, 2526.589580279993243 ] } },
{ "type": "Feature", "properties": { "reach": 231, "gravity_logistic": 40.822941084489727, "gravity_exponential": 105.85094070002566, "knn_logistic": 3.3551524958159948 }, "geometry": { "type": "Point", "coordinates": [ 4969.885015616277087, 2476.887636698638744 ] } },
{ "type": "Feature", "properties": { "reach": 287, "gravity_logistic": 61.432111293337172, "gravity_exponential": 136.43878709372876, "knn_logistic": 3.8802714437320951 }, "geometry": { "type": "Point", "coordinates": [ 1320.404726073090842, 4113.152424242946836 ] } },
{ "type": "Feature", "properties": { "reach": 418, "gravity_logistic": 81.383674448665801, "gravity_exponential": 195.95256995607829, "knn_logistic": 2.2233535044452624 }, "geometry": { "type": "Point", "coordinates": [ 4258.987537254711242, 2751.880458956972234 ] } },
{ "type": "Feature", "properties": { "reach": 472, "gravity_logistic": 95.233168596449232, "gravity_exponential": 221.63932224541023, "knn_logistic": 2.3858856489986482 }, "geometry": { "type": "Point", "coordinates": [ 3757.375379489824354, 1101.376609615567759 ] } },
{ "type": "Feature", "properties": { "reach": 457, "gravity_logistic": 83.602555564050945, "gravity_exponential": 209.18598161645752, "knn_logistic": 3.0450710131324983 }, "geometry": { "type": "Point", "coordinates": [ 1262.983822825980724, 3275.451594667396421 ] } },
{ "type": "Feature", "properties": { "reach": 470, "gravity_logistic": 95.821950780899016, "gravity_exponential": 221.51049465484741, "knn_logistic": 1.4909751701476375 }, "geometry": { "type": "Point", "coordinates": [ 1927.487050865589481, 2792.360998566905437 ] } },
{ "type": "Feature", "properties": { "reach": 480, "gravity_logistic": 93.049078929652097, "gravity_exponential": 224.21739067635795, "knn_logistic": 3.4587463635000253 }, "geometry": { "type": "Point", "coordinates": [ 2420.611028958900079, 3360.560044761915833 ] } },
{ "type": "Feature", "properties": { "reach": 256, "gravity_logistic": 63.502534657821585, "gravity_exponential": 126.09050920668822, "knn_logistic": 3.3307165791228246 }, "geometry": { "type": "Point", "coordinates": [ 3870.471629457822019, 4291.081935332696048 ] } },
{ "type": "Feature", "properties": { "reach": 503, "gravity_logistic": 115.32447419999987, "gravity_exponential": 245.05930981118132, "knn_logistic": 3.616644749510781 }, "geometry": { "type": "Point", "coordinates": [ 985.78069242150616, 2114.060399848028283 ] } },
{ "type": "Feature", "properties": { "reach": 240, "gravity_logistic": 39.594593766342655, "gravity_exponential": 107.70184243706892, "knn_logistic": 2.5121194615311442 }, "geometry": { "type": "Point", "coordinates": [ 910.719826621880316, 1.049591991643725 ] } },
{ "type": "Feature", "properties": { "reach": 440, "gravity_logistic": 83.27011450855295, "gravity_exponential": 204.59137137326687, "knn_logistic": 3.7296223706719114 }, "geometry": { "type": "Point", "coordinates": [ 3792.693433845014169, 2509.521137257791452 ] } },
{ "type": "Feature", "properties": { "reach": 385, "gravity_logistic": 88.646945136470464, "gravity_exponential": 188.80238491025739, "knn_logistic": 3.4225877293578169 }, "geometry": { "type": "Point", "coordinates": [ 966.660572370349769, 498.182516807194872 ] } },
{ "type": "Feature", "properties": { "reach": 447, "gravity_logistic": 88.268174129800968, "gravity_exponential": 208.59650147967034, "knn_logistic": 2.6310297842046486 }, "geometry": { "type": "Point", "coordinates": [ 2972.460301799243098, 1340.229538914426712 ] } },
{ "type": "Feature", "properties": { "reach": 441, "gravity_logistic": 97.197757919835581, "gravity_exponential": 212.25132099077686, "knn_logistic": 3.9984458226926236 }, "geometry": { "type": "Point", "coordinates": [ 2279.604721238569255, 3543.292999375131785 ] } },
{ "type": "Feature", "properties": { "reach": 468, "gravity_logistic": 86.912274908773966, "gravity_exponential": 216.21995557438598, "knn_logistic": 1.7010378706150044 }, "geometry": { "type": "Point", "coordinates": [ 1911.932493484745919, 1926.163475423483987 ] } },
{ "type": "Feature", "properties": { "reach": 253, "gravity_logistic": 73.214463484434276, "gravity_exponential": 129.0489653564394, "knn_logistic": 4.4830160814327753 }, "geometry": { "type": "Point", "coordinates": [ 4817.651135479346522, 604.647626225374665 ] } },
{ "type": "Feature", "properties": { "reach": 439, "gravity_logistic": 89.339270477688956, "gravity_exponential": 206.54612596374253, "knn_logistic": 2.4621677323602702 }, "geometry": { "type": "Point", "coordinates": [ 2585.816785447890197, 1842.166492993426345 ] } },
{ "type": "Feature", "properties": { "reach": 492, "gravity_logistic": 87.544952620570527, "gravity_exponential": 225.46487567255508, "knn_logistic": 3.0986887456665082 }, "geometry": { "type": "Point", "coordinates": [ 1771.969263595389521, 1865.884048852238493 ] } },
{ "type": "Feature", "properties": { "reach": 332, "gravity_logistic": 73.118604620800951, "gravity_exponential": 159.08218463776598, "knn_logistic": 4.4375332415065047 }, "geometry": { "type": "Point", "coordinates": [ 1527.994015061619393, 3961.1257467289538 ] } },
{ "type": "Feature", "properties": { "reach": 473, "gravity_logistic": 94.564142887122543, "gravity_exponential": 222.66592424483193, "knn_logistic": 2.2037617823477889 }, "geometry": { "type": "Point", "coordinates": [ 2050.971157474658867, 2418.164375218431815 ] } },
{ "type": "Feature", "properties": { "reach": 264, "gravity_logistic": 45.578625206363498, "gravity_exponential": 120.75536905786481, "knn_logistic": 2.2922909563348259 }, "geometry": { "type": "Point", "coordinates": [ 52.393781109446472, 1950.17969182099614 ] } },
{ "type": "Feature", "properties": { "reach": 427, "gravity_logistic": 77.814215870386278, "gravity_exponential": 197.30592441823663, "knn_logistic": 4.0363763246526494 }, "geometry": { "type": "Point", "coordinates": [ 4193.325724570227067, 2642.56029024799227 ] } },
{ "type": "Feature", "properties": { "reach": 285, "gravity_logistic": 62.560546506024068, "gravity_exponential": 136.87944733932483, "knn_logistic": 3.0494806519631972 }, "geometry": { "type": "Point", "coordinates": [ 2092.050890390180029, 4212.429310361095304 ] } },
{ "type": "Feature", "properties": { "reach": 329, "gravity_logistic": 71.3635502688483, "gravity_exponential": 156.91892766565954, "knn_logistic": 1.8658278113621625 }, "geometry": { "type": "Point", "coordinates": [ 967.930576494747356, 3907.968692603695672 ] } },
{ "type": "Feature", "properties": { "reach": 427, "gravity_logistic": 105.03950839856338, "gravity_exponential": 210.36794481145802, "knn_logistic": 4.1249502853078575 }, "geometry": { "type": "Point", "coordinates": [ 661.42052300226942, 2488.122788888063496 ] } },
{ "type": "Feature", "properties": { "reach": 483, "gravity_logistic": 99.979548902964154, "gravity_exponential": 226.42940947855899, "knn_logistic": 1.9450737852583255 }, "geometry": { "type": "Point", "coordinates": [ 1897.395564106293477, 3242.586640459483533 ] } },
{ "type": "Feature", "properties": { "reach": 135, "gravity_logistic": 22.936088561175545, "gravity_exponential": 61.679492654242253, "knn_logistic": 2.3116832008698682 }, "geometry": { "type": "Point", "coordinates": [ 5005.278329625567494, 4263.638249069749691 ] } },
{ "type": "Feature", "properties": { "reach": 473, "gravity_logistic": 89.2608949797104, "gravity_exponential": 219.18122367583103, "knn_logistic": 3.015380106480742 }, "geometry": { "type": "Point", "coordinates": [ 2423.817201076384208, 2242.219973093373937 ] } },
{ "type": "Feature", "properties": { "reach": 440, "gravity_logistic": 89.258924563580393, "gravity_exponential": 207.59163152954926, "knn_logistic": 2.5523880120716078 }, "geometry": { "type": "Point", "coordinates": [ 3302.313771749503758, 2620.654819421786215 ] } },
{ "type": "Feature", "properties": { "reach": 498, "gravity_logistic": 85.129600761546584, "gravity_exponential": 226.63802868255715, "knn_logistic": 4.4000452320013039 }, "geometry": { "type": "Point", "coordinates": [ 1680.510447436460936, 1811.598767033484364 ] } },
{ "type": "Feature", "properties": { "reach": 440, "gravity_logistic": 96.901904648539571, "gravity_exponential": 210.84491080742967, "knn_logistic": 3.0775869505088491 }, "geometry": { "type": "Point", "coordinates": [ 1143.284432966624308, 769.006118194144733 ] } },
{ "type": "Feature", "properties": { "reach": 395, "gravity_logistic": 98.949645513447336, "gravity_exponential": 197.77699575667376, "knn_logistic": 3.4120292583266378 }, "geometry": { "type": "Point", "coordinates": [ 647.421606185596715, 662.491711018293358 ] } },
{ "type": "Feature", "properties": { "reach": 354, "gravity_logistic": 80.374414162183569, "gravity_exponential": 170.56647430641851, "knn_logistic": 2.541832671080376 }, "geometry": { "type": "Point", "coordinates": [ 4633.025422868880014, 1978.013523146138141 ] } },
{ "type": "Feature", "properties": { "reach": 446, "gravity_logistic": 91.15882483583546, "gravity_exponential": 209.4246942234534, "knn_logistic": 1.7936287653444267 }, "geometry": { "type": "Point", "coordinates": [ 808.253905458873305, 2729.262695364133378 ] } },
{ "type": "Feature", "properties": { "reach": 460, "gravity_logistic": 90.266288373954183, "gravity_exponential": 215.02363496274171, "knn_logistic": 4.3916433406121351 }, "geometry": { "type": "Point", "coordinates": [ 3113.798250478615046, 1759.424737596288423 ] } },
{ "type": "Feature", "properties": { "reach": 481, "gravity_logistic": 101.67365331114567, "gravity_exponential": 230.32445054177762, "knn_logistic": 3.3198274939163004 }, "geometry": { "type": "Point", "coordinates": [ 3875.247732289294618, 1703.987437622970447 ] } },
{ "type": "Feature", "properties": { "reach": 402, "gravity_logistic": 91.996929596851658, "gravity_exponential": 195.97314674701724, "knn_logistic": 3.0658591013914087 }, "geometry": { "type": "Point", "coordinates": [ 4125.439644601456166, 3601.157997970620272 ] } },
{ "type": "Feature", "properties": { "reach": 220, "gravity_logistic": 45.257215138814288, "gravity_exponential": 102.34876155892827, "knn_logistic": 2.3103049286554711 }, "geometry": { "type": "Point", "coordinates": [ 986.560638923248348, 4306.963884976295049 ] } },
{ "type": "Feature", "properties": { "reach": 293, "gravity_logistic": 71.166479372156488, "gravity_exponential": 143.59206134437531, "knn_logistic": 2.6184775739906874 }, "geometry": { "type": "Point", "coordinates": [ 2698.526312055154904, 4169.771792474671201 ] } },
{ "type": "Feature", "properties": { "reach": 474, "gravity_logistic": 87.95232246673713, "gravity_exponential": 219.79210122653021, "knn_logistic": 3.9356007939197446 }, "geometry": { "type": "Point", "coordinates": [ 3434.987388047654804, 1318.571887559455035 ] } },
{ "type": "Feature", "properties": { "reach": 325, "gravity_logistic": 67.227390451234271, "gravity_exponential": 154.9250387829799, "knn_logistic": 2.8119071817527361 }, "geometry": { "type": "Point", "coordinates": [ 3655.800745468565765, 326.57056522146263 ] } },
{ "type": "Feature", "properties": { "reach": 382, "gravity_logistic": 77.207813604904757, "gravity_exponential": 180.68832806388627, "knn_logistic": 3.2972235287680176 }, "geometry": { "type": "Point", "coordinates": [ 1031.036852634240631, 3627.399215907931648 ] } },
{ "type": "Feature", "properties": { "reach": 238, "gravity_logistic": 58.687985804382073, "gravity_exponential": 116.33817247207386, "knn_logistic": 1.8266318555590715 }, "geometry": { "type": "Point", "coordinates": [ 1872.869918945303198, 98.208247359377722 ] } },
{ "type": "Feature", "properties": { "reach": 353, "gravity_logistic": 92.58669782478772, "gravity_exponential": 177.47027259114398, "knn_logistic": 2.8829465159578183 }, "geometry": { "type": "Point", "coordinates": [ 659.212256562827179, 475.346767408987432 ] } },
{ "type": "Feature", "properties": { "reach": 352, "gravity_logistic": 78.932730793215768, "gravity_exponential": 169.66865835213196, "knn_logistic": 2.3811509452523643 }, "geometry": { "type": "Point", "coordinates": [ 276.437223803023812, 1801.196645200994908 ] } },
{ "type": "Feature", "properties": { "reach": 452, "gravity_logistic": 88.389429290578349, "gravity_exponential": 211.00047545918903, "knn_logistic": 2.5484996806369469 }, "geometry": { "type": "Point", "coordinates": [ 3698.333728551123841, 2860.94029731430328 ] } },
{ "type": "Feature", "properties": { "reach": 477, "gravity_logistic": 90.303200867582461, "gravity_exponential": 222.25641715084336, "knn_logistic": 2.1781696267587378 }, "geometry": { "type": "Point", "coordinates": [ 3536.028138035611846, 1265.139817728651224 ] } },
{ "type": "Feature", "properties": { "reach": 291, "gravity_logistic": 67.765541961212492, "gravity_exponential": 140.65662492990452, "knn_logistic": 1.1018641848895665 }, "geometry": { "type": "Point", "coordinates": [ 4842.05422893793002, 1694.766823444845841 ] } },
{ "type": "Feature", "properties": { "reach": 371, "gravity_logistic": 80.839472953582231, "gravity_exponential": 177.963610754049, "knn_logistic": 4.3175397316805864 }, "geometry": { "type": "Point", "coordinates": [ 1703.805484855949544, 3885.749382583537681 ] } },
{ "type": "Feature", "properties": { "reach": 421, "gravity_logistic": 92.807454660905236, "gravity_exponential": 202.3853887988987, "knn_logistic": 1.932709343925374 }, "geometry": { "type": "Point", "coordinates": [ 1244.950757567545679, 771.225283515693604 ] } },
{ "type": "Feature", "properties": { "reach": 174, "gravity_logistic": 33.366825920364228, "gravity_exponential": 80.104575244827402, "knn_logistic": 1.6000967116822205 }, "geometry": { "type": "Point", "coordinates": [ 4934.796095203918412, 4180.410937538973485 ] } },
{ "type": "Feature", "properties": { "reach": 376, "gravity_logistic": 82.582211429672981, "gravity_exponential": 180.16181460531732, "knn_logistic": 2.4212624208470976 }, "geometry": { "type": "Point", "coordinates": [ 3356.613639301304374, 3939.320169564328808 ] } },
{ "type": "Feature", "properties": { "reach": 313, "gravity_logistic": 73.470521552158331, "gravity_exponential": 151.2650875992791, "knn_logistic": 4.314194677798433 }, "geometry": { "type": "Point", "coordinates": [ 3132.487529069236189, 237.65488558314388 ] } },
{ "type": "Feature", "properties": { "reach": 290, "gravity_logistic": 58.426842789018224, "gravity_exponential": 135.53171681003221, "knn_logistic": 3.6714767157188666 }, "geometry": { "type": "Point", "coordinates": [ 133.80054019073782, 2333.279336187585159 ] } },
{ "type": "Feature", "properties": { "reach": 374, "gravity_logistic": 84.81606581264009, "gravity_exponential": 181.62379047471853, "knn_logistic": 4.4555722948802856 }, "geometry": { "type": "Point", "coordinates": [ 2502.837822269684239, 550.375693752780421 ] } },
{ "type": "Feature", "properties": { "reach": 269, "gravity_logistic": 71.807739922288732, "gravity_exponential": 135.94639193598644, "knn_logistic": 3.0960593056521848 }, "geometry": { "type": "Point", "coordinates": [ 4310.010662008788131, 220.668899509473817 ] } },
{ "type": "Feature", "properties": { "reach": 414, "gravity_logistic": 76.686908949914937, "gravity_exponential": 194.19159393738173, "knn_logistic": 3.6438709199026293 }, "geometry": { "type": "Point", "coordinates": [ 2148.268914204679731, 854.340797102295483 ] } },
{ "type": "Feature", "properties": { "reach": 257, "gravity_logistic": 56.220462672819949, "gravity_exponential": 122.41809213731666, "knn_logistic": 2.1892724584620176 }, "geometry": { "type": "Point", "coordinates": [ 1144.896636102533648, 4180.152517521354639 ] } },
{ "type": "Feature", "properties": { "reach": 384, "gravity_logistic": 92.762973946386396, "gravity_exponential": 187.5508588602859, "knn_logistic": 4.9879865066995688 }, "geometry": { "type": "Point", "coordinates": [ 2994.311055257252974, 3849.59186535413528 ] } },
{ "type": "Feature", "properties": { "reach": 446, "gravity_logistic": 90.654015337270963, "gravity_exponential": 209.01861911266798, "knn_logistic": 4.0420465503598031 }, "geometry": { "type": "Point", "coordinates": [ 3050.124310627517389, 1101.964419560099486 ] } },
{ "type": "Feature", "properties": { "reach": 222, "gravity_logistic": 52.504814247349849, "gravity_exponential": 108.32061696911754, "knn_logistic": 4.1326981466068222 }, "geometry": { "type": "Point", "coordinates": [ 4812.157100419010931, 4015.372403350563673 ] } },
{ "type": "Feature", "properties": { "reach": 498, "gravity_logistic": 86.084059923337719, "gravity_exponential": 227.74257660075483, "knn_logistic": 2.341343522263192 }, "geometry": { "type": "Point", "coordinates": [ 1519.45585545665358, 1812.142654337208114 ] } },
{ "type": "Feature", "properties": { "reach": 335, "gravity_logistic": 78.006091274584037, "gravity_exponential": 162.10739359777298, "knn_logistic": 3.0010137244180113 }, "geometry": { "type": "Point", "coordinates": [ 275.249306223851931, 2405.20016867054801 ] } },
{ "type": "Feature", "properties": { "reach": 449, "gravity_logistic": 87.407307548952929, "gravity_exponential": 209.68513598714759, "knn_logistic": 3.343523015926344 }, "geometry": { "type": "Point", "coordinates": [ 3850.957441672900586, 3170.64854639164605 ] } },
{ "type": "Feature", "properties": { "reach": 450, "gravity_logistic": 107.78412741337223, "gravity_exponential": 221.51030600334181, "knn_logistic": 1.879928334364382 }, "geometry": { "type": "Point", "coordinates": [ 4006.615894397169541, 1481.742064748286793 ] } },
{ "type": "Feature", "properties": { "reach": 455, "gravity_logistic": 97.966946569303019, "gravity_exponential": 217.24061685368005, "knn_logistic": 2.0117227426301669 }, "geometry": { "type": "Point", "coordinates": [ 4071.64763542193441, 918.461127524994708 ] } },
{ "type": "Feature", "properties": { "reach": 321, "gravity_logistic": 94.522147710105997, "gravity_exponential": 166.87514123010021, "knn_logistic": 3.4312188986084733 }, "geometry": { "type": "Point", "coordinates": [ 326.265179563786774, 682.415099846840803 ] } },
{ "type": "Feature", "properties": { "reach": 434, "gravity_logistic": 89.954397564726449, "gravity_exponential": 203.79580547290377, "knn_logistic": 2.8795026280985607 }, "geometry": { "type": "Point", "coordinates": [ 3245.329092488702372, 3647.309428866286908 ] } },
{ "type": "Feature", "properties": { "reach": 380, "gravity_logistic": 75.616880079020405, "gravity_exponential": 180.94063015686942, "knn_logistic": 3.1842111125578114 }, "geometry": { "type": "Point", "coordinates": [ 825.498447907186346, 3493.699194593445554 ] } },
{ "type": "Feature", "properties": { "reach": 428, "gravity_logistic": 94.804758149900408, "gravity_exponential": 205.12921078079285, "knn_logistic": 3.0376222093826346 }, "geometry": { "type": "Point", "coordinates": [ 1207.643443308292262, 748.370487363260509 ] } },
{ "type": "Feature", "properties": { "reach": 481, "gravity_logistic": 110.10588909447291, "gravity_exponential": 231.977449715495, "knn_logistic": 3.3745379891544349 }, "geometry": { "type": "Point", "coordinates": [ 752.412033753878291, 1431.987638235872055 ] } },
{ "type": "Feature", "properties": { "reach": 357, "gravity_logistic": 88.122334742590553, "gravity_exponential": 177.38421148981183, "knn_logistic": 2.2846393090106196 }, "geometry": { "type": "Point", "coordinates": [ 4428.731458741451206, 660.182030283889731 ] } },
{ "type": "Feature", "properties": { "reach": 470, "gravity_logistic": 95.192205644791045, "gravity_exponential": 221.10573220616874, "knn_logistic": 3.9896217701700376 }, "geometry": { "type": "Point", "coordinates": [ 1771.112022519140965, 3083.180405315847111 ] } },
{ "type": "Feature", "properties": { "reach": 479, "gravity_logistic": 100.8616053578067, "gravity_exponential": 225.98565595092086, "knn_logistic": 2.1486695720798887 }, "geometry": { "type": "Point", "coordinates": [ 3848.461396635408619, 1167.950838781660423 ] } },
{ "type": "Feature", "properties": { "reach": 247, "gravity_logistic": 68.855886554705876, "gravity_exponential": 125.21614333569822, "knn_logistic": 1.7611875730297166 }, "geometry": { "type": "Point", "coordinates": [ 4402.353963681726782, 4148.958820075958101 ] } },
{ "type": "Feature", "properties": { "reach": 460, "gravity_logistic": 90.369436032424943, "gravity_exponential": 215.34083922310373, "knn_logistic": 2.4666146571540137 }, "geometry": { "type": "Point", "coordinates": [ 1362.101849304276129, 993.374245648364194 ] } },
{ "type": "Feature", "properties": { "reach": 426, "gravity_logistic": 86.660386333875735, "gravity_exponential": 198.35580043515833, "knn_logistic": 1.8299232393835676 }, "geometry": { "type": "Point", "coordinates": [ 2235.617236206900088, 1318.432058110481876 ] } },
{ "type": "Feature", "properties": { "reach": 347, "gravity_logistic": 93.863874997867825, "gravity_exponential": 175.64167053009197, "knn_logistic": 3.4841094219587898 }, "geometry": { "type": "Point", "coordinates": [ 4158.813524713333209, 3851.603926402371599 ] } },
{ "type": "Feature", "properties": { "reach": 481, "gravity_logistic": 96.918123662622847, "gravity_exponential": 223.96084762860224, "knn_logistic": 2.7681407343510598 }, "geometry": { "type": "Point", "coordinates": [ 1936.914874704177464, 3133.054645165414058 ] } },
{ "type": "Feature", "properties": { "reach": 427, "gravity_logistic": 90.597307979425238, "gravity_exponential": 203.281642884896, "knn_logistic": 2.6600803928058152 }, "geometry": { "type": "Point", "coordinates": [ 3998.519808698889847, 3518.318840727516545 ] } },
{ "type": "Feature", "properties": { "reach": 458, "gravity_logistic": 111.02019165862212, "gravity_exponential": 224.52956184900097, "knn_logistic": 4.0477796124814338 }, "geometry": { "type": "Point", "coordinates": [ 619.76301879942605, 1885.26764504741891 ] } },
{ "type": "Feature", "properties": { "reach": 467, "gravity_logistic": 80.094912310587247, "gravity_exponential": 210.69982751358953, "knn_logistic": 2.6837216060248203 }, "geometry": { "type": "Point", "coordinates": [ 1812.521670280527587, 1450.695603531859433 ] } },
{ "type": "Feature", "properties": { "reach": 283, "gravity_logistic": 60.915035989881702, "gravity_exponential": 134.38621690865818, "knn_logistic": 2.578866516018071 }, "geometry": { "type": "Point", "coordinates": [ 1265.832546962472179, 4117.723489795938804 ] } },
{ "type": "Feature", "properties": { "reach": 350, "gravity_logistic": 92.26143365969493, "gravity_exponential": 175.23767408758573, "knn_logistic": 2.8423573550703485 }, "geometry": { "type": "Point", "coordinates": [ 371.84145616731098, 2256.861069130293345 ] } },
{ "type": "Feature", "properties": { "reach": 443, "gravity_logistic": 86.930675204429207, "gravity_exponential": 207.65331207623095, "knn_logistic": 2.9941413842334148 }, "geometry": { "type": "Point", "coordinates": [ 3792.450856783317249, 3067.171905570663057 ] } },
{ "type": "Feature", "properties": { "reach": 473, "gravity_logistic": 89.972737626055661, "gravity_exponential": 217.67546158186488, "knn_logistic": 3.4179184076417704 }, "geometry": { "type": "Point", "coordinates": [ 2583.356552511759674, 2515.591522247098965 ] } },
{ "type": "Feature", "properties": { "reach": 302, "gravity_logistic": 82.984803107146476, "gravity_exponential": 152.14590038842022, "knn_logistic": 3.0135525097613152 }, "geometry": { "type": "Point", "coordinates": [ 386.280487980787484, 3478.249385316976714 ] } },
{ "type": "Feature", "properties": { "reach": 459, "gravity_logistic": 87.337366148555788, "gravity_exponential": 215.1579159186463, "knn_logistic": 4.3307771712085845 }, "geometry": { "type": "Point", "coordinates": [ 2479.404839056768651, 3015.503011358052845 ] } },
{ "type": "Feature", "properties": { "reach": 242, "gravity_logistic": 42.776014335097457, "gravity_exponential": 112.06826424157155, "knn_logistic": 3.5933911363078965 }, "geometry": { "type": "Point", "coordinates": [ 1285.956520197458531, 55.664269419961421 ] } },
{ "type": "Feature", "properties": { "reach": 202, "gravity_logistic": 48.095146434286939, "gravity_exponential": 99.306384220637426, "knn_logistic": 3.1489660235685233 }, "geometry": { "type": "Point", "coordinates": [ 4528.306418184528411, 4288.31965618270533 ] } },
{ "type": "Feature", "properties": { "reach": 440, "gravity_logistic": 99.030713790211067, "gravity_exponential": 212.96983241783698, "knn_logistic": 2.3015170263065721 }, "geometry": { "type": "Point", "coordinates": [ 2454.8374693508772, 3577.700919544788121 ] } },
{ "type": "Feature", "properties": { "reach": 437, "gravity_logistic": 91.060977279968654, "gravity_exponential": 207.20931162187162, "knn_logistic": 2.6478282714474659 }, "geometry": { "type": "Point", "coordinates": [ 3896.551555380275659, 3408.84226315994556 ] } },
{ "type": "Feature", "properties": { "reach": 437, "gravity_logistic": 85.639184370359985, "gravity_exponential": 205.96284137263837, "knn_logistic": 3.3929054022328597 }, "geometry": { "type": "Point", "coordinates": [ 3246.652488324932165, 3257.586186596187872 ] } },
{ "type": "Feature", "properties": { "reach": 438, "gravity_logistic": 84.21076708116405, "gravity_exponential": 204.27455607541319, "knn_logistic": 4.2382818831855271 }, "geometry": { "type": "Point", "coordinates": [ 3723.447025733215924, 2511.208924621782899 ] } },
{ "type": "Feature", "properties": { "reach": 448, "gravity_logistic": 91.042145077178617, "gravity_exponential": 210.83206916231245, "knn_logistic": 3.2667794890682917 }, "geometry": { "type": "Point", "coordinates": [ 3631.583200398958979, 2242.014051366331842 ] } },
{ "type": "Feature", "properties": { "reach": 231, "gravity_logistic": 45.390580948672046, "gravity_exponential": 107.89507779413483, "knn_logistic": 3.1184225271469597 }, "geometry": { "type": "Point", "coordinates": [ 1541.709378286954689, 37.659564158949088 ] } },
{ "type": "Feature", "properties": { "reach": 389, "gravity_logistic": 89.859890695580177, "gravity_exponential": 191.60389832325714, "knn_logistic": 4.0868720085755061 }, "geometry": { "type": "Point", "coordinates": [ 914.771352622435643, 547.672977971443856 ] } },
{ "type": "Feature", "properties": { "reach": 395, "gravity_logistic": 96.398465130529189, "gravity_exponential": 194.26576986099505, "knn_logistic": 2.1028999633344272 }, "geometry": { "type": "Point", "coordinates": [ 2473.405455917870768, 3835.63456101053589 ] } },
{ "type": "Feature", "properties": { "reach": 272, "gravity_logistic": 67.240597906345016, "gravity_exponential": 133.09278313850476, "knn_logistic": 2.4010293692410745 }, "geometry": { "type": "Point", "coordinates": [ 1982.446713443836643, 178.391458239166695 ] } },
{ "type": "Feature", "properties": { "reach": 526, "gravity_logistic": 112.15697661147144, "gravity_exponential": 250.31273467238177, "knn_logistic": 4.1275318778164207 }, "geometry": { "type": "Point", "coordinates": [ 1156.399322522340299, 2178.569038509958318 ] } },
{ "type": "Feature", "properties": { "reach": 393, "gravity_logistic": 101.66502578255138, "gravity_exponential": 194.06273618829826, "knn_logistic": 1.6793449291665765 }, "geometry": { "type": "Point", "coordinates": [ 454.473518004014352, 1983.27704041914626 ] } },
{ "type": "Feature", "properties": { "reach": 478, "gravity_logistic": 93.134341543799678, "gravity_exponential": 223.34952482224949, "knn_logistic": 1.6413114700356097 }, "geometry": { "type": "Point", "coordinates": [ 2225.54376824638166, 2474.821689798567604 ] } },
{ "type": "Feature", "properties": { "reach": 289, "gravity_logistic": 56.461477555518066, "gravity_exponential": 135.03790832986053, "knn_logistic": 3.916467375238196 }, "geometry": { "type": "Point", "coordinates": [ 109.294328382952003, 2550.748669837948 ] } },
{ "type": "Feature", "properties": { "reach": 451, "gravity_logistic": 87.889087903674834, "gravity_exponential": 211.22437405845631, "knn_logistic": 2.4971822287257277 }, "geometry": { "type": "Point", "coordinates": [ 2988.365925805557254, 2312.411191065331423 ] } },
{ "type": "Feature", "properties": { "reach": 480, "gravity_logistic": 96.353482332879892, "gravity_exponential": 223.94181544646332, "knn_logistic": 2.8527664654847738 }, "geometry": { "type": "Point", "coordinates": [ 2012.084497715543421, 3189.248319529081982 ] } },
{ "type": "Feature", "properties": { "reach": 491, "gravity_logistic": 89.67947068953282, "gravity_exponential": 227.92658153892023, "knn_logistic": 2.3859469381610481 }, "geometry": { "type": "Point", "coordinates": [ 2404.982236871189798, 3190.908650499002306 ] } },
{ "type": "Feature", "properties": { "reach": 511, "gravity_logistic": 104.5051658635129, "gravity_exponential": 241.68680553829691, "knn_logistic": 3.2924100208226821 }, "geometry": { "type": "Point", "coordinates": [ 1075.791980203024877, 1757.153333141587837 ] } },
{ "type": "Feature", "properties": { "reach": 230, "gravity_logistic": 73.043150006573427, "gravity_exponential": 121.07702864420678, "knn_logistic": 2.2898749140355248 }, "geometry": { "type": "Point", "coordinates": [ 188.100827508941251, 3685.183337281132481 ] } },
{ "type": "Feature", "properties": { "reach": 291, "gravity_logistic": 74.877133714652729, "gravity_exponential": 144.90187834706782, "knn_logistic": 4.1705180759435976 }, "geometry": { "type": "Point", "coordinates": [ 137.405803785021618, 880.195917408161222 ] } },
{ "type": "Feature", "properties": { "reach": 460, "gravity_logistic": 88.565062568037831, "gravity_exponential": 212.4791834604471, "knn_logistic": 2.9580376462400517 }, "geometry": { "type": "Point", "coordinates": [ 2339.014528963004977, 1925.221914711797126 ] } },
{ "type": "Feature", "properties": { "reach": 378, "gravity_logistic": 76.276995483737224, "gravity_exponential": 179.88321576849339, "knn_logistic": 3.6098375328718895 }, "geometry": { "type": "Point", "coordinates": [ 674.884464479149756, 3357.120662424809325 ] } },
{ "type": "Feature", "properties": { "reach": 345, "gravity_logistic": 81.922665809906178, "gravity_exponential": 168.82912676616954, "knn_logistic": 3.546141336486536 }, "geometry": { "type": "Point", "coordinates": [ 4565.321938859738111, 3206.751856918316662 ] } },
{ "type": "Feature", "properties": { "reach": 372, "gravity_logistic": 78.348344582818086, "gravity_exponential": 176.28850010569053, "knn_logistic": 1.7879355685491385 }, "geometry": { "type": "Point", "coordinates": [ 549.623134903917048, 3274.546329260957009 ] } },
{ "type": "Feature", "properties": { "reach": 488, "gravity_logistic": 90.693699043167243, "gravity_exponential": 226.25583555999333, "knn_logistic": 4.8718462474386408 }, "geometry": { "type": "Point", "coordinates": [ 1689.897224448111047, 2969.735298317741581 ] } },
{ "type": "Feature", "properties": { "reach": 226, "gravity_logistic": 55.966391888902201, "gravity_exponential": 112.27352779305886, "knn_logistic": 1.3560285198918551 }, "geometry": { "type": "Point", "coordinates": [ 822.367736958753198, 4168.979835759134403 ] } },
{ "type": "Feature", "properties": { "reach": 360, "gravity_logistic": 76.038073540793391, "gravity_exponential": 171.6655798300749, "knn_logistic": 2.5314222879373292 }, "geometry": { "type": "Point", "coordinates": [ 271.533245736994218, 1728.615381609712131 ] } },
{ "type": "Feature", "properties": { "reach": 429, "gravity_logistic": 84.009653415451908, "gravity_exponential": 201.08837425411642, "knn_logistic": 3.5970893025461299 }, "geometry": { "type": "Point", "coordinates": [ 2475.86149128268562, 1344.50304953617092 ] } },
{ "type": "Feature", "properties": { "reach": 460, "gravity_logistic": 87.607401067985876, "gravity_exponential": 214.60008038272395, "knn_logistic": 3.6268090211139814 }, "geometry": { "type": "Point", "coordinates": [ 2417.702339680816294, 2956.369123576935181 ] } },
{ "type": "Feature", "properties": { "reach": 446, "gravity_logistic": 88.20065534218439, "gravity_exponential": 208.54066260029484, "knn_logistic": 2.2952708794445158 }, "geometry": { "type": "Point", "coordinates": [ 2646.436702627527666, 1924.591878391742057 ] } },
{ "type": "Feature", "properties": { "reach": 235, "gravity_logistic": 48.726330701916055, "gravity_exponential": 110.83430297848403, "knn_logistic": 1.884022039631144 }, "geometry": { "type": "Point", "coordinates": [ 3188.130900391126033, 22.746795073923529 ] } },
{ "type": "Feature", "properties": { "reach": 319, "gravity_logistic": 63.320050024152422, "gravity_exponential": 149.22210383940308, "knn_logistic": 2.2395826617033383 }, "geometry": { "type": "Point", "coordinates": [ 192.348681767761263, 2693.4442067881414 ] } },
{ "type": "Feature", "properties": { "reach": 249, "gravity_logistic": 60.78260538571989, "gravity_exponential": 121.48457458979065, "knn_logistic": 1.5539736034214613 }, "geometry": { "type": "Point", "coordinates": [ 4785.057044639988817, 3866.938898887013693 ] } },
{ "type": "Feature", "properties": { "reach": 150, "gravity_logistic": 35.518963286092806, "gravity_exponential": 73.597639810696847, "knn_logistic": 4.2897564572893518 }, "geometry": { "type": "Point", "coordinates": [ 243.010027361063209, 4344.389751815017917 ] } },
{ "type": "Feature", "properties": { "reach": 425, "gravity_logistic": 87.865002979521023, "gravity_exponential": 200.50680174682788, "knn_logistic": 4.3790071860474313 }, "geometry": { "type": "Point", "coordinates": [ 2338.27955770578501, 1649.348577976418255 ] } },
{ "type": "Feature", "properties": { "reach": 519, "gravity_logistic": 110.64262168428593, "gravity_exponential": 245.94839771621673, "knn_logistic": 3.5108301904508918 }, "geometry": { "type": "Point", "coordinates": [ 1236.715775154606945, 2363.695512281123683 ] } },
{ "type": "Feature", "properties": { "reach": 356, "gravity_logistic": 82.177289773579616, "gravity_exponential": 173.5875818673984, "knn_logistic": 1.9316874407509335 }, "geometry": { "type": "Point", "coordinates": [ 1839.157801018141981, 550.62676172414001 ] } },
{ "type": "Feature", "properties": { "reach": 431, "gravity_logistic": 82.616721202969259, "gravity_exponential": 198.6819756685592, "knn_logistic": 2.0852179421459804 }, "geometry": { "type": "Point", "coordinates": [ 2075.670209831927423, 1265.733538841408745 ] } },
{ "type": "Feature", "properties": { "reach": 345, "gravity_logistic": 74.2833856591391, "gravity_exponential": 165.15262545833326, "knn_logistic": 3.3569823450034084 }, "geometry": { "type": "Point", "coordinates": [ 916.641540723906019, 3796.921068039236616 ] } },
{ "type": "Feature", "properties": { "reach": 413, "gravity_logistic": 80.488873927873556, "gravity_exponential": 193.19259498616719, "knn_logistic": 1.9335275400269836 }, "geometry": { "type": "Point", "coordinates": [ 4288.9014447655818, 2735.787847161871468 ] } },
{ "type": "Feature", "properties": { "reach": 245, "gravity_logistic": 50.436493081257566, "gravity_exponential": 115.66307785655589, "knn_logistic": 3.2837478007604353 }, "geometry": { "type": "Point", "coordinates": [ 3271.511464539441477, 53.092554790104423 ] } },
{ "type": "Feature", "properties": { "reach": 425, "gravity_logistic": 80.816587910754777, "gravity_exponential": 198.39426077939851, "knn_logistic": 3.014848668675457 }, "geometry": { "type": "Point", "coordinates": [ 2144.728257348676834, 1003.551790456572121 ] } },
{ "type": "Feature", "properties": { "reach": 230, "gravity_logistic": 64.540751273201636, "gravity_exponential": 116.93976874504361, "knn_logistic": 4.401822578434456 }, "geometry": { "type": "Point", "coordinates": [ 73.419232906902025, 3353.145121802780068 ] } },
{ "type": "Feature", "properties": { "reach": 453, "gravity_logistic": 80.697791633005863, "gravity_exponential": 206.46469015837073, "knn_logistic": 3.9545176269549764 }, "geometry": { "type": "Point", "coordinates": [ 1223.873158936533855, 3188.126224317970809 ] } },
{ "type": "Feature", "properties": { "reach": 412, "gravity_logistic": 94.147601086282791, "gravity_exponential": 201.04700584642308, "knn_logistic": 2.81489224377734 }, "geometry": { "type": "Point", "coordinates": [ 4345.237441128572755, 910.237015696318508 ] } },
{ "type": "Feature", "properties": { "reach": 282, "gravity_logistic": 83.432866649491928, "gravity_exponential": 146.52790898951841, "knn_logistic": 3.2738940932521423 }, "geometry": { "type": "Point", "coordinates": [ 4447.782099070467666, 383.78788835711515 ] } },
{ "type": "Feature", "properties": { "reach": 257, "gravity_logistic": 63.502345807494265, "gravity_exponential": 126.64628704901747, "knn_logistic": 3.3302445931964728 }, "geometry": { "type": "Point", "coordinates": [ 3874.04317641937223, 4290.660297406223435 ] } },
{ "type": "Feature", "properties": { "reach": 477, "gravity_logistic": 100.76471385190561, "gravity_exponential": 226.35982182185819, "knn_logistic": 1.7260508326944983 }, "geometry": { "type": "Point", "coordinates": [ 1756.020496594202996, 2225.031469799657316 ] } },
{ "type": "Feature", "properties": { "reach": 220, "gravity_logistic": 50.691290315281606, "gravity_exponential": 106.32082534393258, "knn_logistic": 3.2320088982287083 }, "geometry": { "type": "Point", "coordinates": [ 5001.401939594113173, 3325.114046456442338 ] } },
{ "type": "Feature", "properties": { "reach": 449, "gravity_logistic": 92.931889222529549, "gravity_exponential": 210.61484535904657, "knn_logistic": 3.8782609548621028 }, "geometry": { "type": "Point", "coordinates": [ 3594.487794389914143, 3190.450233240629132 ] } },
{ "type": "Feature", "properties": { "reach": 456, "gravity_logistic": 83.139277199545816, "gravity_exponential": 210.09952936733856, "knn_logistic": 3.4156119804608425 }, "geometry": { "type": "Point", "coordinates": [ 1616.855531502495296, 1098.639783539819973 ] } },
{ "type": "Feature", "properties": { "reach": 309, "gravity_logistic": 73.460409772575858, "gravity_exponential": 150.06901904147358, "knn_logistic": 3.2874194666852481 }, "geometry": { "type": "Point", "coordinates": [ 4788.662109597064955, 1693.147141603945101 ] } },
{ "type": "Feature", "properties": { "reach": 209, "gravity_logistic": 63.484811593576616, "gravity_exponential": 108.38552324935898, "knn_logistic": 2.1117121051126642 }, "geometry": { "type": "Point", "coordinates": [ 339.864208077870558, 4070.409805173945188 ] } },
{ "type": "Feature", "properties": { "reach": 322, "gravity_logistic": 83.173399549295738, "gravity_exponential": 159.567737588059, "knn_logistic": 3.4095624238943856 }, "geometry": { "type": "Point", "coordinates": [ 4110.597319422896362, 326.249389571855033 ] } },
{ "type": "Feature", "properties": { "reach": 447, "gravity_logistic": 86.016071898628027, "gravity_exponential": 208.84939862364953, "knn_logistic": 3.6832876044218841 }, "geometry": { "type": "Point", "coordinates": [ 2730.497191583704534, 1868.701357867555544 ] } },
{ "type": "Feature", "properties": { "reach": 189, "gravity_logistic": 38.100321031694861, "gravity_exponential": 88.508392363048614, "knn_logistic": 3.38861712201619 }, "geometry": { "type": "Point", "coordinates": [ 4804.374581414182103, 4233.041384441607988 ] } },
{ "type": "Feature", "properties": { "reach": 429, "gravity_logistic": 87.261938567695267, "gravity_exponential": 201.82560565461665, "knn_logistic": 3.8654516724798462 }, "geometry": { "type": "Point", "coordinates": [ 1429.17972268773724, 816.582352572409832 ] } },
{ "type": "Feature", "properties": { "reach": 442, "gravity_logistic": 94.214378804177741, "gravity_exponential": 210.31326029989816, "knn_logistic": 2.9142889956838638 }, "geometry": { "type": "Point", "coordinates": [ 3557.157651772859481, 2143.627720943176882 ] } },
{ "type": "Feature", "properties": { "reach": 374, "gravity_logistic": 80.925781769261931, "gravity_exponential": 178.45348058754655, "knn_logistic": 4.1584877259733375 }, "geometry": { "type": "Point", "coordinates": [ 1470.643368464752939, 552.418177947227491 ] } },
{ "type": "Feature", "properties": { "reach": 439, "gravity_logistic": 81.294331039272848, "gravity_exponential": 201.99073295254109, "knn_logistic": 3.0535493583872411 }, "geometry": { "type": "Point", "coordinates": [ 1829.026364084931629, 1207.694353998661427 ] } },
{ "type": "Feature", "properties": { "reach": 355, "gravity_logistic": 83.724785767007489, "gravity_exponential": 171.18790701399041, "knn_logistic": 1.7946774176711346 }, "geometry": { "type": "Point", "coordinates": [ 2136.641127090358168, 436.585429593067943 ] } },
{ "type": "Feature", "properties": { "reach": 302, "gravity_logistic": 83.666683452293697, "gravity_exponential": 154.42927304450288, "knn_logistic": 2.5789053685955992 }, "geometry": { "type": "Point", "coordinates": [ 4288.278249709657757, 343.265583531162406 ] } },
{ "type": "Feature", "properties": { "reach": 252, "gravity_logistic": 67.331383379872008, "gravity_exponential": 126.45496942231532, "knn_logistic": 2.9925975632472364 }, "geometry": { "type": "Point", "coordinates": [ 112.419105699097187, 3229.468125742709617 ] } },
{ "type": "Feature", "properties": { "reach": 453, "gravity_logistic": 91.575650093467075, "gravity_exponential": 211.77059765525669, "knn_logistic": 3.7454789709044709 }, "geometry": { "type": "Point", "coordinates": [ 3450.926808356272431, 2528.751837180834627 ] } },
{ "type": "Feature", "properties": { "reach": 451, "gravity_logistic": 85.615683896035932, "gravity_exponential": 209.51462322733005, "knn_logistic": 2.1730368165603844 }, "geometry": { "type": "Point", "coordinates": [ 2802.050514631542683, 2433.163751619116738 ] } },
{ "type": "Feature", "properties": { "reach": 221, "gravity_logistic": 50.277042208818656, "gravity_exponential": 107.98557455094043, "knn_logistic": 1.2641711105299782 }, "geometry": { "type": "Point", "coordinates": [ 4951.094003186858572, 2669.564644327431324 ] } },
{ "type": "Feature", "properties": { "reach": 199, "gravity_logistic": 56.768139868166486, "gravity_exponential": 101.41621623292373, "knn_logistic": 3.1146886342285063 }, "geometry": { "type": "Point", "coordinates": [ 16.513595636503808, 3576.398665587389587 ] } },
{ "type": "Feature", "properties": { "reach": 380, "gravity_logistic": 94.064283619135381, "gravity_exponential": 187.65022444404806, "knn_logistic": 3.8039038207979652 }, "geometry": { "type": "Point", "coordinates": [ 4479.325489414967706, 1981.251700185422351 ] } },
{ "type": "Feature", "properties": { "reach": 492, "gravity_logistic": 103.63391456397675, "gravity_exponential": 233.19727353866901, "knn_logistic": 3.8755964378518262 }, "geometry": { "type": "Point", "coordinates": [ 1427.420871903232182, 2554.557913964228192 ] } },
{ "type": "Feature", "properties": { "reach": 231, "gravity_logistic": 34.990256708040143, "gravity_exponential": 102.90131611194109, "knn_logistic": 1.9676025965700117 }, "geometry": { "type": "Point", "coordinates": [ 5007.767702888967506, 2406.947217161441131 ] } },
{ "type": "Feature", "properties": { "reach": 444, "gravity_logistic": 83.67531270752599, "gravity_exponential": 205.09115543307647, "knn_logistic": 2.1806447326079264 }, "geometry": { "type": "Point", "coordinates": [ 2530.780641862821085, 961.904094743618202 ] } },
{ "type": "Feature", "properties": { "reach": 449, "gravity_logistic": 86.728148505766271, "gravity_exponential": 207.98475055950971, "knn_logistic": 1.5076967826777299 }, "geometry": { "type": "Point", "coordinates": [ 801.072636312602185, 2780.469900623541889 ] } },
{ "type": "Feature", "properties": { "reach": 319, "gravity_logistic": 75.198215282915569, "gravity_exponential": 155.36429284307741, "knn_logistic": 1.8747812530021979 }, "geometry": { "type": "Point", "coordinates": [ 167.163290502591394, 1076.337176411272594 ] } },
{ "type": "Feature", "properties": { "reach": 477, "gravity_logistic": 95.22415990579168, "gravity_exponential": 224.40370479451158, "knn_logistic": 3.5318356275558509 }, "geometry": { "type": "Point", "coordinates": [ 1852.753343313674804, 2900.299069089240675 ] } },
{ "type": "Feature", "properties": { "reach": 512, "gravity_logistic": 103.38929181047939, "gravity_exponential": 241.44659328759994, "knn_logistic": 3.1705606939481061 }, "geometry": { "type": "Point", "coordinates": [ 1276.192606268049985, 2036.062629914701347 ] } },
{ "type": "Feature", "properties": { "reach": 202, "gravity_logistic": 56.334344566912883, "gravity_exponential": 102.86762105794448, "knn_logistic": 2.3353720423862105 }, "geometry": { "type": "Point", "coordinates": [ 181.641626904627799, 221.477597635880841 ] } },
{ "type": "Feature", "properties": { "reach": 384, "gravity_logistic": 97.537217236822471, "gravity_exponential": 191.16629695786068, "knn_logistic": 2.7977320645240824 }, "geometry": { "type": "Point", "coordinates": [ 4473.474807910237359, 1816.889403678422696 ] } },
{ "type": "Feature", "properties": { "reach": 232, "gravity_logistic": 42.039816214419723, "gravity_exponential": 107.51196813883726, "knn_logistic": 2.9873762389529861 }, "geometry": { "type": "Point", "coordinates": [ 1.90181002793334, 2732.244908667366417 ] } },
{ "type": "Feature", "properties": { "reach": 510, "gravity_logistic": 99.016877508609142, "gravity_exponential": 238.10076258816059, "knn_logistic": 4.4259268082293852 }, "geometry": { "type": "Point", "coordinates": [ 1234.899976066241834, 2581.499906555930465 ] } },
{ "type": "Feature", "properties": { "reach": 416, "gravity_logistic": 76.501774765648605, "gravity_exponential": 191.88851302131684, "knn_logistic": 3.9330287099035988 }, "geometry": { "type": "Point", "coordinates": [ 1098.653414052057315, 3540.917061036575433 ] } },
{ "type": "Feature", "properties": { "reach": 442, "gravity_logistic": 85.357838484826942, "gravity_exponential": 206.19107099764719, "knn_logistic": 1.7129586032452631 }, "geometry": { "type": "Point", "coordinates": [ 2608.328724914743816, 2200.497133039850269 ] } },
{ "type": "Feature", "properties": { "reach": 280, "gravity_logistic": 75.82768638834105, "gravity_exponential": 139.26662618946645, "knn_logistic": 2.4815945806091362 }, "geometry": { "type": "Point", "coordinates": [ 4782.109426272807468, 642.433582542078284 ] } },
{ "type": "Feature", "properties": { "reach": 460, "gravity_logistic": 92.737687213016102, "gravity_exponential": 216.38912880322917, "knn_logistic": 3.1722218739804049 }, "geometry": { "type": "Point", "coordinates": [ 2420.524611494057808, 2448.626779780377092 ] } },
{ "type": "Feature", "properties": { "reach": 332, "gravity_logistic": 84.364685047305201, "gravity_exponential": 165.87045128564975, "knn_logistic": 3.226997818659771 }, "geometry": { "type": "Point", "coordinates": [ 2417.512105608072034, 410.012648918362515 ] } },
{ "type": "Feature", "properties": { "reach": 471, "gravity_logistic": 93.013576870643263, "gravity_exponential": 218.82067531340601, "knn_logistic": 3.0273124985937292 }, "geometry": { "type": "Point", "coordinates": [ 2347.61918053371619, 2695.423997384608811 ] } },
{ "type": "Feature", "properties": { "reach": 449, "gravity_logistic": 87.260112174253308, "gravity_exponential": 209.37347079659543, "knn_logistic": 3.235214535923125 }, "geometry": { "type": "Point", "coordinates": [ 2692.976034570445336, 2279.898129031340432 ] } },
{ "type": "Feature", "properties": { "reach": 357, "gravity_logistic": 76.814650004510284, "gravity_exponential": 170.50234434561878, "knn_logistic": 2.917284140132224 }, "geometry": { "type": "Point", "coordinates": [ 329.230604259991708, 2628.843710614740758 ] } },
{ "type": "Feature", "properties": { "reach": 482, "gravity_logistic": 93.38397445746935, "gravity_exponential": 223.86450948996588, "knn_logistic": 2.0819427530211141 }, "geometry": { "type": "Point", "coordinates": [ 3683.826915026474126, 1337.494836254646316 ] } },
{ "type": "Feature", "properties": { "reach": 187, "gravity_logistic": 56.856321995298998, "gravity_exponential": 96.684001402229271, "knn_logistic": 3.9320192994969889 }, "geometry": { "type": "Point", "coordinates": [ 69.173729306814991, 3853.550731222274408 ] } },
{ "type": "Feature", "properties": { "reach": 482, "gravity_logistic": 77.874542259149962, "gravity_exponential": 217.03759120293066, "knn_logistic": 2.2776481408224978 }, "geometry": { "type": "Point", "coordinates": [ 1685.012932756537339, 1524.455477453712092 ] } },
{ "type": "Feature", "properties": { "reach": 380, "gravity_logistic": 80.109551778964985, "gravity_exponential": 180.99018738064049, "knn_logistic": 3.2834179354046968 }, "geometry": { "type": "Point", "coordinates": [ 4479.739660815433126, 2203.530137853958422 ] } },
{ "type": "Feature", "properties": { "reach": 458, "gravity_logistic": 88.778260636658956, "gravity_exponential": 212.84552025602139, "knn_logistic": 3.1492352472470784 }, "geometry": { "type": "Point", "coordinates": [ 3242.961875415855502, 3122.361353305426746 ] } },
{ "type": "Feature", "properties": { "reach": 289, "gravity_logistic": 79.235822632130862, "gravity_exponential": 144.32480352124702, "knn_logistic": 2.5255769892595175 }, "geometry": { "type": "Point", "coordinates": [ 4750.077486855786447, 2915.614715359707589 ] } },
{ "type": "Feature", "properties": { "reach": 305, "gravity_logistic": 74.144706298627668, "gravity_exponential": 147.91755608356499, "knn_logistic": 3.9182419640700723 }, "geometry": { "type": "Point", "coordinates": [ 4710.045745541571705, 2694.848814750979273 ] } },
{ "type": "Feature", "properties": { "reach": 447, "gravity_logistic": 91.505700680737604, "gravity_exponential": 211.66415807211732, "knn_logistic": 3.0050547046285292 }, "geometry": { "type": "Point", "coordinates": [ 3505.036832904800576, 3359.175473420086746 ] } },
{ "type": "Feature", "properties": { "reach": 506, "gravity_logistic": 99.787693129314476, "gravity_exponential": 236.42288456175268, "knn_logistic": 4.2842994826738883 }, "geometry": { "type": "Point", "coordinates": [ 1081.389404208224505, 1486.583653305769758 ] } },
{ "type": "Feature", "properties": { "reach": 298, "gravity_logistic": 79.100187201238015, "gravity_exponential": 149.08665839529172, "knn_logistic": 2.1910172385082971 }, "geometry": { "type": "Point", "coordinates": [ 2914.389949484873796, 251.619146428287479 ] } },
{ "type": "Feature", "properties": { "reach": 438, "gravity_logistic": 81.845639458676374, "gravity_exponential": 204.06507386055986, "knn_logistic": 3.0060916596922964 }, "geometry": { "type": "Point", "coordinates": [ 2616.907566241476161, 1321.279455007276738 ] } },
{ "type": "Feature", "properties": { "reach": 404, "gravity_logistic": 97.082194909366223, "gravity_exponential": 197.64504478714377, "knn_logistic": 2.4235015898439891 }, "geometry": { "type": "Point", "coordinates": [ 3995.526631643042037, 3685.368959064046976 ] } },
{ "type": "Feature", "properties": { "reach": 450, "gravity_logistic": 86.909367566427491, "gravity_exponential": 210.20512965539965, "knn_logistic": 2.3209246597164559 }, "geometry": { "type": "Point", "coordinates": [ 2769.591435356063357, 1982.386122090782465 ] } },
{ "type": "Feature", "properties": { "reach": 438, "gravity_logistic": 87.746624885154162, "gravity_exponential": 206.05039267450192, "knn_logistic": 2.8955986137337471 }, "geometry": { "type": "Point", "coordinates": [ 2637.657549739691603, 1831.686358367275034 ] } },
{ "type": "Feature", "properties": { "reach": 366, "gravity_logistic": 81.293246720241683, "gravity_exponential": 176.90284997073678, "knn_logistic": 4.1302150820166901 }, "geometry": { "type": "Point", "coordinates": [ 1731.527898084470735, 3902.402958744138232 ] } },
{ "type": "Feature", "properties": { "reach": 472, "gravity_logistic": 92.302773197059977, "gravity_exponential": 220.89013863054828, "knn_logistic": 3.3884640292828698 }, "geometry": { "type": "Point", "coordinates": [ 3902.330473247021018, 854.746051450819891 ] } },
{ "type": "Feature", "properties": { "reach": 474, "gravity_logistic": 90.710230332009147, "gravity_exponential": 220.9241219701743, "knn_logistic": 1.2782144647555751 }, "geometry": { "type": "Point", "coordinates": [ 2564.872933196709255, 3352.658448457887971 ] } },
{ "type": "Feature", "properties": { "reach": 495, "gravity_logistic": 93.145535329737697, "gravity_exponential": 228.63247097705727, "knn_logistic": 3.3731834993284004 }, "geometry": { "type": "Point", "coordinates": [ 3521.229245389877178, 1563.909639067147964 ] } },
{ "type": "Feature", "properties": { "reach": 450, "gravity_logistic": 91.957964570733523, "gravity_exponential": 211.78037942540359, "knn_logistic": 2.9048708121370916 }, "geometry": { "type": "Point", "coordinates": [ 3191.509357097790144, 2404.760805933914071 ] } },
{ "type": "Feature", "properties": { "reach": 331, "gravity_logistic": 78.036617415803235, "gravity_exponential": 160.9375154285656, "knn_logistic": 4.3899680615623788 }, "geometry": { "type": "Point", "coordinates": [ 4753.70823916264635, 1536.636927064078691 ] } },
{ "type": "Feature", "properties": { "reach": 284, "gravity_logistic": 61.007234588324529, "gravity_exponential": 135.92814890511562, "knn_logistic": 4.442519463718793 }, "geometry": { "type": "Point", "coordinates": [ 2973.890311991528051, 4252.551981192782478 ] } },
{ "type": "Feature", "properties": { "reach": 468, "gravity_logistic": 118.17332838757034, "gravity_exponential": 232.66375564325952, "knn_logistic": 4.5192460576184734 }, "geometry": { "type": "Point", "coordinates": [ 753.445808716989518, 2255.662500404622278 ] } },
{ "type": "Feature", "properties": { "reach": 177, "gravity_logistic": 46.385589662969572, "gravity_exponential": 88.511637836839427, "knn_logistic": 4.5476294458851987 }, "geometry": { "type": "Point", "coordinates": [ 467.42766328669569, 4291.702843397980359 ] } },
{ "type": "Feature", "properties": { "reach": 441, "gravity_logistic": 85.577496927717078, "gravity_exponential": 205.88196644662506, "knn_logistic": 1.9835027900689113 }, "geometry": { "type": "Point", "coordinates": [ 3812.335327252168554, 2693.046030960735607 ] } },
{ "type": "Feature", "properties": { "reach": 439, "gravity_logistic": 93.898886537685058, "gravity_exponential": 209.57929646795682, "knn_logistic": 4.6624115313106005 }, "geometry": { "type": "Point", "coordinates": [ 3574.338002221568786, 3289.238228544999856 ] } },
{ "type": "Feature", "properties": { "reach": 437, "gravity_logistic": 88.153778793024401, "gravity_exponential": 203.88547851537177, "knn_logistic": 3.8988209367538644 }, "geometry": { "type": "Point", "coordinates": [ 2422.670094177025021, 1736.907806434571057 ] } },
{ "type": "Feature", "properties": { "reach": 268, "gravity_logistic": 79.336854773505095, "gravity_exponential": 138.16334496758475, "knn_logistic": 3.2814654011092252 }, "geometry": { "type": "Point", "coordinates": [ 302.958863539087872, 385.637058281374152 ] } },
{ "type": "Feature", "properties": { "reach": 247, "gravity_logistic": 72.951529952805501, "gravity_exponential": 128.17281107834646, "knn_logistic": 3.757528138750029 }, "geometry": { "type": "Point", "coordinates": [ 206.717919422067638, 425.825020809527416 ] } },
{ "type": "Feature", "properties": { "reach": 462, "gravity_logistic": 83.261919194547971, "gravity_exponential": 211.71641751971771, "knn_logistic": 2.2134744932675683 }, "geometry": { "type": "Point", "coordinates": [ 1087.83048626038385, 2968.236500430440628 ] } },
{ "type": "Feature", "properties": { "reach": 334, "gravity_logistic": 78.29014925270144, "gravity_exponential": 161.97569787367647, "knn_logistic": 3.0032302356208298 }, "geometry": { "type": "Point", "coordinates": [ 274.742463136759, 2391.78902861718052 ] } },
{ "type": "Feature", "properties": { "reach": 359, "gravity_logistic": 83.718903006871173, "gravity_exponential": 174.77960167652242, "knn_logistic": 3.9429465471831691 }, "geometry": { "type": "Point", "coordinates": [ 3214.817962419903324, 3963.702846339392636 ] } },
{ "type": "Feature", "properties": { "reach": 325, "gravity_logistic": 68.517875154597078, "gravity_exponential": 153.83184559760403, "knn_logistic": 3.0855370768784827 }, "geometry": { "type": "Point", "coordinates": [ 157.932945592765947, 1264.910482841103885 ] } },
{ "type": "Feature", "properties": { "reach": 523, "gravity_logistic": 108.12485324401102, "gravity_exponential": 247.26403698710905, "knn_logistic": 4.1386029988702662 }, "geometry": { "type": "Point", "coordinates": [ 1212.779191785419698, 2126.075342575121795 ] } },
{ "type": "Feature", "properties": { "reach": 232, "gravity_logistic": 68.089079998925499, "gravity_exponential": 119.3904920429291, "knn_logistic": 3.2602060394775796 }, "geometry": { "type": "Point", "coordinates": [ 111.606159839932928, 3485.752914755160418 ] } },
{ "type": "Feature", "properties": { "reach": 413, "gravity_logistic": 76.563112440531938, "gravity_exponential": 192.88850212029408, "knn_logistic": 4.0964299678349612 }, "geometry": { "type": "Point", "coordinates": [ 763.174976062768906, 3243.808660531239639 ] } },
{ "type": "Feature", "properties": { "reach": 473, "gravity_logistic": 97.711825187444617, "gravity_exponential": 223.03457978428861, "knn_logistic": 3.2769344857974865 }, "geometry": { "type": "Point", "coordinates": [ 914.935932727737736, 2641.830502301849265 ] } },
{ "type": "Feature", "properties": { "reach": 277, "gravity_logistic": 85.211595145057444, "gravity_exponential": 144.37390033266843, "knn_logistic": 2.9121603786629442 }, "geometry": { "type": "Point", "coordinates": [ 221.149704511908539, 574.65057125321016 ] } },
{ "type": "Feature", "properties": { "reach": 428, "gravity_logistic": 80.687016215735639, "gravity_exponential": 198.80778016901201, "knn_logistic": 3.4738332213984231 }, "geometry": { "type": "Point", "coordinates": [ 3484.946159767812787, 712.990821222337786 ] } },
{ "type": "Feature", "properties": { "reach": 383, "gravity_logistic": 83.235449195022412, "gravity_exponential": 185.26378832488797, "knn_logistic": 4.0164737474439471 }, "geometry": { "type": "Point", "coordinates": [ 4360.16911654118212, 2966.259569368579378 ] } },
{ "type": "Feature", "properties": { "reach": 460, "gravity_logistic": 87.569305109707614, "gravity_exponential": 212.51564375861466, "knn_logistic": 1.6342886658449414 }, "geometry": { "type": "Point", "coordinates": [ 2710.72641059781472, 2419.385663237517292 ] } },
{ "type": "Feature", "properties": { "reach": 236, "gravity_logistic": 45.749110241768271, "gravity_exponential": 110.47761058372313, "knn_logistic": 3.1494166433050825 }, "geometry": { "type": "Point", "coordinates": [ 5003.844164523263316, 1571.126396685230247 ] } },
{ "type": "Feature", "properties": { "reach": 494, "gravity_logistic": 104.50741590689255, "gravity_exponential": 234.01083242643847, "knn_logistic": 3.5187391463098137 }, "geometry": { "type": "Point", "coordinates": [ 1484.787892273333, 2213.80658437359034 ] } },
{ "type": "Feature", "properties": { "reach": 458, "gravity_logistic": 93.081957270471008, "gravity_exponential": 215.2717796478737, "knn_logistic": 2.9765683763866173 }, "geometry": { "type": "Point", "coordinates": [ 2222.281977630522761, 2751.901049923292248 ] } },
{ "type": "Feature", "properties": { "reach": 472, "gravity_logistic": 92.994672113758838, "gravity_exponential": 220.05382469070483, "knn_logistic": 3.2768377074842068 }, "geometry": { "type": "Point", "coordinates": [ 2198.181726172768776, 2842.695118847615504 ] } },
{ "type": "Feature", "properties": { "reach": 496, "gravity_logistic": 114.84711446954577, "gravity_exponential": 241.62790197622328, "knn_logistic": 4.2980117334195942 }, "geometry": { "type": "Point", "coordinates": [ 892.128937458747828, 1156.955660503825129 ] } },
{ "type": "Feature", "properties": { "reach": 393, "gravity_logistic": 80.577930471888934, "gravity_exponential": 185.76490222241145, "knn_logistic": 3.0042979738515894 }, "geometry": { "type": "Point", "coordinates": [ 1692.981684459282633, 715.953678415278659 ] } },
{ "type": "Feature", "properties": { "reach": 236, "gravity_logistic": 53.960443167850407, "gravity_exponential": 114.78188336919777, "knn_logistic": 2.1587807239568644 }, "geometry": { "type": "Point", "coordinates": [ 4919.704376486101864, 3629.010458132645908 ] } },
{ "type": "Feature", "properties": { "reach": 172, "gravity_logistic": 47.405764665890381, "gravity_exponential": 89.012000778876811, "knn_logistic": 2.758994781974657 }, "geometry": { "type": "Point", "coordinates": [ 119.563594836338666, 4070.994991746799769 ] } },
{ "type": "Feature", "properties": { "reach": 376, "gravity_logistic": 88.933471029797715, "gravity_exponential": 183.85693694859094, "knn_logistic": 2.9819487723772768 }, "geometry": { "type": "Point", "coordinates": [ 2625.97129423633487, 605.491125648026014 ] } },
{ "type": "Feature", "properties": { "reach": 426, "gravity_logistic": 84.791897614210399, "gravity_exponential": 200.29257849057072, "knn_logistic": 2.6345153023111023 }, "geometry": { "type": "Point", "coordinates": [ 3326.601685063568766, 826.862496831565409 ] } },
{ "type": "Feature", "properties": { "reach": 252, "gravity_logistic": 46.195542646991932, "gravity_exponential": 115.62905333993741, "knn_logistic": 3.2702996637536907 }, "geometry": { "type": "Point", "coordinates": [ 1791.244943327265901, 4291.103332370837961 ] } },
{ "type": "Feature", "properties": { "reach": 330, "gravity_logistic": 67.862687511498052, "gravity_exponential": 157.33243115886276, "knn_logistic": 3.6172474253024003 }, "geometry": { "type": "Point", "coordinates": [ 3685.420200846548596, 343.301408475283665 ] } },
{ "type": "Feature", "properties": { "reach": 506, "gravity_logistic": 108.56395544743073, "gravity_exponential": 240.17062809936689, "knn_logistic": 2.6989176091913798 }, "geometry": { "type": "Point", "coordinates": [ 1375.482698284726666, 2448.334442161020888 ] } },
{ "type": "Feature", "properties": { "reach": 424, "gravity_logistic": 78.285832232514565, "gravity_exponential": 196.25058237702493, "knn_logistic": 4.0239060281185672 }, "geometry": { "type": "Point", "coordinates": [ 661.76326814137667, 2991.249951153185975 ] } },
{ "type": "Feature", "properties": { "reach": 404, "gravity_logistic": 103.46589888580276, "gravity_exponential": 199.43031962652108, "knn_logistic": 3.1055283038879007 }, "geometry": { "type": "Point", "coordinates": [ 2147.605422461901071, 3804.116157792928334 ] } },
{ "type": "Feature", "properties": { "reach": 274, "gravity_logistic": 76.409585669818284, "gravity_exponential": 137.44326768900694, "knn_logistic": 2.6270173864626827 }, "geometry": { "type": "Point", "coordinates": [ 121.516613051824862, 717.729279870701589 ] } },
{ "type": "Feature", "properties": { "reach": 477, "gravity_logistic": 87.425865894657548, "gravity_exponential": 219.88545110378769, "knn_logistic": 3.8472945592258898 }, "geometry": { "type": "Point", "coordinates": [ 2622.220977817465609, 3245.083161563632984 ] } },
{ "type": "Feature", "properties": { "reach": 405, "gravity_logistic": 74.893131726244647, "gravity_exponential": 189.10862897422885, "knn_logistic": 2.3844239833140568 }, "geometry": { "type": "Point", "coordinates": [ 3553.327839059416419, 585.159963093947454 ] } },
{ "type": "Feature", "properties": { "reach": 287, "gravity_logistic": 62.76774981371284, "gravity_exponential": 137.81970956879346, "knn_logistic": 4.3975239799529593 }, "geometry": { "type": "Point", "coordinates": [ 2940.529312982467218, 4235.738945607130518 ] } },
{ "type": "Feature", "properties": { "reach": 324, "gravity_logistic": 82.974054878846317, "gravity_exponential": 161.55749716016368, "knn_logistic": 3.6671736457364101 }, "geometry": { "type": "Point", "coordinates": [ 2421.958731230923604, 4079.908625025990204 ] } },
{ "type": "Feature", "properties": { "reach": 302, "gravity_logistic": 64.987862154104846, "gravity_exponential": 143.53258057229635, "knn_logistic": 3.4888786149760103 }, "geometry": { "type": "Point", "coordinates": [ 167.577610492069368, 2301.27940329014973 ] } },
{ "type": "Feature", "properties": { "reach": 421, "gravity_logistic": 90.584741992841884, "gravity_exponential": 201.54779216905993, "knn_logistic": 1.6438622755570018 }, "geometry": { "type": "Point", "coordinates": [ 2990.982306040428739, 876.297387151284852 ] } },
{ "type": "Feature", "properties": { "reach": 442, "gravity_logistic": 86.188454301926441, "gravity_exponential": 206.94842392146558, "knn_logistic": 3.965323071709423 }, "geometry": { "type": "Point", "coordinates": [ 3794.499364928531122, 3005.287361119899742 ] } },
{ "type": "Feature", "properties": { "reach": 455, "gravity_logistic": 90.001395132044493, "gravity_exponential": 212.83858439818084, "knn_logistic": 4.34245563756647 }, "geometry": { "type": "Point", "coordinates": [ 3049.595010646220544, 1705.806469535913948 ] } },
{ "type": "Feature", "properties": { "reach": 473, "gravity_logistic": 87.004453890868305, "gravity_exponential": 217.86336416279383, "knn_logistic": 4.5973899716099123 }, "geometry": { "type": "Point", "coordinates": [ 2777.307174471132384, 2693.391994380278447 ] } },
{ "type": "Feature", "properties": { "reach": 418, "gravity_logistic": 100.01142957002628, "gravity_exponential": 203.93383831383881, "knn_logistic": 3.8099957971688001 }, "geometry": { "type": "Point", "coordinates": [ 441.78729743235516, 1807.790068571072879 ] } },
{ "type": "Feature", "properties": { "reach": 453, "gravity_logistic": 92.591034684474437, "gravity_exponential": 212.6445173575396, "knn_logistic": 2.5895727653619529 }, "geometry": { "type": "Point", "coordinates": [ 3015.510124844664006, 1144.992151803515981 ] } },
{ "type": "Feature", "properties": { "reach": 391, "gravity_logistic": 93.394277028201031, "gravity_exponential": 190.63332918019321, "knn_logistic": 3.5898197130060283 }, "geometry": { "type": "Point", "coordinates": [ 2750.870921772825568, 3862.752252096026496 ] } },
{ "type": "Feature", "properties": { "reach": 351, "gravity_logistic": 76.150313673911199, "gravity_exponential": 167.74111064240114, "knn_logistic": 1.9878902850268625 }, "geometry": { "type": "Point", "coordinates": [ 1081.909533251504399, 3794.833278511757271 ] } },
{ "type": "Feature", "properties": { "reach": 242, "gravity_logistic": 57.783842851397033, "gravity_exponential": 118.04703030284033, "knn_logistic": 3.2016139230796425 }, "geometry": { "type": "Point", "coordinates": [ 3852.564746355288207, 4329.38222381111791 ] } },
{ "type": "Feature", "properties": { "reach": 457, "gravity_logistic": 85.295874416580247, "gravity_exponential": 210.34635782185643, "knn_logistic": 2.4010202995144243 }, "geometry": { "type": "Point", "coordinates": [ 3224.055752554572791, 3442.714305861604771 ] } },
{ "type": "Feature", "properties": { "reach": 386, "gravity_logistic": 81.298071498747163, "gravity_exponential": 183.3172749433993, "knn_logistic": 1.52032777879112 }, "geometry": { "type": "Point", "coordinates": [ 1278.527017753451219, 3688.186416926747825 ] } },
{ "type": "Feature", "properties": { "reach": 430, "gravity_logistic": 100.70511615539728, "gravity_exponential": 209.4124822101916, "knn_logistic": 2.6980193513018111 }, "geometry": { "type": "Point", "coordinates": [ 1866.455187616104467, 3559.043325623265446 ] } },
{ "type": "Feature", "properties": { "reach": 233, "gravity_logistic": 50.092898362691443, "gravity_exponential": 111.73781911709047, "knn_logistic": 4.0941765984003897 }, "geometry": { "type": "Point", "coordinates": [ 2499.757531006382123, 4342.867132471134937 ] } },
{ "type": "Feature", "properties": { "reach": 439, "gravity_logistic": 92.222352184057542, "gravity_exponential": 207.32900977312352, "knn_logistic": 3.5190201659919484 }, "geometry": { "type": "Point", "coordinates": [ 3464.686032596924179, 3032.178012554615634 ] } },
{ "type": "Feature", "properties": { "reach": 439, "gravity_logistic": 81.80237693024911, "gravity_exponential": 203.37929996252774, "knn_logistic": 1.4010704307971624 }, "geometry": { "type": "Point", "coordinates": [ 3862.871418768230342, 2639.860404909993122 ] } },
{ "type": "Feature", "properties": { "reach": 345, "gravity_logistic": 84.288401199786392, "gravity_exponential": 168.56408841425508, "knn_logistic": 3.1611132088293559 }, "geometry": { "type": "Point", "coordinates": [ 292.954285373417633, 2145.939878904417583 ] } },
{ "type": "Feature", "properties": { "reach": 261, "gravity_logistic": 54.375275526443708, "gravity_exponential": 122.93098145866966, "knn_logistic": 1.8501579431240045 }, "geometry": { "type": "Point", "coordinates": [ 3559.385680396157568, 111.829412636366357 ] } },
{ "type": "Feature", "properties": { "reach": 455, "gravity_logistic": 85.659742504076561, "gravity_exponential": 210.44404155734725, "knn_logistic": 3.0703512116951139 }, "geometry": { "type": "Point", "coordinates": [ 2016.7711348784444, 1867.901774425704389 ] } },
{ "type": "Feature", "properties": { "reach": 522, "gravity_logistic": 100.11936975010444, "gravity_exponential": 242.77646383543026, "knn_logistic": 4.0887439322641823 }, "geometry": { "type": "Point", "coordinates": [ 1101.367341255923748, 1678.896165675371094 ] } },
{ "type": "Feature", "properties": { "reach": 362, "gravity_logistic": 93.025364413138945, "gravity_exponential": 180.05414452117, "knn_logistic": 2.7583239435951943 }, "geometry": { "type": "Point", "coordinates": [ 4189.259779399530089, 548.154227072174876 ] } },
{ "type": "Feature", "properties": { "reach": 286, "gravity_logistic": 60.45745328524891, "gravity_exponential": 134.99450502151004, "knn_logistic": 3.1538565834797048 }, "geometry": { "type": "Point", "coordinates": [ 1233.156105739013128, 4095.535212417089497 ] } },
{ "type": "Feature", "properties": { "reach": 161, "gravity_logistic": 41.529132424370168, "gravity_exponential": 81.783993865300715, "knn_logistic": 3.1559451385736574 }, "geometry": { "type": "Point", "coordinates": [ 196.027233970717305, 4234.641156277238224 ] } },
{ "type": "Feature", "properties": { "reach": 378, "gravity_logistic": 76.079298265774753, "gravity_exponential": 179.59013533910405, "knn_logistic": 3.6117621853043103 }, "geometry": { "type": "Point", "coordinates": [ 739.561199477805417, 3465.593165724930259 ] } },
{ "type": "Feature", "properties": { "reach": 274, "gravity_logistic": 69.780044697616262, "gravity_exponential": 136.78513785477628, "knn_logistic": 4.5832171614221391 }, "geometry": { "type": "Point", "coordinates": [ 89.157058095588454, 881.920262735546999 ] } },
{ "type": "Feature", "properties": { "reach": 258, "gravity_logistic": 75.378003931881167, "gravity_exponential": 131.75970043738491, "knn_logistic": 2.0859768563901069 }, "geometry": { "type": "Point", "coordinates": [ 4729.177037592304259, 506.568535390278782 ] } },
{ "type": "Feature", "properties": { "reach": 287, "gravity_logistic": 88.197360372622626, "gravity_exponential": 149.14808629754512, "knn_logistic": 2.8204155032351834 }, "geometry": { "type": "Point", "coordinates": [ 4233.232350365266939, 4030.102415628429299 ] } },
{ "type": "Feature", "properties": { "reach": 248, "gravity_logistic": 51.829332065221877, "gravity_exponential": 117.95864256812547, "knn_logistic": 2.7621157319501202 }, "geometry": { "type": "Point", "coordinates": [ 3464.317418497691961, 4311.741933663474811 ] } },
{ "type": "Feature", "properties": { "reach": 512, "gravity_logistic": 100.80486110748879, "gravity_exponential": 237.97116585171659, "knn_logistic": 2.6454038591158704 }, "geometry": { "type": "Point", "coordinates": [ 1485.074531871772251, 2048.142387855083143 ] } },
{ "type": "Feature", "properties": { "reach": 455, "gravity_logistic": 84.149805568942796, "gravity_exponential": 210.68818071377768, "knn_logistic": 3.4737062085175014 }, "geometry": { "type": "Point", "coordinates": [ 3021.907044287997905, 2436.685571592769065 ] } },
{ "type": "Feature", "properties": { "reach": 406, "gravity_logistic": 83.412963148947043, "gravity_exponential": 193.11501500789598, "knn_logistic": 3.2915348021411006 }, "geometry": { "type": "Point", "coordinates": [ 4222.007592196615406, 3081.759670979985913 ] } },
{ "type": "Feature", "properties": { "reach": 377, "gravity_logistic": 83.685085087888552, "gravity_exponential": 182.17311914923499, "knn_logistic": 3.6712253020662025 }, "geometry": { "type": "Point", "coordinates": [ 4419.274354572054108, 3135.161776578811896 ] } },
{ "type": "Feature", "properties": { "reach": 492, "gravity_logistic": 79.15216670732373, "gravity_exponential": 222.87272698816003, "knn_logistic": 4.5878095261151381 }, "geometry": { "type": "Point", "coordinates": [ 1538.458407554720225, 1562.871201872916799 ] } },
{ "type": "Feature", "properties": { "reach": 350, "gravity_logistic": 79.076920761155549, "gravity_exponential": 170.26875729164988, "knn_logistic": 2.442735116588143 }, "geometry": { "type": "Point", "coordinates": [ 4509.591608391742739, 3478.262764073424023 ] } },
{ "type": "Feature", "properties": { "reach": 467, "gravity_logistic": 82.741102767306643, "gravity_exponential": 214.85997862374413, "knn_logistic": 1.6193523615334036 }, "geometry": { "type": "Point", "coordinates": [ 1430.621422951024442, 3166.178798388362338 ] } },
{ "type": "Feature", "properties": { "reach": 446, "gravity_logistic": 85.951292845256674, "gravity_exponential": 207.53185577875044, "knn_logistic": 3.1525524626266943 }, "geometry": { "type": "Point", "coordinates": [ 2815.119797805136841, 1663.503568715993197 ] } },
{ "type": "Feature", "properties": { "reach": 470, "gravity_logistic": 83.790089797728726, "gravity_exponential": 216.58784971721457, "knn_logistic": 2.3878704364170398 }, "geometry": { "type": "Point", "coordinates": [ 1432.712092682303819, 3124.982219112223902 ] } },
{ "type": "Feature", "properties": { "reach": 421, "gravity_logistic": 77.355998904212768, "gravity_exponential": 195.6455173847273, "knn_logistic": 3.6474884722038619 }, "geometry": { "type": "Point", "coordinates": [ 769.516465728362846, 3204.730756146197109 ] } },
{ "type": "Feature", "properties": { "reach": 324, "gravity_logistic": 68.904084573849005, "gravity_exponential": 153.82629782623789, "knn_logistic": 3.3626093977434799 }, "geometry": { "type": "Point", "coordinates": [ 1759.194952022901134, 4055.987491474455055 ] } },
{ "type": "Feature", "properties": { "reach": 421, "gravity_logistic": 77.916559297188172, "gravity_exponential": 196.62290581312581, "knn_logistic": 3.482478932681869 }, "geometry": { "type": "Point", "coordinates": [ 2146.68913077411662, 907.100574741132959 ] } },
{ "type": "Feature", "properties": { "reach": 507, "gravity_logistic": 104.59202522533514, "gravity_exponential": 241.09769925416384, "knn_logistic": 2.9072221980858006 }, "geometry": { "type": "Point", "coordinates": [ 1100.704312239971614, 1826.146196279809146 ] } },
{ "type": "Feature", "properties": { "reach": 448, "gravity_logistic": 84.847764426940159, "gravity_exponential": 207.37235192793847, "knn_logistic": 3.5628286349378171 }, "geometry": { "type": "Point", "coordinates": [ 2750.808045448995017, 1663.611886904853236 ] } },
{ "type": "Feature", "properties": { "reach": 487, "gravity_logistic": 112.64680585150383, "gravity_exponential": 236.14969347454547, "knn_logistic": 3.7641740649836675 }, "geometry": { "type": "Point", "coordinates": [ 934.299534425124421, 1070.583687084525991 ] } },
{ "type": "Feature", "properties": { "reach": 455, "gravity_logistic": 85.235964032576305, "gravity_exponential": 210.39124794284919, "knn_logistic": 3.8418187727148947 }, "geometry": { "type": "Point", "coordinates": [ 3916.134250010451524, 3191.818688155497966 ] } },
{ "type": "Feature", "properties": { "reach": 403, "gravity_logistic": 104.43829213963365, "gravity_exponential": 201.6574229022988, "knn_logistic": 3.0412064967319732 }, "geometry": { "type": "Point", "coordinates": [ 4398.541495161111925, 1736.945305120318153 ] } },
{ "type": "Feature", "properties": { "reach": 451, "gravity_logistic": 94.055185075836704, "gravity_exponential": 212.80495791628712, "knn_logistic": 1.5732557682997625 }, "geometry": { "type": "Point", "coordinates": [ 3297.711510044094666, 2053.720640639853173 ] } },
{ "type": "Feature", "properties": { "reach": 469, "gravity_logistic": 92.284428787072613, "gravity_exponential": 217.9876776018223, "knn_logistic": 3.2134129315239228 }, "geometry": { "type": "Point", "coordinates": [ 3145.089034240157616, 1263.053852553079196 ] } },
{ "type": "Feature", "properties": { "reach": 465, "gravity_logistic": 88.255126111813524, "gravity_exponential": 215.69931707289288, "knn_logistic": 3.3613529183428992 }, "geometry": { "type": "Point", "coordinates": [ 3738.082709298329974, 902.728450086338057 ] } },
{ "type": "Feature", "properties": { "reach": 466, "gravity_logistic": 95.31980803528198, "gravity_exponential": 220.65087278036202, "knn_logistic": 2.6329625744816294 }, "geometry": { "type": "Point", "coordinates": [ 2143.292596529040111, 2624.247640822642552 ] } },
{ "type": "Feature", "properties": { "reach": 147, "gravity_logistic": 30.106513304254051, "gravity_exponential": 69.441203252844431, "knn_logistic": 3.8174982706306166 }, "geometry": { "type": "Point", "coordinates": [ 4979.160948773662312, 108.930480900800106 ] } },
{ "type": "Feature", "properties": { "reach": 237, "gravity_logistic": 54.154787920585747, "gravity_exponential": 114.53612712527116, "knn_logistic": 3.249813281398942 }, "geometry": { "type": "Point", "coordinates": [ 935.469231499126977, 4192.249010760353485 ] } },
{ "type": "Feature", "properties": { "reach": 425, "gravity_logistic": 88.146399953366213, "gravity_exponential": 199.13361735349105, "knn_logistic": 2.2246398572245862 }, "geometry": { "type": "Point", "coordinates": [ 1580.93493503952277, 3563.720665566208027 ] } },
{ "type": "Feature", "properties": { "reach": 471, "gravity_logistic": 99.936199977637997, "gravity_exponential": 223.34065930199012, "knn_logistic": 3.1617604274103392 }, "geometry": { "type": "Point", "coordinates": [ 864.814568785163601, 2640.956878837389013 ] } },
{ "type": "Feature", "properties": { "reach": 487, "gravity_logistic": 94.28897577510601, "gravity_exponential": 227.685913827734, "knn_logistic": 5.0457390089214451 }, "geometry": { "type": "Point", "coordinates": [ 1047.490814587567911, 2679.030223093672248 ] } },
{ "type": "Feature", "properties": { "reach": 402, "gravity_logistic": 81.882657158709677, "gravity_exponential": 188.54310520337873, "knn_logistic": 2.3554433359035976 }, "geometry": { "type": "Point", "coordinates": [ 1340.183139953750242, 3578.356932455096285 ] } },
{ "type": "Feature", "properties": { "reach": 424, "gravity_logistic": 87.998186323473007, "gravity_exponential": 200.98053331744276, "knn_logistic": 4.392510208755481 }, "geometry": { "type": "Point", "coordinates": [ 2313.289635432739033, 1722.222501982534823 ] } },
{ "type": "Feature", "properties": { "reach": 484, "gravity_logistic": 89.324414867529953, "gravity_exponential": 222.95008049291116, "knn_logistic": 2.0435836067521258 }, "geometry": { "type": "Point", "coordinates": [ 2162.781615458435226, 2092.023896440239241 ] } },
{ "type": "Feature", "properties": { "reach": 317, "gravity_logistic": 79.425228730282313, "gravity_exponential": 156.26720365674234, "knn_logistic": 2.8204835177545409 }, "geometry": { "type": "Point", "coordinates": [ 2256.201703691935563, 4104.934715770931689 ] } },
{ "type": "Feature", "properties": { "reach": 308, "gravity_logistic": 69.16905920987243, "gravity_exponential": 148.86334165327548, "knn_logistic": 2.1090199349906449 }, "geometry": { "type": "Point", "coordinates": [ 878.399195905783586, 3945.365687272329978 ] } },
{ "type": "Feature", "properties": { "reach": 329, "gravity_logistic": 82.064050770780241, "gravity_exponential": 163.42055683148638, "knn_logistic": 3.8655282506019817 }, "geometry": { "type": "Point", "coordinates": [ 4458.335893905095872, 3759.782705246456771 ] } },
{ "type": "Feature", "properties": { "reach": 297, "gravity_logistic": 80.52200808987169, "gravity_exponential": 149.73355025926381, "knn_logistic": 2.5906418108178908 }, "geometry": { "type": "Point", "coordinates": [ 2887.719751944817745, 270.688043672776246 ] } },
{ "type": "Feature", "properties": { "reach": 395, "gravity_logistic": 81.333194021955862, "gravity_exponential": 187.31340769840997, "knn_logistic": 2.5648999290495333 }, "geometry": { "type": "Point", "coordinates": [ 4365.658475632678346, 3358.547314454364368 ] } },
{ "type": "Feature", "properties": { "reach": 412, "gravity_logistic": 90.508552050394641, "gravity_exponential": 198.79232101077775, "knn_logistic": 2.812729627832792 }, "geometry": { "type": "Point", "coordinates": [ 3133.802798603549945, 752.343567299762412 ] } },
{ "type": "Feature", "properties": { "reach": 258, "gravity_logistic": 50.806774756126302, "gravity_exponential": 121.66365411043543, "knn_logistic": 1.8510793238782861 }, "geometry": { "type": "Point", "coordinates": [ 1362.910340644431926, 112.185591553807399 ] } },
{ "type": "Feature", "properties": { "reach": 453, "gravity_logistic": 88.822968706687888, "gravity_exponential": 212.04981907449783, "knn_logistic": 2.6699863305255818 }, "geometry": { "type": "Point", "coordinates": [ 2993.967095619279462, 3412.09730783351506 ] } },
{ "type": "Feature", "properties": { "reach": 232, "gravity_logistic": 55.158282367108001, "gravity_exponential": 113.34178532009562, "knn_logistic": 4.3366922552461045 }, "geometry": { "type": "Point", "coordinates": [ 4953.33931481520267, 3435.685775314158491 ] } },
{ "type": "Feature", "properties": { "reach": 410, "gravity_logistic": 108.86187330978854, "gravity_exponential": 204.92295261777355, "knn_logistic": 3.8903928315144305 }, "geometry": { "type": "Point", "coordinates": [ 4409.583587827868541, 1595.111579686076993 ] } },
{ "type": "Feature", "properties": { "reach": 362, "gravity_logistic": 74.588093719760508, "gravity_exponential": 171.14712599065786, "knn_logistic": 3.400634655651122 }, "geometry": { "type": "Point", "coordinates": [ 360.333825629781586, 2748.931778215850045 ] } },
{ "type": "Feature", "properties": { "reach": 433, "gravity_logistic": 94.089446288205806, "gravity_exponential": 208.46058883622786, "knn_logistic": 1.8597259462717295 }, "geometry": { "type": "Point", "coordinates": [ 3696.515840242526792, 3411.365147686158252 ] } },
{ "type": "Feature", "properties": { "reach": 280, "gravity_logistic": 62.658086188965562, "gravity_exponential": 135.09184741477659, "knn_logistic": 2.2072399001738408 }, "geometry": { "type": "Point", "coordinates": [ 2224.336800950497491, 4235.439335033063799 ] } },
{ "type": "Feature", "properties": { "reach": 443, "gravity_logistic": 102.90964466302351, "gravity_exponential": 215.9081673148772, "knn_logistic": 3.4482790613814194 }, "geometry": { "type": "Point", "coordinates": [ 4219.897937515148442, 993.496123751821415 ] } },
{ "type": "Feature", "properties": { "reach": 451, "gravity_logistic": 79.846849984649651, "gravity_exponential": 206.36298251037181, "knn_logistic": 3.2592149860359867 }, "geometry": { "type": "Point", "coordinates": [ 3874.589014609201513, 2528.828573750702617 ] } },
{ "type": "Feature", "properties": { "reach": 296, "gravity_logistic": 67.579658202402513, "gravity_exponential": 144.16557323640862, "knn_logistic": 2.3811702507800572 }, "geometry": { "type": "Point", "coordinates": [ 853.715486520295485, 3961.336432816195156 ] } },
{ "type": "Feature", "properties": { "reach": 325, "gravity_logistic": 83.175846118486291, "gravity_exponential": 162.98713919531511, "knn_logistic": 2.8362651438127116 }, "geometry": { "type": "Point", "coordinates": [ 2501.465843507379304, 384.437267762960744 ] } },
{ "type": "Feature", "properties": { "reach": 381, "gravity_logistic": 84.395153417276646, "gravity_exponential": 183.65414749250826, "knn_logistic": 1.7246633875811195 }, "geometry": { "type": "Point", "coordinates": [ 1046.1349818830206, 458.036301131599998 ] } },
{ "type": "Feature", "properties": { "reach": 477, "gravity_logistic": 94.311795568379324, "gravity_exponential": 225.00047590708772, "knn_logistic": 3.6180416891055138 }, "geometry": { "type": "Point", "coordinates": [ 3684.638611983269129, 1754.967708428238211 ] } },
{ "type": "Feature", "properties": { "reach": 454, "gravity_logistic": 91.202223850564536, "gravity_exponential": 210.97509764920042, "knn_logistic": 3.7499232424172519 }, "geometry": { "type": "Point", "coordinates": [ 3535.637142448212217, 3134.22853739819584 ] } },
{ "type": "Feature", "properties": { "reach": 403, "gravity_logistic": 91.285846278877642, "gravity_exponential": 194.48651352230044, "knn_logistic": 4.3029215899368927 }, "geometry": { "type": "Point", "coordinates": [ 3242.788487773605993, 3756.296540821686904 ] } },
{ "type": "Feature", "properties": { "reach": 310, "gravity_logistic": 61.452066100944791, "gravity_exponential": 146.52108278292914, "knn_logistic": 1.1860954130455912 }, "geometry": { "type": "Point", "coordinates": [ 164.226267320570287, 1712.078072167773144 ] } },
{ "type": "Feature", "properties": { "reach": 188, "gravity_logistic": 52.551860571078656, "gravity_exponential": 95.26654343074928, "knn_logistic": 1.8982909482998087 }, "geometry": { "type": "Point", "coordinates": [ 384.454703456831737, 4214.680911854312399 ] } },
{ "type": "Feature", "properties": { "reach": 224, "gravity_logistic": 50.216329883724285, "gravity_exponential": 107.39210913174375, "knn_logistic": 2.8397448066581066 }, "geometry": { "type": "Point", "coordinates": [ 3851.089481017609614, 29.78735964699807 ] } },
{ "type": "Feature", "properties": { "reach": 451, "gravity_logistic": 88.113757060227016, "gravity_exponential": 209.83909297680103, "knn_logistic": 2.6969459598716603 }, "geometry": { "type": "Point", "coordinates": [ 2972.76174749929578, 1350.304427636647006 ] } },
{ "type": "Feature", "properties": { "reach": 521, "gravity_logistic": 109.94406198991511, "gravity_exponential": 247.31484544446289, "knn_logistic": 4.7742640641631739 }, "geometry": { "type": "Point", "coordinates": [ 1221.530481144758369, 2145.968857259252218 ] } },
{ "type": "Feature", "properties": { "reach": 249, "gravity_logistic": 54.860517258471148, "gravity_exponential": 119.90986367018004, "knn_logistic": 1.6553889585800339 }, "geometry": { "type": "Point", "coordinates": [ 2750.035939010952006, 73.046602751958872 ] } },
{ "type": "Feature", "properties": { "reach": 437, "gravity_logistic": 81.274166672391473, "gravity_exponential": 203.06979515189724, "knn_logistic": 2.9626771134247818 }, "geometry": { "type": "Point", "coordinates": [ 1684.537731539980996, 1046.468333800333312 ] } },
{ "type": "Feature", "properties": { "reach": 435, "gravity_logistic": 78.375501425577824, "gravity_exponential": 200.69430332413361, "knn_logistic": 4.0817426030418993 }, "geometry": { "type": "Point", "coordinates": [ 2329.732186492283745, 1046.276056644108166 ] } },
{ "type": "Feature", "properties": { "reach": 515, "gravity_logistic": 109.10701440385799, "gravity_exponential": 245.49016376133756, "knn_logistic": 3.4304047969664127 }, "geometry": { "type": "Point", "coordinates": [ 1157.63092281598415, 2071.346285763851029 ] } },
{ "type": "Feature", "properties": { "reach": 446, "gravity_logistic": 88.740845367413996, "gravity_exponential": 209.09336812186496, "knn_logistic": 2.8327695181747954 }, "geometry": { "type": "Point", "coordinates": [ 3204.236693043803825, 2583.509519175413516 ] } },
{ "type": "Feature", "properties": { "reach": 423, "gravity_logistic": 91.995278522019092, "gravity_exponential": 201.1946080891058, "knn_logistic": 3.0585888087098883 }, "geometry": { "type": "Point", "coordinates": [ 1652.271078355054442, 3559.301200987706579 ] } },
{ "type": "Feature", "properties": { "reach": 427, "gravity_logistic": 88.986217450223194, "gravity_exponential": 201.96194052342611, "knn_logistic": 2.3029002413455752 }, "geometry": { "type": "Point", "coordinates": [ 1318.621936613325033, 789.048365015121362 ] } },
{ "type": "Feature", "properties": { "reach": 183, "gravity_logistic": 40.613706527110892, "gravity_exponential": 88.491931392213218, "knn_logistic": 2.2663566359350726 }, "geometry": { "type": "Point", "coordinates": [ 5004.014965199784456, 3865.447303029284285 ] } },
{ "type": "Feature", "properties": { "reach": 487, "gravity_logistic": 103.96572127343684, "gravity_exponential": 231.24686098511975, "knn_logistic": 3.7258022302709617 }, "geometry": { "type": "Point", "coordinates": [ 1759.563119224616003, 2558.253657127140286 ] } },
{ "type": "Feature", "properties": { "reach": 296, "gravity_logistic": 76.64844538894944, "gravity_exponential": 147.33368881614516, "knn_logistic": 4.1688475581630096 }, "geometry": { "type": "Point", "coordinates": [ 148.421704642165423, 879.631785454799456 ] } },
{ "type": "Feature", "properties": { "reach": 383, "gravity_logistic": 79.743653948654099, "gravity_exponential": 183.01841626748893, "knn_logistic": 3.4284545071618631 }, "geometry": { "type": "Point", "coordinates": [ 333.376759187383357, 1581.645109487879836 ] } },
{ "type": "Feature", "properties": { "reach": 409, "gravity_logistic": 82.907969655230872, "gravity_exponential": 193.66895677328461, "knn_logistic": 3.7655541113326203 }, "geometry": { "type": "Point", "coordinates": [ 4289.307602366492574, 3378.029910986734649 ] } },
{ "type": "Feature", "properties": { "reach": 512, "gravity_logistic": 84.663990401373653, "gravity_exponential": 232.45922763986962, "knn_logistic": 4.0779412719585988 }, "geometry": { "type": "Point", "coordinates": [ 1431.19479371692546, 1625.913071750606605 ] } },
{ "type": "Feature", "properties": { "reach": 489, "gravity_logistic": 93.550747506400469, "gravity_exponential": 229.33966965033707, "knn_logistic": 3.7342801927591056 }, "geometry": { "type": "Point", "coordinates": [ 1153.521251150445096, 2666.067171350426634 ] } },
{ "type": "Feature", "properties": { "reach": 419, "gravity_logistic": 88.130480692257464, "gravity_exponential": 201.49167593518507, "knn_logistic": 2.0660807760654532 }, "geometry": { "type": "Point", "coordinates": [ 3654.929971490316802, 3434.630749972845024 ] } },
{ "type": "Feature", "properties": { "reach": 475, "gravity_logistic": 101.17570939298471, "gravity_exponential": 227.43577610749625, "knn_logistic": 3.6804539301500769 }, "geometry": { "type": "Point", "coordinates": [ 3925.840409702736451, 1762.479562940418418 ] } },
{ "type": "Feature", "properties": { "reach": 241, "gravity_logistic": 53.29899238383156, "gravity_exponential": 115.31364801039294, "knn_logistic": 4.4592491166174844 }, "geometry": { "type": "Point", "coordinates": [ 3718.345109549180961, 4344.170487088876143 ] } },
{ "type": "Feature", "properties": { "reach": 269, "gravity_logistic": 69.140483851646394, "gravity_exponential": 133.59450557514569, "knn_logistic": 3.4369382801850192 }, "geometry": { "type": "Point", "coordinates": [ 2034.643733152088998, 182.021897441184024 ] } },
{ "type": "Feature", "properties": { "reach": 471, "gravity_logistic": 89.111849243552101, "gravity_exponential": 216.4400462523997, "knn_logistic": 3.1453388495841557 }, "geometry": { "type": "Point", "coordinates": [ 2858.972702334237965, 3123.382250324175857 ] } },
{ "type": "Feature", "properties": { "reach": 455, "gravity_logistic": 84.614547780801558, "gravity_exponential": 210.94314332210777, "knn_logistic": 4.5911924479787558 }, "geometry": { "type": "Point", "coordinates": [ 2859.121164759284966, 2519.422985757684273 ] } },
{ "type": "Feature", "properties": { "reach": 464, "gravity_logistic": 88.106863678493823, "gravity_exponential": 215.33796804881237, "knn_logistic": 3.5082760391602164 }, "geometry": { "type": "Point", "coordinates": [ 2364.844642277286312, 2896.295343485804096 ] } },
{ "type": "Feature", "properties": { "reach": 485, "gravity_logistic": 106.36051306123632, "gravity_exponential": 233.8440503209315, "knn_logistic": 2.631340256299012 }, "geometry": { "type": "Point", "coordinates": [ 936.328647857287251, 1666.333828677622023 ] } },
{ "type": "Feature", "properties": { "reach": 446, "gravity_logistic": 86.123066980992263, "gravity_exponential": 208.79751976251887, "knn_logistic": 3.1714469451301728 }, "geometry": { "type": "Point", "coordinates": [ 3245.387936203504523, 3229.655714421092398 ] } },
{ "type": "Feature", "properties": { "reach": 472, "gravity_logistic": 85.631777814810334, "gravity_exponential": 218.52286913280147, "knn_logistic": 4.4199688253148803 }, "geometry": { "type": "Point", "coordinates": [ 1340.10385389805333, 2967.011191498462722 ] } },
{ "type": "Feature", "properties": { "reach": 455, "gravity_logistic": 91.305113548213697, "gravity_exponential": 211.72575874331761, "knn_logistic": 2.0740183572244897 }, "geometry": { "type": "Point", "coordinates": [ 3174.343786645010823, 1048.108365361499182 ] } },
{ "type": "Feature", "properties": { "reach": 495, "gravity_logistic": 104.13977537862743, "gravity_exponential": 234.01629191159765, "knn_logistic": 3.702575984602078 }, "geometry": { "type": "Point", "coordinates": [ 1495.695136975077048, 2196.88169257097934 ] } },
{ "type": "Feature", "properties": { "reach": 486, "gravity_logistic": 91.995194766415025, "gravity_exponential": 224.48887849904406, "knn_logistic": 3.7318490475436015 }, "geometry": { "type": "Point", "coordinates": [ 3386.771825184528097, 1484.808070376701835 ] } },
{ "type": "Feature", "properties": { "reach": 252, "gravity_logistic": 67.463448418745557, "gravity_exponential": 126.51572579753545, "knn_logistic": 2.9941018518261888 }, "geometry": { "type": "Point", "coordinates": [ 112.235359255067792, 3232.648750100449888 ] } },
{ "type": "Feature", "properties": { "reach": 375, "gravity_logistic": 90.25720079189901, "gravity_exponential": 183.09788649989517, "knn_logistic": 2.8719568593036451 }, "geometry": { "type": "Point", "coordinates": [ 4561.451826997742501, 1855.742083523736028 ] } },
{ "type": "Feature", "properties": { "reach": 446, "gravity_logistic": 116.68429694850332, "gravity_exponential": 222.83070499114754, "knn_logistic": 3.7178340996164572 }, "geometry": { "type": "Point", "coordinates": [ 661.518810671507822, 2226.473942232675654 ] } },
{ "type": "Feature", "properties": { "reach": 519, "gravity_logistic": 94.266235152071815, "gravity_exponential": 238.8579816124323, "knn_logistic": 3.7306713645416303 }, "geometry": { "type": "Point", "coordinates": [ 1344.002933289813882, 1869.871725471478157 ] } },
{ "type": "Feature", "properties": { "reach": 429, "gravity_logistic": 80.001857135272488, "gravity_exponential": 197.93419580679051, "knn_logistic": 3.5293166176313289 }, "geometry": { "type": "Point", "coordinates": [ 1839.498653372635772, 992.020440425680817 ] } },
{ "type": "Feature", "properties": { "reach": 322, "gravity_logistic": 81.686495563813125, "gravity_exponential": 159.2772496624402, "knn_logistic": 3.7372279428175696 }, "geometry": { "type": "Point", "coordinates": [ 2254.768992603423158, 4086.093317549301446 ] } },
{ "type": "Feature", "properties": { "reach": 480, "gravity_logistic": 94.058053627548389, "gravity_exponential": 225.70972339017965, "knn_logistic": 4.1200133251240256 }, "geometry": { "type": "Point", "coordinates": [ 3684.052505912887227, 1780.75315267105816 ] } },
{ "type": "Feature", "properties": { "reach": 435, "gravity_logistic": 89.284696793739258, "gravity_exponential": 204.73092122389806, "knn_logistic": 2.8285628643706402 }, "geometry": { "type": "Point", "coordinates": [ 2550.321363185908467, 1869.929794929135824 ] } },
{ "type": "Feature", "properties": { "reach": 450, "gravity_logistic": 84.478413705005337, "gravity_exponential": 207.6277982155994, "knn_logistic": 3.2413279374110768 }, "geometry": { "type": "Point", "coordinates": [ 2606.631276648928178, 1542.382263662956348 ] } },
{ "type": "Feature", "properties": { "reach": 466, "gravity_logistic": 115.16962329567623, "gravity_exponential": 230.60352153567513, "knn_logistic": 4.8239736806097131 }, "geometry": { "type": "Point", "coordinates": [ 659.009925447486125, 1881.806108499526772 ] } },
{ "type": "Feature", "properties": { "reach": 389, "gravity_logistic": 91.860171908775598, "gravity_exponential": 190.18487436981542, "knn_logistic": 3.499942102517871 }, "geometry": { "type": "Point", "coordinates": [ 3082.81082460577727, 618.898741570697553 ] } },
{ "type": "Feature", "properties": { "reach": 392, "gravity_logistic": 103.56313310676481, "gravity_exponential": 193.89850719216261, "knn_logistic": 2.9756194254429746 }, "geometry": { "type": "Point", "coordinates": [ 453.445950300720767, 2086.809356437574934 ] } },
{ "type": "Feature", "properties": { "reach": 421, "gravity_logistic": 75.561586721069233, "gravity_exponential": 196.19150780377888, "knn_logistic": 2.564501853034618 }, "geometry": { "type": "Point", "coordinates": [ 2179.178177104303813, 822.893509450676106 ] } },
{ "type": "Feature", "properties": { "reach": 481, "gravity_logistic": 90.78086704027659, "gravity_exponential": 223.19539360756812, "knn_logistic": 3.8368521878386614 }, "geometry": { "type": "Point", "coordinates": [ 3567.065500951707236, 1322.531326513321574 ] } },
{ "type": "Feature", "properties": { "reach": 454, "gravity_logistic": 88.127133904937324, "gravity_exponential": 212.0708839991382, "knn_logistic": 3.0295287230502965 }, "geometry": { "type": "Point", "coordinates": [ 1485.269161695382536, 1072.209626764129325 ] } },
{ "type": "Feature", "properties": { "reach": 484, "gravity_logistic": 92.820355061300916, "gravity_exponential": 225.08935035215296, "knn_logistic": 2.9289894110664418 }, "geometry": { "type": "Point", "coordinates": [ 3588.660739627813655, 1322.808184130223708 ] } },
{ "type": "Feature", "properties": { "reach": 479, "gravity_logistic": 86.9237681406685, "gravity_exponential": 219.3323460694107, "knn_logistic": 3.783238661511708 }, "geometry": { "type": "Point", "coordinates": [ 2802.42678653966459, 2670.685073197692418 ] } },
{ "type": "Feature", "properties": { "reach": 452, "gravity_logistic": 87.740127998285089, "gravity_exponential": 211.83798959509059, "knn_logistic": 2.082093501579009 }, "geometry": { "type": "Point", "coordinates": [ 3806.959037156634622, 769.384757920150491 ] } },
{ "type": "Feature", "properties": { "reach": 298, "gravity_logistic": 66.711892898727527, "gravity_exponential": 143.95504552371708, "knn_logistic": 2.2376020537257704 }, "geometry": { "type": "Point", "coordinates": [ 1927.622042839148435, 4145.0482787753308 ] } },
{ "type": "Feature", "properties": { "reach": 425, "gravity_logistic": 94.186976176547688, "gravity_exponential": 203.35310598168419, "knn_logistic": 3.6175652790760195 }, "geometry": { "type": "Point", "coordinates": [ 1173.750699494279388, 659.328111254837722 ] } },
{ "type": "Feature", "properties": { "reach": 433, "gravity_logistic": 90.988469845943243, "gravity_exponential": 206.19467560462158, "knn_logistic": 4.2837256069368079 }, "geometry": { "type": "Point", "coordinates": [ 4014.659374129755179, 739.502583777939094 ] } },
{ "type": "Feature", "properties": { "reach": 441, "gravity_logistic": 89.618326303097689, "gravity_exponential": 207.80659460395233, "knn_logistic": 5.1400096465493474 }, "geometry": { "type": "Point", "coordinates": [ 3160.296078985210897, 2862.729672968408522 ] } },
{ "type": "Feature", "properties": { "reach": 287, "gravity_logistic": 61.890017455220516, "gravity_exponential": 137.09552561003639, "knn_logistic": 2.7784133678212006 }, "geometry": { "type": "Point", "coordinates": [ 825.950749193308297, 179.41395253853122 ] } },
{ "type": "Feature", "properties": { "reach": 469, "gravity_logistic": 87.141037969149309, "gravity_exponential": 216.22510023497574, "knn_logistic": 4.2657488046070684 }, "geometry": { "type": "Point", "coordinates": [ 2694.520667598031196, 2718.492573733218251 ] } },
{ "type": "Feature", "properties": { "reach": 236, "gravity_logistic": 62.155941516154215, "gravity_exponential": 117.5839514369037, "knn_logistic": 1.3757736850958295 }, "geometry": { "type": "Point", "coordinates": [ 4885.015087041083461, 2804.61335632029477 ] } },
{ "type": "Feature", "properties": { "reach": 473, "gravity_logistic": 90.256067930797627, "gravity_exponential": 220.01951945143733, "knn_logistic": 4.4514254760770733 }, "geometry": { "type": "Point", "coordinates": [ 987.552410872162227, 2786.680353484572606 ] } },
{ "type": "Feature", "properties": { "reach": 346, "gravity_logistic": 73.337311689812537, "gravity_exponential": 164.15415796311771, "knn_logistic": 2.6599371668457876 }, "geometry": { "type": "Point", "coordinates": [ 925.146296705885561, 3844.699258015960822 ] } },
{ "type": "Feature", "properties": { "reach": 211, "gravity_logistic": 42.862565655687305, "gravity_exponential": 98.659745360738626, "knn_logistic": 1.3297926888393703 }, "geometry": { "type": "Point", "coordinates": [ 1675.406840659534282, -3.798194657948063 ] } },
{ "type": "Feature", "properties": { "reach": 176, "gravity_logistic": 43.572068932411483, "gravity_exponential": 86.88402984634682, "knn_logistic": 3.6581876032386407 }, "geometry": { "type": "Point", "coordinates": [ 58.263004551875305, 138.391253165619872 ] } },
{ "type": "Feature", "properties": { "reach": 361, "gravity_logistic": 92.211035862927403, "gravity_exponential": 179.43113051784943, "knn_logistic": 2.0560481368543586 }, "geometry": { "type": "Point", "coordinates": [ 298.386606067743628, 992.66034935752532 ] } },
{ "type": "Feature", "properties": { "reach": 502, "gravity_logistic": 87.58366434391327, "gravity_exponential": 228.59579221872502, "knn_logistic": 2.4329477200548904 }, "geometry": { "type": "Point", "coordinates": [ 1597.833177583058841, 1874.240597285333024 ] } },
{ "type": "Feature", "properties": { "reach": 350, "gravity_logistic": 77.535172334102782, "gravity_exponential": 167.85384123760812, "knn_logistic": 3.7975062927413639 }, "geometry": { "type": "Point", "coordinates": [ 1429.061714544843653, 3872.347067494493331 ] } },
{ "type": "Feature", "properties": { "reach": 435, "gravity_logistic": 106.14584368659021, "gravity_exponential": 215.05688191513067, "knn_logistic": 4.3261491514118404 }, "geometry": { "type": "Point", "coordinates": [ 752.435582728338204, 859.380080170190581 ] } },
{ "type": "Feature", "properties": { "reach": 437, "gravity_logistic": 90.684620240878715, "gravity_exponential": 207.46269641853303, "knn_logistic": 3.6891048898223877 }, "geometry": { "type": "Point", "coordinates": [ 4127.267081887376662, 2067.643804800810358 ] } },
{ "type": "Feature", "properties": { "reach": 459, "gravity_logistic": 89.612428117700787, "gravity_exponential": 213.38057884896554, "knn_logistic": 2.4055477483431114 }, "geometry": { "type": "Point", "coordinates": [ 3300.836736317071427, 960.447922692016391 ] } },
{ "type": "Feature", "properties": { "reach": 492, "gravity_logistic": 99.073762684975279, "gravity_exponential": 230.74827910207117, "knn_logistic": 2.0879550880918112 }, "geometry": { "type": "Point", "coordinates": [ 1631.89500411270069, 2747.774025266647641 ] } },
{ "type": "Feature", "properties": { "reach": 471, "gravity_logistic": 94.724242869556534, "gravity_exponential": 222.11550965639336, "knn_logistic": 2.5558281315638305 }, "geometry": { "type": "Point", "coordinates": [ 2071.593475664442849, 2478.204343654964305 ] } },
{ "type": "Feature", "properties": { "reach": 468, "gravity_logistic": 92.302356047196724, "gravity_exponential": 219.61130419335109, "knn_logistic": 2.3596176905129758 }, "geometry": { "type": "Point", "coordinates": [ 2463.737130231507763, 3392.387911304207591 ] } },
{ "type": "Feature", "properties": { "reach": 428, "gravity_logistic": 88.197607434736739, "gravity_exponential": 200.3381928286158, "knn_logistic": 2.7473017420151722 }, "geometry": { "type": "Point", "coordinates": [ 2294.046232881394644, 1538.790762082873243 ] } },
{ "type": "Feature", "properties": { "reach": 345, "gravity_logistic": 65.741394494193926, "gravity_exponential": 161.78233529308707, "knn_logistic": 3.8497556584493942 }, "geometry": { "type": "Point", "coordinates": [ 220.749762408810255, 1570.910145551148617 ] } },
{ "type": "Feature", "properties": { "reach": 364, "gravity_logistic": 94.738653651663611, "gravity_exponential": 180.50303104738862, "knn_logistic": 3.9755945889664863 }, "geometry": { "type": "Point", "coordinates": [ 2859.753923043466784, 508.53582752244597 ] } },
{ "type": "Feature", "properties": { "reach": 293, "gravity_logistic": 64.07252423752729, "gravity_exponential": 140.29938568110899, "knn_logistic": 3.4829995978111947 }, "geometry": { "type": "Point", "coordinates": [ 1322.931129702091766, 4081.984607963706821 ] } },
{ "type": "Feature", "properties": { "reach": 270, "gravity_logistic": 63.581009660894608, "gravity_exponential": 130.94520733007852, "knn_logistic": 2.4911415492691877 }, "geometry": { "type": "Point", "coordinates": [ 4807.467538975831303, 2638.003121772180293 ] } },
{ "type": "Feature", "properties": { "reach": 445, "gravity_logistic": 85.087260782853051, "gravity_exponential": 206.23489612950101, "knn_logistic": 2.9576606655286337 }, "geometry": { "type": "Point", "coordinates": [ 1959.400800756268609, 1651.349861076026627 ] } },
{ "type": "Feature", "properties": { "reach": 452, "gravity_logistic": 88.424459626426597, "gravity_exponential": 211.49660625113302, "knn_logistic": 3.4981960913892305 }, "geometry": { "type": "Point", "coordinates": [ 3466.444608197862181, 3329.052852473116673 ] } },
{ "type": "Feature", "properties": { "reach": 351, "gravity_logistic": 83.89807710320963, "gravity_exponential": 173.27235074714793, "knn_logistic": 2.4698474386892455 }, "geometry": { "type": "Point", "coordinates": [ 2473.326654384297399, 480.585982820415893 ] } },
{ "type": "Feature", "properties": { "reach": 379, "gravity_logistic": 71.62810121191356, "gravity_exponential": 178.24314314429122, "knn_logistic": 2.675218902124731 }, "geometry": { "type": "Point", "coordinates": [ 3630.061178115399798, 473.101567434424453 ] } },
{ "type": "Feature", "properties": { "reach": 476, "gravity_logistic": 101.74933274760801, "gravity_exponential": 226.62015832561809, "knn_logistic": 2.2107625875028938 }, "geometry": { "type": "Point", "coordinates": [ 1806.365446498166648, 2309.882637916162366 ] } },
{ "type": "Feature", "properties": { "reach": 473, "gravity_logistic": 106.13897147942339, "gravity_exponential": 227.66034777331618, "knn_logistic": 4.4387313775576738 }, "geometry": { "type": "Point", "coordinates": [ 4016.829161446999478, 1351.365950301374369 ] } },
{ "type": "Feature", "properties": { "reach": 307, "gravity_logistic": 83.745793373848429, "gravity_exponential": 156.17295939206505, "knn_logistic": 2.3171650764104199 }, "geometry": { "type": "Point", "coordinates": [ 4539.502039072510343, 552.837253103964485 ] } },
{ "type": "Feature", "properties": { "reach": 281, "gravity_logistic": 68.938964619148209, "gravity_exponential": 139.42251667094627, "knn_logistic": 2.7750106038261539 }, "geometry": { "type": "Point", "coordinates": [ 634.227689488945657, 3903.769562963095268 ] } },
{ "type": "Feature", "properties": { "reach": 391, "gravity_logistic": 91.218640831509774, "gravity_exponential": 191.21405789301559, "knn_logistic": 4.2946811421864544 }, "geometry": { "type": "Point", "coordinates": [ 1844.813876800630624, 3793.108060910728454 ] } },
{ "type": "Feature", "properties": { "reach": 443, "gravity_logistic": 92.449676081189963, "gravity_exponential": 209.92452952083872, "knn_logistic": 3.6435832837175655 }, "geometry": { "type": "Point", "coordinates": [ 2950.706491220400949, 3576.277710365985058 ] } },
{ "type": "Feature", "properties": { "reach": 255, "gravity_logistic": 77.45897447456187, "gravity_exponential": 132.22581538066171, "knn_logistic": 2.4985925844355785 }, "geometry": { "type": "Point", "coordinates": [ 222.058134918686278, 3566.342948462643108 ] } },
{ "type": "Feature", "properties": { "reach": 306, "gravity_logistic": 80.567738316550376, "gravity_exponential": 153.42938737032898, "knn_logistic": 3.1127122736903718 }, "geometry": { "type": "Point", "coordinates": [ 420.349407060321425, 3572.531137784402745 ] } },
{ "type": "Feature", "properties": { "reach": 280, "gravity_logistic": 69.389438391458583, "gravity_exponential": 137.64047427313901, "knn_logistic": 3.2761046645278085 }, "geometry": { "type": "Point", "coordinates": [ 1910.323005689927868, 217.480428221538318 ] } },
{ "type": "Feature", "properties": { "reach": 279, "gravity_logistic": 70.312000914180004, "gravity_exponential": 137.41608582108375, "knn_logistic": 3.4317873918004853 }, "geometry": { "type": "Point", "coordinates": [ 2034.267694966234103, 195.889032137849 ] } },
{ "type": "Feature", "properties": { "reach": 414, "gravity_logistic": 94.17029606929826, "gravity_exponential": 199.82558890869123, "knn_logistic": 3.2107242537075487 }, "geometry": { "type": "Point", "coordinates": [ 3796.856184799675702, 3719.275459402977049 ] } },
{ "type": "Feature", "properties": { "reach": 281, "gravity_logistic": 56.960394463160391, "gravity_exponential": 132.43773650381431, "knn_logistic": 2.2473821170040758 }, "geometry": { "type": "Point", "coordinates": [ 1869.335013452611747, 4206.72422088332587 ] } },
{ "type": "Feature", "properties": { "reach": 195, "gravity_logistic": 60.838040106173345, "gravity_exponential": 102.55834132955484, "knn_logistic": 2.8496957072608433 }, "geometry": { "type": "Point", "coordinates": [ 216.585520706988177, 4002.318134850839215 ] } },
{ "type": "Feature", "properties": { "reach": 247, "gravity_logistic": 65.363215473072771, "gravity_exponential": 122.6167029298673, "knn_logistic": 2.9892925010434848 }, "geometry": { "type": "Point", "coordinates": [ 4892.21113314437207, 2960.6212318732114 ] } },
{ "type": "Feature", "properties": { "reach": 400, "gravity_logistic": 91.17006320602782, "gravity_exponential": 195.10639306945353, "knn_logistic": 2.8542158353998675 }, "geometry": { "type": "Point", "coordinates": [ 4178.368677743370426, 3599.05992520145719 ] } },
{ "type": "Feature", "properties": { "reach": 454, "gravity_logistic": 83.627367683996496, "gravity_exponential": 208.97895235543677, "knn_logistic": 3.433000527975798 }, "geometry": { "type": "Point", "coordinates": [ 1780.37831517104587, 1151.754253833789335 ] } },
{ "type": "Feature", "properties": { "reach": 467, "gravity_logistic": 108.97806492827777, "gravity_exponential": 227.29458358344507, "knn_logistic": 1.8975294867565535 }, "geometry": { "type": "Point", "coordinates": [ 4015.643600143788717, 1553.900498364111172 ] } },
{ "type": "Feature", "properties": { "reach": 225, "gravity_logistic": 50.992262033630013, "gravity_exponential": 110.01322718511938, "knn_logistic": 2.4664527372421925 }, "geometry": { "type": "Point", "coordinates": [ 4925.677850928339467, 2637.546641358067063 ] } },
{ "type": "Feature", "properties": { "reach": 500, "gravity_logistic": 103.37510472949515, "gravity_exponential": 236.11472946432212, "knn_logistic": 4.1525154034485006 }, "geometry": { "type": "Point", "coordinates": [ 1031.399456246123009, 1484.964249765006116 ] } },
{ "type": "Feature", "properties": { "reach": 463, "gravity_logistic": 81.558201551730875, "gravity_exponential": 210.32817625778034, "knn_logistic": 3.4327381720562684 }, "geometry": { "type": "Point", "coordinates": [ 1761.24803834792715, 1170.041994222659469 ] } },
{ "type": "Feature", "properties": { "reach": 494, "gravity_logistic": 101.63197404014835, "gravity_exponential": 232.17866929674005, "knn_logistic": 3.4109960561228787 }, "geometry": { "type": "Point", "coordinates": [ 1651.859704231944306, 2180.10901020327583 ] } },
{ "type": "Feature", "properties": { "reach": 272, "gravity_logistic": 57.226356048776879, "gravity_exponential": 130.16614190625251, "knn_logistic": 3.8860549100090331 }, "geometry": { "type": "Point", "coordinates": [ 2033.722059605275945, 4240.305332799164717 ] } },
{ "type": "Feature", "properties": { "reach": 354, "gravity_logistic": 80.295501314722515, "gravity_exponential": 170.51903862482507, "knn_logistic": 2.5419481981176286 }, "geometry": { "type": "Point", "coordinates": [ 4633.663311433586387, 1978.099200813492644 ] } },
{ "type": "Feature", "properties": { "reach": 467, "gravity_logistic": 95.492490241274993, "gravity_exponential": 220.1794866893751, "knn_logistic": 2.8753781205895583 }, "geometry": { "type": "Point", "coordinates": [ 3895.49588201531742, 979.599258457276505 ] } },
{ "type": "Feature", "properties": { "reach": 379, "gravity_logistic": 84.045941385064438, "gravity_exponential": 183.00154040353334, "knn_logistic": 1.7229908036265471 }, "geometry": { "type": "Point", "coordinates": [ 1046.656434954077213, 453.854570142519776 ] } },
{ "type": "Feature", "properties": { "reach": 478, "gravity_logistic": 118.17513450682917, "gravity_exponential": 235.83648664294265, "knn_logistic": 4.7530773266827335 }, "geometry": { "type": "Point", "coordinates": [ 714.584942028064347, 1969.95593637231309 ] } },
{ "type": "Feature", "properties": { "reach": 430, "gravity_logistic": 89.942440557286773, "gravity_exponential": 203.17157587991892, "knn_logistic": 2.9270324855752388 }, "geometry": { "type": "Point", "coordinates": [ 3299.638863164530449, 3672.395905162101371 ] } },
{ "type": "Feature", "properties": { "reach": 341, "gravity_logistic": 87.054189098966589, "gravity_exponential": 169.06829578496391, "knn_logistic": 3.1301029517308252 }, "geometry": { "type": "Point", "coordinates": [ 312.721243321018449, 2202.461141702570785 ] } },
{ "type": "Feature", "properties": { "reach": 450, "gravity_logistic": 88.320619059700164, "gravity_exponential": 210.44567159720103, "knn_logistic": 3.9680757463476883 }, "geometry": { "type": "Point", "coordinates": [ 3684.605309652853975, 2402.89392541205234 ] } },
{ "type": "Feature", "properties": { "reach": 456, "gravity_logistic": 88.839882045215091, "gravity_exponential": 211.64730251470803, "knn_logistic": 1.9910738006524831 }, "geometry": { "type": "Point", "coordinates": [ 3109.869140438738668, 1321.348535022085571 ] } },
{ "type": "Feature", "properties": { "reach": 293, "gravity_logistic": 73.942283638436749, "gravity_exponential": 143.41126072418041, "knn_logistic": 4.1270329346791881 }, "geometry": { "type": "Point", "coordinates": [ 4731.630791320345452, 2729.380979483387819 ] } },
{ "type": "Feature", "properties": { "reach": 484, "gravity_logistic": 103.72713009432223, "gravity_exponential": 230.7337156531139, "knn_logistic": 3.7354953035996079 }, "geometry": { "type": "Point", "coordinates": [ 1758.302279558033206, 2598.523839618425427 ] } },
{ "type": "Feature", "properties": { "reach": 232, "gravity_logistic": 56.821375224652236, "gravity_exponential": 114.12428603761825, "knn_logistic": 2.1165632942332491 }, "geometry": { "type": "Point", "coordinates": [ 4951.600565766579166, 3279.974222589246438 ] } },
{ "type": "Feature", "properties": { "reach": 270, "gravity_logistic": 49.263894456411677, "gravity_exponential": 125.218350779833, "knn_logistic": 1.0082713464147119 }, "geometry": { "type": "Point", "coordinates": [ 4880.742172617394317, 2366.725096783601657 ] } },
{ "type": "Feature", "properties": { "reach": 284, "gravity_logistic": 85.188865272232945, "gravity_exponential": 147.28791924163721, "knn_logistic": 2.3107393170545807 }, "geometry": { "type": "Point", "coordinates": [ 4124.656061916707586, 4098.473053442613491 ] } },
{ "type": "Feature", "properties": { "reach": 406, "gravity_logistic": 91.647649391773243, "gravity_exponential": 197.09420126313887, "knn_logistic": 3.0311923692376617 }, "geometry": { "type": "Point", "coordinates": [ 4082.269220163658701, 3576.154873387413318 ] } },
{ "type": "Feature", "properties": { "reach": 456, "gravity_logistic": 80.33653841107278, "gravity_exponential": 206.78721615094187, "knn_logistic": 2.8476267353354814 }, "geometry": { "type": "Point", "coordinates": [ 1876.646258712354665, 1323.240341141040062 ] } },
{ "type": "Feature", "properties": { "reach": 519, "gravity_logistic": 108.57244738067749, "gravity_exponential": 245.91790376147074, "knn_logistic": 4.7640457506299043 }, "geometry": { "type": "Point", "coordinates": [ 1247.782798161578739, 2142.523522582786882 ] } },
{ "type": "Feature", "properties": { "reach": 333, "gravity_logistic": 85.575364413586925, "gravity_exponential": 166.76151398322509, "knn_logistic": 3.8426146214099104 }, "geometry": { "type": "Point", "coordinates": [ 4398.083614487255545, 3808.346897507829908 ] } },
{ "type": "Feature", "properties": { "reach": 405, "gravity_logistic": 83.124250805123566, "gravity_exponential": 191.3479081415947, "knn_logistic": 2.004965496137765 }, "geometry": { "type": "Point", "coordinates": [ 4347.31448695655763, 2771.181832404417946 ] } },
{ "type": "Feature", "properties": { "reach": 462, "gravity_logistic": 114.30156553956367, "gravity_exponential": 228.68352723890638, "knn_logistic": 4.8216021418427424 }, "geometry": { "type": "Point", "coordinates": [ 658.62268275858878, 1889.942832026825727 ] } },
{ "type": "Feature", "properties": { "reach": 361, "gravity_logistic": 91.440059982727462, "gravity_exponential": 179.71199105425518, "knn_logistic": 2.9966052550546931 }, "geometry": { "type": "Point", "coordinates": [ 2528.872692921195721, 3929.29621233571379 ] } },
{ "type": "Feature", "properties": { "reach": 479, "gravity_logistic": 111.59786863745883, "gravity_exponential": 232.63054706601275, "knn_logistic": 4.3575558324765975 }, "geometry": { "type": "Point", "coordinates": [ 991.536425315650263, 1008.919935342230247 ] } },
{ "type": "Feature", "properties": { "reach": 406, "gravity_logistic": 85.220870533903792, "gravity_exponential": 192.64896958338861, "knn_logistic": 2.6641019596272648 }, "geometry": { "type": "Point", "coordinates": [ 3846.303018798615085, 573.709118005472419 ] } },
{ "type": "Feature", "properties": { "reach": 361, "gravity_logistic": 83.673190304389621, "gravity_exponential": 175.44647728334434, "knn_logistic": 4.0315896031498077 }, "geometry": { "type": "Point", "coordinates": [ 274.934535144036147, 1231.802036795065305 ] } },
{ "type": "Feature", "properties": { "reach": 458, "gravity_logistic": 83.421614226668225, "gravity_exponential": 210.31306401708818, "knn_logistic": 3.3343834425368026 }, "geometry": { "type": "Point", "coordinates": [ 1317.486554058076763, 3286.085572602449702 ] } },
{ "type": "Feature", "properties": { "reach": 457, "gravity_logistic": 97.91654242133049, "gravity_exponential": 217.55282905542373, "knn_logistic": 3.7181596940939281 }, "geometry": { "type": "Point", "coordinates": [ 1925.66216397195376, 3331.283897614922807 ] } },
{ "type": "Feature", "properties": { "reach": 476, "gravity_logistic": 109.42690174663612, "gravity_exponential": 230.05976097314496, "knn_logistic": 2.6400871184259662 }, "geometry": { "type": "Point", "coordinates": [ 4067.542876599145529, 1738.233556677540264 ] } },
{ "type": "Feature", "properties": { "reach": 491, "gravity_logistic": 92.045321233382836, "gravity_exponential": 226.72249831076329, "knn_logistic": 4.0251791419917291 }, "geometry": { "type": "Point", "coordinates": [ 3425.842374118366479, 1433.018729568449317 ] } },
{ "type": "Feature", "properties": { "reach": 443, "gravity_logistic": 82.8550479621737, "gravity_exponential": 204.97462039681102, "knn_logistic": 2.0584907311245964 }, "geometry": { "type": "Point", "coordinates": [ 3921.813912513946434, 2751.067645608322891 ] } },
{ "type": "Feature", "properties": { "reach": 405, "gravity_logistic": 82.627177953844267, "gravity_exponential": 190.50161232957331, "knn_logistic": 2.1007717205068008 }, "geometry": { "type": "Point", "coordinates": [ 4346.475808424683237, 2719.097416040557164 ] } },
{ "type": "Feature", "properties": { "reach": 370, "gravity_logistic": 77.921145136220431, "gravity_exponential": 175.76703174428093, "knn_logistic": 3.4733676477546589 }, "geometry": { "type": "Point", "coordinates": [ 1048.024156992890767, 3715.979662063157775 ] } },
{ "type": "Feature", "properties": { "reach": 485, "gravity_logistic": 105.21442720902925, "gravity_exponential": 230.65998055353631, "knn_logistic": 4.1523678842545735 }, "geometry": { "type": "Point", "coordinates": [ 1708.112900566006601, 2496.565148031412264 ] } },
{ "type": "Feature", "properties": { "reach": 481, "gravity_logistic": 91.335885944462788, "gravity_exponential": 221.31483209315689, "knn_logistic": 2.6271710099910184 }, "geometry": { "type": "Point", "coordinates": [ 2408.769443711059012, 2753.606061762075569 ] } },
{ "type": "Feature", "properties": { "reach": 308, "gravity_logistic": 74.36991596729645, "gravity_exponential": 151.07556049846377, "knn_logistic": 2.1020391131570348 }, "geometry": { "type": "Point", "coordinates": [ 1805.189098062146286, 326.816208943081847 ] } },
{ "type": "Feature", "properties": { "reach": 386, "gravity_logistic": 90.067892244137568, "gravity_exponential": 190.82637659680887, "knn_logistic": 2.5114328135346415 }, "geometry": { "type": "Point", "coordinates": [ 896.643326183306726, 548.23906404697118 ] } },
{ "type": "Feature", "properties": { "reach": 393, "gravity_logistic": 91.041473585421613, "gravity_exponential": 190.77539361392169, "knn_logistic": 4.6556735522128996 }, "geometry": { "type": "Point", "coordinates": [ 3108.348046625118059, 3794.039672470588812 ] } },
{ "type": "Feature", "properties": { "reach": 420, "gravity_logistic": 82.31583182075056, "gravity_exponential": 197.14595312450086, "knn_logistic": 2.7420589000059552 }, "geometry": { "type": "Point", "coordinates": [ 3427.889748354972653, 713.413472560241644 ] } },
{ "type": "Feature", "properties": { "reach": 475, "gravity_logistic": 83.815376897954536, "gravity_exponential": 218.29327407684008, "knn_logistic": 3.4950435039567567 }, "geometry": { "type": "Point", "coordinates": [ 1485.903943393552709, 1301.462175343851641 ] } },
{ "type": "Feature", "properties": { "reach": 423, "gravity_logistic": 85.461296833150513, "gravity_exponential": 200.95023323841502, "knn_logistic": 3.2742265202863505 }, "geometry": { "type": "Point", "coordinates": [ 3483.721482285070579, 3737.592240604500603 ] } },
{ "type": "Feature", "properties": { "reach": 445, "gravity_logistic": 91.60740973776818, "gravity_exponential": 208.68040216176783, "knn_logistic": 3.1676256373477156 }, "geometry": { "type": "Point", "coordinates": [ 3562.178566981176573, 3132.578743590331669 ] } },
{ "type": "Feature", "properties": { "reach": 343, "gravity_logistic": 78.560023958260899, "gravity_exponential": 164.41961891491582, "knn_logistic": 2.9597848959769966 }, "geometry": { "type": "Point", "coordinates": [ 3483.71788625013869, 4068.742463404397768 ] } },
{ "type": "Feature", "properties": { "reach": 174, "gravity_logistic": 48.324348522022404, "gravity_exponential": 88.401121243961157, "knn_logistic": 3.8040232077566589 }, "geometry": { "type": "Point", "coordinates": [ 4986.613661697228963, 383.539754091361658 ] } },
{ "type": "Feature", "properties": { "reach": 513, "gravity_logistic": 86.621656373238281, "gravity_exponential": 232.73962517520525, "knn_logistic": 2.5107906176229675 }, "geometry": { "type": "Point", "coordinates": [ 1486.336710771844309, 1773.794479251589792 ] } },
{ "type": "Feature", "properties": { "reach": 447, "gravity_logistic": 90.173261409082698, "gravity_exponential": 209.12692638444219, "knn_logistic": 1.7849641861352492 }, "geometry": { "type": "Point", "coordinates": [ 3517.78398225772662, 2928.875214907208829 ] } },
{ "type": "Feature", "properties": { "reach": 308, "gravity_logistic": 68.198619153579614, "gravity_exponential": 147.73665191998117, "knn_logistic": 3.0686890510193745 }, "geometry": { "type": "Point", "coordinates": [ 1471.403668774182279, 315.609620000839527 ] } },
{ "type": "Feature", "properties": { "reach": 433, "gravity_logistic": 83.540582360543169, "gravity_exponential": 202.23060975174707, "knn_logistic": 2.778056524621729 }, "geometry": { "type": "Point", "coordinates": [ 4014.765572536549826, 2817.943846974089865 ] } },
{ "type": "Feature", "properties": { "reach": 311, "gravity_logistic": 79.000485070543846, "gravity_exponential": 154.15390791969884, "knn_logistic": 2.0085990771372524 }, "geometry": { "type": "Point", "coordinates": [ 4554.954654243873847, 3797.944967071990959 ] } },
{ "type": "Feature", "properties": { "reach": 452, "gravity_logistic": 90.3240542307731, "gravity_exponential": 212.79692359910723, "knn_logistic": 2.2589421818267392 }, "geometry": { "type": "Point", "coordinates": [ 2751.775304493797648, 3196.777003225158751 ] } },
{ "type": "Feature", "properties": { "reach": 289, "gravity_logistic": 68.94759878838741, "gravity_exponential": 139.91498845701409, "knn_logistic": 3.2866860925428858 }, "geometry": { "type": "Point", "coordinates": [ 3575.193450284225491, 4202.753888929871209 ] } },
{ "type": "Feature", "properties": { "reach": 394, "gravity_logistic": 98.134532108335023, "gravity_exponential": 194.80440445170854, "knn_logistic": 3.3319593555600973 }, "geometry": { "type": "Point", "coordinates": [ 2053.382955604335621, 3762.862556929285802 ] } },
{ "type": "Feature", "properties": { "reach": 430, "gravity_logistic": 80.450887240023135, "gravity_exponential": 198.53368670722756, "knn_logistic": 2.8525627517790735 }, "geometry": { "type": "Point", "coordinates": [ 1799.573395456154913, 936.023317436118077 ] } },
{ "type": "Feature", "properties": { "reach": 311, "gravity_logistic": 75.503890188020947, "gravity_exponential": 152.31495961719654, "knn_logistic": 2.4534631024248279 }, "geometry": { "type": "Point", "coordinates": [ 704.391504460319084, 274.457174334799618 ] } },
{ "type": "Feature", "properties": { "reach": 439, "gravity_logistic": 80.59510335201567, "gravity_exponential": 202.54765235439856, "knn_logistic": 2.7845252590415708 }, "geometry": { "type": "Point", "coordinates": [ 2421.722218625117421, 1184.839786897338854 ] } },
{ "type": "Feature", "properties": { "reach": 432, "gravity_logistic": 87.226017928935732, "gravity_exponential": 202.72088082504948, "knn_logistic": 2.3029147818474516 }, "geometry": { "type": "Point", "coordinates": [ 2242.706974070792967, 1648.015037465641171 ] } },
{ "type": "Feature", "properties": { "reach": 431, "gravity_logistic": 106.21813700836061, "gravity_exponential": 211.59274304027957, "knn_logistic": 3.35172951433269 }, "geometry": { "type": "Point", "coordinates": [ 4292.669792349685849, 1861.624122700118505 ] } },
{ "type": "Feature", "properties": { "reach": 274, "gravity_logistic": 68.764430830753568, "gravity_exponential": 135.80588745080095, "knn_logistic": 2.5627920171798722 }, "geometry": { "type": "Point", "coordinates": [ 645.875552063064788, 3959.955489330902765 ] } },
{ "type": "Feature", "properties": { "reach": 448, "gravity_logistic": 86.054928570398801, "gravity_exponential": 208.67234535505418, "knn_logistic": 2.6385834773170425 }, "geometry": { "type": "Point", "coordinates": [ 2693.094289036485861, 2214.136555130909983 ] } },
{ "type": "Feature", "properties": { "reach": 270, "gravity_logistic": 46.545028044421699, "gravity_exponential": 123.50241992106591, "knn_logistic": 2.5810905732734661 }, "geometry": { "type": "Point", "coordinates": [ 53.311849518675729, 1851.761672750482148 ] } },
{ "type": "Feature", "properties": { "reach": 433, "gravity_logistic": 81.204333209464068, "gravity_exponential": 200.28252652309166, "knn_logistic": 1.8329082888628345 }, "geometry": { "type": "Point", "coordinates": [ 1849.32435639714754, 1152.308607013291976 ] } },
{ "type": "Feature", "properties": { "reach": 437, "gravity_logistic": 87.562782726143993, "gravity_exponential": 204.86125123974526, "knn_logistic": 4.3004757917488989 }, "geometry": { "type": "Point", "coordinates": [ 2154.413994312937575, 1703.727745850493648 ] } },
{ "type": "Feature", "properties": { "reach": 473, "gravity_logistic": 90.061643005713478, "gravity_exponential": 218.6187858114248, "knn_logistic": 1.7333354708137962 }, "geometry": { "type": "Point", "coordinates": [ 2115.511308908482988, 2833.749513952378493 ] } },
{ "type": "Feature", "properties": { "reach": 443, "gravity_logistic": 84.628072393413234, "gravity_exponential": 206.481947081172, "knn_logistic": 3.539550551729238 }, "geometry": { "type": "Point", "coordinates": [ 3963.225446075090076, 3230.171417330585427 ] } },
{ "type": "Feature", "properties": { "reach": 323, "gravity_logistic": 55.641097209464547, "gravity_exponential": 147.88618354163239, "knn_logistic": 3.6788165175810663 }, "geometry": { "type": "Point", "coordinates": [ 135.480638689814157, 1482.385169170383961 ] } },
{ "type": "Feature", "properties": { "reach": 241, "gravity_logistic": 67.880095588393544, "gravity_exponential": 123.13670945417964, "knn_logistic": 3.2896929642734021 }, "geometry": { "type": "Point", "coordinates": [ 4278.010458911195201, 4236.353654935884151 ] } },
{ "type": "Feature", "properties": { "reach": 375, "gravity_logistic": 91.693749447778572, "gravity_exponential": 182.02021851265374, "knn_logistic": 2.3507511896270574 }, "geometry": { "type": "Point", "coordinates": [ 4015.185749726415452, 481.645265592483099 ] } },
{ "type": "Feature", "properties": { "reach": 241, "gravity_logistic": 68.020182642314992, "gravity_exponential": 122.13697319212744, "knn_logistic": 2.5981687986155548 }, "geometry": { "type": "Point", "coordinates": [ 493.360760909529574, 4025.866461970803357 ] } },
{ "type": "Feature", "properties": { "reach": 381, "gravity_logistic": 85.876742905673183, "gravity_exponential": 183.80772067084689, "knn_logistic": 3.6617785028863805 }, "geometry": { "type": "Point", "coordinates": [ 1126.24284693805339, 491.863379812924563 ] } },
{ "type": "Feature", "properties": { "reach": 206, "gravity_logistic": 50.869216974407216, "gravity_exponential": 100.95335207265539, "knn_logistic": 3.3930230614196986 }, "geometry": { "type": "Point", "coordinates": [ 374.281520749197114, 55.973251030462457 ] } },
{ "type": "Feature", "properties": { "reach": 507, "gravity_logistic": 91.11248213958649, "gravity_exponential": 231.83040384898013, "knn_logistic": 4.2700032559332035 }, "geometry": { "type": "Point", "coordinates": [ 1639.517312724537305, 1926.569421994466893 ] } },
{ "type": "Feature", "properties": { "reach": 455, "gravity_logistic": 86.25497913731563, "gravity_exponential": 210.92691366514401, "knn_logistic": 2.9161542262068578 }, "geometry": { "type": "Point", "coordinates": [ 882.984970269846258, 2883.936862183642006 ] } },
{ "type": "Feature", "properties": { "reach": 383, "gravity_logistic": 88.244983056709884, "gravity_exponential": 187.59233007107494, "knn_logistic": 4.5620323685660704 }, "geometry": { "type": "Point", "coordinates": [ 1777.830334698228626, 3795.235051081397614 ] } },
{ "type": "Feature", "properties": { "reach": 381, "gravity_logistic": 96.666827396375268, "gravity_exponential": 189.318863571328, "knn_logistic": 3.0280767202077015 }, "geometry": { "type": "Point", "coordinates": [ 2422.280454619819011, 3870.622023485588215 ] } },
{ "type": "Feature", "properties": { "reach": 317, "gravity_logistic": 68.022753204975075, "gravity_exponential": 150.1234067918634, "knn_logistic": 1.8309236625184178 }, "geometry": { "type": "Point", "coordinates": [ 3358.700406976771319, 4157.751963147667993 ] } },
{ "type": "Feature", "properties": { "reach": 308, "gravity_logistic": 70.233759507936597, "gravity_exponential": 150.58323132443508, "knn_logistic": 2.9878753471097088 }, "geometry": { "type": "Point", "coordinates": [ 4787.000030038653676, 1359.669230753477677 ] } },
{ "type": "Feature", "properties": { "reach": 376, "gravity_logistic": 88.081948102746892, "gravity_exponential": 180.748072123817, "knn_logistic": 2.0407478185630916 }, "geometry": { "type": "Point", "coordinates": [ 3959.071829551428891, 480.748486335941664 ] } },
{ "type": "Feature", "properties": { "reach": 345, "gravity_logistic": 90.249766975801748, "gravity_exponential": 170.5994117070652, "knn_logistic": 3.6253904577197527 }, "geometry": { "type": "Point", "coordinates": [ 2971.44005899305057, 418.940126250581898 ] } },
{ "type": "Feature", "properties": { "reach": 483, "gravity_logistic": 94.606551991749484, "gravity_exponential": 224.75963435555809, "knn_logistic": 3.2629670379262379 }, "geometry": { "type": "Point", "coordinates": [ 2142.772009330178662, 2900.917793477804025 ] } },
{ "type": "Feature", "properties": { "reach": 394, "gravity_logistic": 86.772542437089555, "gravity_exponential": 188.07358461178606, "knn_logistic": 2.2284662408642784 }, "geometry": { "type": "Point", "coordinates": [ 1255.439040195547477, 552.674520797217497 ] } },
{ "type": "Feature", "properties": { "reach": 505, "gravity_logistic": 111.58977554293676, "gravity_exponential": 243.85134276649865, "knn_logistic": 2.3353352973348782 }, "geometry": { "type": "Point", "coordinates": [ 1044.006173679823632, 2061.55286397259033 ] } },
{ "type": "Feature", "properties": { "reach": 171, "gravity_logistic": 34.689913421326551, "gravity_exponential": 80.652049815838751, "knn_logistic": 2.2892892008175649 }, "geometry": { "type": "Point", "coordinates": [ 4771.466276276088138, 4291.803423061452122 ] } },
{ "type": "Feature", "properties": { "reach": 398, "gravity_logistic": 85.349372809812451, "gravity_exponential": 188.35815493507795, "knn_logistic": 3.4455925187611078 }, "geometry": { "type": "Point", "coordinates": [ 1429.099420376122225, 3656.182918573624647 ] } },
{ "type": "Feature", "properties": { "reach": 438, "gravity_logistic": 112.46051219349644, "gravity_exponential": 218.08047570209416, "knn_logistic": 4.3971884426936807 }, "geometry": { "type": "Point", "coordinates": [ 605.555616821047352, 1940.801180059944727 ] } },
{ "type": "Feature", "properties": { "reach": 443, "gravity_logistic": 82.978804349114625, "gravity_exponential": 205.77398482147265, "knn_logistic": 3.0885699845660617 }, "geometry": { "type": "Point", "coordinates": [ 4070.988813311233116, 3164.113648255145563 ] } },
{ "type": "Feature", "properties": { "reach": 313, "gravity_logistic": 80.960201716930442, "gravity_exponential": 155.74670048253193, "knn_logistic": 3.8589700650011363 }, "geometry": { "type": "Point", "coordinates": [ 4110.258376132201192, 313.908008457895164 ] } },
{ "type": "Feature", "properties": { "reach": 433, "gravity_logistic": 79.326308599248023, "gravity_exponential": 200.03797993169243, "knn_logistic": 4.1313367330507411 }, "geometry": { "type": "Point", "coordinates": [ 3482.398557822172279, 785.214170085424485 ] } },
{ "type": "Feature", "properties": { "reach": 343, "gravity_logistic": 81.099460882281235, "gravity_exponential": 167.53337095342766, "knn_logistic": 1.4106499541581505 }, "geometry": { "type": "Point", "coordinates": [ 345.290333239932409, 2494.071043638016363 ] } },
{ "type": "Feature", "properties": { "reach": 350, "gravity_logistic": 79.072818911083928, "gravity_exponential": 170.26376468600179, "knn_logistic": 2.4426533684399754 }, "geometry": { "type": "Point", "coordinates": [ 4509.595778153303399, 3478.452513023443316 ] } },
{ "type": "Feature", "properties": { "reach": 350, "gravity_logistic": 78.499611573320095, "gravity_exponential": 169.16703523023259, "knn_logistic": 3.8547629861766994 }, "geometry": { "type": "Point", "coordinates": [ 825.185919939402652, 362.755327873788303 ] } },
{ "type": "Feature", "properties": { "reach": 414, "gravity_logistic": 81.636645352691176, "gravity_exponential": 194.6155698177792, "knn_logistic": 2.5355591067850103 }, "geometry": { "type": "Point", "coordinates": [ 4281.54129198294595, 2752.909739803491902 ] } },
{ "type": "Feature", "properties": { "reach": 444, "gravity_logistic": 89.839064572472594, "gravity_exponential": 208.80930386381269, "knn_logistic": 4.4818438130237741 }, "geometry": { "type": "Point", "coordinates": [ 3203.191613412347579, 2970.415102127974023 ] } },
{ "type": "Feature", "properties": { "reach": 179, "gravity_logistic": 33.68105706496852, "gravity_exponential": 82.204299345819564, "knn_logistic": 2.368840533405816 }, "geometry": { "type": "Point", "coordinates": [ 4993.418598724560979, 4072.608524922321976 ] } },
{ "type": "Feature", "properties": { "reach": 437, "gravity_logistic": 90.925478437329275, "gravity_exponential": 206.58173836223403, "knn_logistic": 3.6611438610806943 }, "geometry": { "type": "Point", "coordinates": [ 3409.911986950088249, 3170.972842482631222 ] } },
{ "type": "Feature", "properties": { "reach": 341, "gravity_logistic": 75.550041563341253, "gravity_exponential": 163.94602559606039, "knn_logistic": 1.562277865095669 }, "geometry": { "type": "Point", "coordinates": [ 1183.142015428181367, 3848.080811461814392 ] } },
{ "type": "Feature", "properties": { "reach": 437, "gravity_logistic": 86.240939938620116, "gravity_exponential": 206.1270265369192, "knn_logistic": 2.6248616910481202 }, "geometry": { "type": "Point", "coordinates": [ 3464.538708014864369, 3611.867796274284501 ] } },
{ "type": "Feature", "properties": { "reach": 510, "gravity_logistic": 103.24337451392186, "gravity_exponential": 241.19610210744335, "knn_logistic": 3.052221709626223 }, "geometry": { "type": "Point", "coordinates": [ 1210.862324582956262, 1954.783709804627506 ] } },
{ "type": "Feature", "properties": { "reach": 311, "gravity_logistic": 70.770967752950042, "gravity_exponential": 151.46903546126572, "knn_logistic": 2.396373093835015 }, "geometry": { "type": "Point", "coordinates": [ 878.928715280034567, 3914.863532841305641 ] } },
{ "type": "Feature", "properties": { "reach": 396, "gravity_logistic": 90.108850343485344, "gravity_exponential": 194.4522950445963, "knn_logistic": 2.5889311291616006 }, "geometry": { "type": "Point", "coordinates": [ 4457.771077182992485, 1029.308789846123773 ] } },
{ "type": "Feature", "properties": { "reach": 434, "gravity_logistic": 99.762653284044859, "gravity_exponential": 211.87476889482693, "knn_logistic": 3.9278771462128015 }, "geometry": { "type": "Point", "coordinates": [ 2087.349323685925356, 3588.287518079934671 ] } },
{ "type": "Feature", "properties": { "reach": 377, "gravity_logistic": 88.722299989224339, "gravity_exponential": 185.64638223148529, "knn_logistic": 3.0239975335777025 }, "geometry": { "type": "Point", "coordinates": [ 4277.461126889076695, 3631.694419371419826 ] } },
{ "type": "Feature", "properties": { "reach": 494, "gravity_logistic": 98.985970429486372, "gravity_exponential": 231.20262793293779, "knn_logistic": 1.4585487727714332 }, "geometry": { "type": "Point", "coordinates": [ 1868.29057381624375, 2773.152999902870761 ] } },
{ "type": "Feature", "properties": { "reach": 265, "gravity_logistic": 51.189094183295992, "gravity_exponential": 122.39496117767303, "knn_logistic": 3.8922642267269656 }, "geometry": { "type": "Point", "coordinates": [ 1.147437195929367, 1177.444467204082684 ] } },
{ "type": "Feature", "properties": { "reach": 375, "gravity_logistic": 79.460116972814362, "gravity_exponential": 178.76931807350121, "knn_logistic": 3.182478231042333 }, "geometry": { "type": "Point", "coordinates": [ 398.58672075640402, 2692.337655831012853 ] } },
{ "type": "Feature", "properties": { "reach": 279, "gravity_logistic": 66.291369864340453, "gravity_exponential": 134.422403101301, "knn_logistic": 1.3165532682839107 }, "geometry": { "type": "Point", "coordinates": [ 1813.600143163076837, 186.333300657137528 ] } },
{ "type": "Feature", "properties": { "reach": 494, "gravity_logistic": 105.65891723855852, "gravity_exponential": 233.82634080909824, "knn_logistic": 1.5882578225001482 }, "geometry": { "type": "Point", "coordinates": [ 1585.167305796015171, 2586.564905192878996 ] } },
{ "type": "Feature", "properties": { "reach": 305, "gravity_logistic": 90.061159842872314, "gravity_exponential": 156.93386074999503, "knn_logistic": 1.7989821037168578 }, "geometry": { "type": "Point", "coordinates": [ 4124.14511903400944, 4030.115003117780361 ] } },
{ "type": "Feature", "properties": { "reach": 321, "gravity_logistic": 74.343634230428364, "gravity_exponential": 155.73143966471389, "knn_logistic": 3.1545701528943955 }, "geometry": { "type": "Point", "coordinates": [ 4591.746058752979479, 3599.802724508766914 ] } },
{ "type": "Feature", "properties": { "reach": 366, "gravity_logistic": 79.005052386852128, "gravity_exponential": 175.25150578364915, "knn_logistic": 2.5159164382289281 }, "geometry": { "type": "Point", "coordinates": [ 604.834059926513191, 3421.644573272792968 ] } },
{ "type": "Feature", "properties": { "reach": 282, "gravity_logistic": 69.062045168233766, "gravity_exponential": 139.85322687568703, "knn_logistic": 2.9396184940328625 }, "geometry": { "type": "Point", "coordinates": [ 626.76976583741191, 3904.410507638141553 ] } },
{ "type": "Feature", "properties": { "reach": 328, "gravity_logistic": 73.982927928191842, "gravity_exponential": 157.98384466842597, "knn_logistic": 4.1524718928469682 }, "geometry": { "type": "Point", "coordinates": [ 1521.296061413036796, 383.60830020780287 ] } },
{ "type": "Feature", "properties": { "reach": 348, "gravity_logistic": 74.128176889496018, "gravity_exponential": 166.21026997365493, "knn_logistic": 3.3804019728458656 }, "geometry": { "type": "Point", "coordinates": [ 371.815902980786859, 2913.564302087902888 ] } },
{ "type": "Feature", "properties": { "reach": 371, "gravity_logistic": 84.116389886913666, "gravity_exponential": 180.1988805850591, "knn_logistic": 2.709993117509693 }, "geometry": { "type": "Point", "coordinates": [ 4440.575755449005555, 2914.460239367044778 ] } },
{ "type": "Feature", "properties": { "reach": 459, "gravity_logistic": 90.118860178902949, "gravity_exponential": 213.6181011195585, "knn_logistic": 2.3521492667743726 }, "geometry": { "type": "Point", "coordinates": [ 3631.453361944742483, 2714.725660703759786 ] } },
{ "type": "Feature", "properties": { "reach": 485, "gravity_logistic": 95.107927054091476, "gravity_exponential": 226.47353647768389, "knn_logistic": 3.7332766474751158 }, "geometry": { "type": "Point", "coordinates": [ 1926.249445272025469, 2230.110267568001746 ] } },
{ "type": "Feature", "properties": { "reach": 447, "gravity_logistic": 114.95063898307582, "gravity_exponential": 222.19984565103223, "knn_logistic": 2.5190217196283684 }, "geometry": { "type": "Point", "coordinates": [ 4195.362822942460298, 1650.140575864406401 ] } },
{ "type": "Feature", "properties": { "reach": 196, "gravity_logistic": 55.055834157395005, "gravity_exponential": 100.67824297312299, "knn_logistic": 2.3992258853290456 }, "geometry": { "type": "Point", "coordinates": [ 106.744833889593522, 258.126726891197109 ] } },
{ "type": "Feature", "properties": { "reach": 455, "gravity_logistic": 88.400379051527452, "gravity_exponential": 212.15638347420557, "knn_logistic": 3.6124289676175119 }, "geometry": { "type": "Point", "coordinates": [ 2377.21730903915477, 2858.930574450864697 ] } },
{ "type": "Feature", "properties": { "reach": 431, "gravity_logistic": 79.827387732270907, "gravity_exponential": 199.49199520357567, "knn_logistic": 1.9413780836069454 }, "geometry": { "type": "Point", "coordinates": [ 4034.345996913516501, 2750.511760207118641 ] } },
{ "type": "Feature", "properties": { "reach": 461, "gravity_logistic": 88.544773991940787, "gravity_exponential": 213.81730542832366, "knn_logistic": 2.7219719792220198 }, "geometry": { "type": "Point", "coordinates": [ 3048.960992448856814, 1813.755736450614222 ] } },
{ "type": "Feature", "properties": { "reach": 271, "gravity_logistic": 61.675662130938619, "gravity_exponential": 129.21342322905738, "knn_logistic": 1.7161954692131323 }, "geometry": { "type": "Point", "coordinates": [ 4788.301389815878792, 3814.431188706928879 ] } },
{ "type": "Feature", "properties": { "reach": 420, "gravity_logistic": 90.027108133206553, "gravity_exponential": 201.91770694178146, "knn_logistic": 3.7174562754898965 }, "geometry": { "type": "Point", "coordinates": [ 3760.429575004815433, 3572.045917604152692 ] } },
{ "type": "Feature", "properties": { "reach": 327, "gravity_logistic": 92.216548684117669, "gravity_exponential": 166.85993301898782, "knn_logistic": 2.827598957097496 }, "geometry": { "type": "Point", "coordinates": [ 3987.414381857671742, 4011.713466299518586 ] } },
{ "type": "Feature", "properties": { "reach": 409, "gravity_logistic": 92.385993860967432, "gravity_exponential": 198.29502089293217, "knn_logistic": 4.0446645664491108 }, "geometry": { "type": "Point", "coordinates": [ 2878.625105581559183, 3685.252631828862832 ] } },
{ "type": "Feature", "properties": { "reach": 475, "gravity_logistic": 82.697472986148782, "gravity_exponential": 218.18171037128778, "knn_logistic": 3.5329771275152129 }, "geometry": { "type": "Point", "coordinates": [ 1484.904676412447088, 1349.350302094579774 ] } },
{ "type": "Feature", "properties": { "reach": 278, "gravity_logistic": 65.302325415442738, "gravity_exponential": 134.04774481999681, "knn_logistic": 4.4239017280389872 }, "geometry": { "type": "Point", "coordinates": [ 3633.633439820500371, 4248.360945299813466 ] } },
{ "type": "Feature", "properties": { "reach": 319, "gravity_logistic": 70.319770578415358, "gravity_exponential": 153.24299099575791, "knn_logistic": 4.2561444861377913 }, "geometry": { "type": "Point", "coordinates": [ 1485.215231357173252, 3986.51199053546452 ] } },
{ "type": "Feature", "properties": { "reach": 370, "gravity_logistic": 71.422481546177607, "gravity_exponential": 174.82257037686225, "knn_logistic": 3.3755509692184713 }, "geometry": { "type": "Point", "coordinates": [ 3629.384327318167379, 453.789998132444566 ] } },
{ "type": "Feature", "properties": { "reach": 490, "gravity_logistic": 93.750805194774472, "gravity_exponential": 228.22781424535657, "knn_logistic": 2.8872857192190198 }, "geometry": { "type": "Point", "coordinates": [ 3687.92027158252904, 1473.620562760459734 ] } },
{ "type": "Feature", "properties": { "reach": 238, "gravity_logistic": 44.282171857875561, "gravity_exponential": 110.68176846841671, "knn_logistic": 3.0943745908415523 }, "geometry": { "type": "Point", "coordinates": [ 2118.465639653431026, 4342.926624899223498 ] } },
{ "type": "Feature", "properties": { "reach": 445, "gravity_logistic": 113.04211883075098, "gravity_exponential": 220.79939154478436, "knn_logistic": 2.9267322864764278 }, "geometry": { "type": "Point", "coordinates": [ 4232.467212847001065, 1525.255905385889719 ] } },
{ "type": "Feature", "properties": { "reach": 438, "gravity_logistic": 79.865402387337838, "gravity_exponential": 202.45650340278877, "knn_logistic": 1.982856820663589 }, "geometry": { "type": "Point", "coordinates": [ 3905.501322670831996, 2632.674665136466956 ] } },
{ "type": "Feature", "properties": { "reach": 277, "gravity_logistic": 81.747142754374138, "gravity_exponential": 141.67675280263447, "knn_logistic": 2.5876319641380179 }, "geometry": { "type": "Point", "coordinates": [ 4241.012667107959714, 4128.409099761925063 ] } },
{ "type": "Feature", "properties": { "reach": 257, "gravity_logistic": 54.189473283816199, "gravity_exponential": 122.13253869794069, "knn_logistic": 2.1220289472184724 }, "geometry": { "type": "Point", "coordinates": [ 1472.392929557936213, 111.649667852263548 ] } },
{ "type": "Feature", "properties": { "reach": 442, "gravity_logistic": 103.40031740939139, "gravity_exponential": 214.04011091973928, "knn_logistic": 3.3268972147396103 }, "geometry": { "type": "Point", "coordinates": [ 4212.356105874214336, 1871.084351640979776 ] } },
{ "type": "Feature", "properties": { "reach": 486, "gravity_logistic": 92.397476642782408, "gravity_exponential": 225.63081260764258, "knn_logistic": 2.1757712456066955 }, "geometry": { "type": "Point", "coordinates": [ 3537.566335490383153, 1482.78301807297089 ] } },
{ "type": "Feature", "properties": { "reach": 364, "gravity_logistic": 98.659970983775992, "gravity_exponential": 186.21117923175026, "knn_logistic": 2.6604514747219983 }, "geometry": { "type": "Point", "coordinates": [ 454.760473425328996, 769.635362984072799 ] } },
{ "type": "Feature", "properties": { "reach": 300, "gravity_logistic": 76.04456704052194, "gravity_exponential": 148.43943249667751, "knn_logistic": 3.8125355234193652 }, "geometry": { "type": "Point", "coordinates": [ 2532.097849643068912, 4146.077742205526192 ] } },
{ "type": "Feature", "properties": { "reach": 324, "gravity_logistic": 68.117529425788888, "gravity_exponential": 152.72318912056929, "knn_logistic": 2.5007651835503935 }, "geometry": { "type": "Point", "coordinates": [ 3299.975848593689079, 246.2907625258282 ] } },
{ "type": "Feature", "properties": { "reach": 149, "gravity_logistic": 34.355233086282986, "gravity_exponential": 72.635038371042057, "knn_logistic": 3.8777130101792419 }, "geometry": { "type": "Point", "coordinates": [ 4979.732021810711558, 164.366892531071926 ] } },
{ "type": "Feature", "properties": { "reach": 464, "gravity_logistic": 109.86878521811086, "gravity_exponential": 228.57489425605209, "knn_logistic": 3.6550594178426294 }, "geometry": { "type": "Point", "coordinates": [ 790.093212387072299, 1762.200365789188027 ] } },
{ "type": "Feature", "properties": { "reach": 393, "gravity_logistic": 77.376880623960375, "gravity_exponential": 184.95572460762068, "knn_logistic": 2.5579161900962619 }, "geometry": { "type": "Point", "coordinates": [ 943.1669596628617, 3576.015249849133397 ] } },
{ "type": "Feature", "properties": { "reach": 283, "gravity_logistic": 60.209222688748817, "gravity_exponential": 133.84274654476206, "knn_logistic": 2.4608849777818698 }, "geometry": { "type": "Point", "coordinates": [ 1264.906649281150294, 4136.169351706292218 ] } },
{ "type": "Feature", "properties": { "reach": 344, "gravity_logistic": 82.050438817344258, "gravity_exponential": 167.85142024626032, "knn_logistic": 2.9666503696896123 }, "geometry": { "type": "Point", "coordinates": [ 4699.536657452216787, 1485.724302000162197 ] } },
{ "type": "Feature", "properties": { "reach": 279, "gravity_logistic": 53.840321321948331, "gravity_exponential": 131.15953361295669, "knn_logistic": 3.488650296749106 }, "geometry": { "type": "Point", "coordinates": [ 1266.254444324914857, 157.516431526998872 ] } },
{ "type": "Feature", "properties": { "reach": 238, "gravity_logistic": 51.751791935138016, "gravity_exponential": 113.96184196262519, "knn_logistic": 4.2877206224417854 }, "geometry": { "type": "Point", "coordinates": [ 3639.214737246136792, 4342.665211901290604 ] } },
{ "type": "Feature", "properties": { "reach": 408, "gravity_logistic": 84.434172790880567, "gravity_exponential": 194.00039216267555, "knn_logistic": 2.7317458481111925 }, "geometry": { "type": "Point", "coordinates": [ 382.069999081193657, 1566.864654209620767 ] } },
{ "type": "Feature", "properties": { "reach": 417, "gravity_logistic": 76.882537246602681, "gravity_exponential": 192.44608901032919, "knn_logistic": 3.232891706524708 }, "geometry": { "type": "Point", "coordinates": [ 2338.626589414727277, 1179.839474242046435 ] } },
{ "type": "Feature", "properties": { "reach": 292, "gravity_logistic": 66.114373770095497, "gravity_exponential": 141.16029462666091, "knn_logistic": 3.2666062999536685 }, "geometry": { "type": "Point", "coordinates": [ 1484.790258805464191, 253.64398052117491 ] } },
{ "type": "Feature", "properties": { "reach": 264, "gravity_logistic": 69.686967540359277, "gravity_exponential": 132.39983902950303, "knn_logistic": 2.9581482977107552 }, "geometry": { "type": "Point", "coordinates": [ 4031.615922534572746, 4233.701188988834474 ] } },
{ "type": "Feature", "properties": { "reach": 382, "gravity_logistic": 88.06720448458411, "gravity_exponential": 187.80457796786749, "knn_logistic": 3.1597722550759366 }, "geometry": { "type": "Point", "coordinates": [ 905.655699733797746, 497.24387215427754 ] } },
{ "type": "Feature", "properties": { "reach": 315, "gravity_logistic": 83.262709300697949, "gravity_exponential": 158.48439527749622, "knn_logistic": 3.5313881008478298 }, "geometry": { "type": "Point", "coordinates": [ 4400.152580850653067, 3885.410270137938369 ] } },
{ "type": "Feature", "properties": { "reach": 343, "gravity_logistic": 79.25053069770378, "gravity_exponential": 166.90424644603434, "knn_logistic": 3.2227424740462265 }, "geometry": { "type": "Point", "coordinates": [ 644.332768687971452, 3631.82092243552006 ] } },
{ "type": "Feature", "properties": { "reach": 450, "gravity_logistic": 87.079440935678448, "gravity_exponential": 210.32093641120068, "knn_logistic": 3.1014063243698748 }, "geometry": { "type": "Point", "coordinates": [ 3731.161134305871201, 822.67580830069619 ] } },
{ "type": "Feature", "properties": { "reach": 485, "gravity_logistic": 93.89513441683161, "gravity_exponential": 226.61283566620875, "knn_logistic": 3.9979137553679118 }, "geometry": { "type": "Point", "coordinates": [ 2272.438661755125395, 3356.080618993672942 ] } },
{ "type": "Feature", "properties": { "reach": 422, "gravity_logistic": 92.675276756448923, "gravity_exponential": 202.70205591665405, "knn_logistic": 1.9344727308793153 }, "geometry": { "type": "Point", "coordinates": [ 1251.077812499478796, 770.936465678874015 ] } },
{ "type": "Feature", "properties": { "reach": 449, "gravity_logistic": 92.857415057774048, "gravity_exponential": 211.38676339120096, "knn_logistic": 2.4116711159438617 }, "geometry": { "type": "Point", "coordinates": [ 789.723881498345918, 2712.143494228958389 ] } },
{ "type": "Feature", "properties": { "reach": 307, "gravity_logistic": 81.85091380405926, "gravity_exponential": 152.14373816082437, "knn_logistic": 1.9166257530791984 }, "geometry": { "type": "Point", "coordinates": [ 4676.80635560405608, 2891.905385650707103 ] } },
{ "type": "Feature", "properties": { "reach": 469, "gravity_logistic": 84.482283601465781, "gravity_exponential": 215.34637924095773, "knn_logistic": 2.2475491400625183 }, "geometry": { "type": "Point", "coordinates": [ 1154.037811688181819, 2924.756532377308304 ] } },
{ "type": "Feature", "properties": { "reach": 442, "gravity_logistic": 86.594148195082795, "gravity_exponential": 206.51943946755796, "knn_logistic": 3.443559821879318 }, "geometry": { "type": "Point", "coordinates": [ 2875.292286896681162, 1267.661086251911456 ] } },
{ "type": "Feature", "properties": { "reach": 433, "gravity_logistic": 91.00479902971621, "gravity_exponential": 206.22814640594561, "knn_logistic": 4.2838222689566248 }, "geometry": { "type": "Point", "coordinates": [ 4014.806606147809362, 740.731556768321184 ] } },
{ "type": "Feature", "properties": { "reach": 367, "gravity_logistic": 82.679077851813616, "gravity_exponential": 173.64588173434035, "knn_logistic": 4.2971582697599811 }, "geometry": { "type": "Point", "coordinates": [ 4534.536875404143757, 2770.421255487846793 ] } },
{ "type": "Feature", "properties": { "reach": 419, "gravity_logistic": 79.739330845596939, "gravity_exponential": 194.64017606622977, "knn_logistic": 2.7261747005498682 }, "geometry": { "type": "Point", "coordinates": [ 4253.266237967046436, 2584.517246307723326 ] } },
{ "type": "Feature", "properties": { "reach": 415, "gravity_logistic": 103.50868238269584, "gravity_exponential": 206.29627362167219, "knn_logistic": 1.4623425008291595 }, "geometry": { "type": "Point", "coordinates": [ 549.00840744018717, 854.608833231383983 ] } },
{ "type": "Feature", "properties": { "reach": 457, "gravity_logistic": 85.926453000674783, "gravity_exponential": 211.37866094899749, "knn_logistic": 3.8127796014140598 }, "geometry": { "type": "Point", "coordinates": [ 2884.503434678338635, 2308.574095270487305 ] } },
{ "type": "Feature", "properties": { "reach": 359, "gravity_logistic": 83.244301591942232, "gravity_exponential": 174.07023903405511, "knn_logistic": 3.4262668850088001 }, "geometry": { "type": "Point", "coordinates": [ 4506.072075608351952, 2942.266833687232065 ] } },
{ "type": "Feature", "properties": { "reach": 300, "gravity_logistic": 70.594224918021013, "gravity_exponential": 145.07400448558045, "knn_logistic": 2.3775131379374899 }, "geometry": { "type": "Point", "coordinates": [ 4820.95400806507314, 1762.518374160069925 ] } },
{ "type": "Feature", "properties": { "reach": 490, "gravity_logistic": 111.1794087825298, "gravity_exponential": 236.88464989843459, "knn_logistic": 2.8777420361262753 }, "geometry": { "type": "Point", "coordinates": [ 827.955185808213059, 1353.839046782238256 ] } },
{ "type": "Feature", "properties": { "reach": 472, "gravity_logistic": 91.417438958272456, "gravity_exponential": 220.50293835098387, "knn_logistic": 3.4001920593601596 }, "geometry": { "type": "Point", "coordinates": [ 3883.280993631457022, 878.592237029222815 ] } },
{ "type": "Feature", "properties": { "reach": 405, "gravity_logistic": 82.795100564680297, "gravity_exponential": 189.54983857149068, "knn_logistic": 1.943619324745026 }, "geometry": { "type": "Point", "coordinates": [ 4398.871580393124532, 2509.159850798375373 ] } },
{ "type": "Feature", "properties": { "reach": 457, "gravity_logistic": 91.211713201546218, "gravity_exponential": 213.67384161055134, "knn_logistic": 2.8225808874913563 }, "geometry": { "type": "Point", "coordinates": [ 3410.179663416749463, 2793.270754061796652 ] } },
{ "type": "Feature", "properties": { "reach": 468, "gravity_logistic": 96.511629980093602, "gravity_exponential": 220.47389943299194, "knn_logistic": 3.2800572743489926 }, "geometry": { "type": "Point", "coordinates": [ 877.594035824359707, 2663.352656775979085 ] } },
{ "type": "Feature", "properties": { "reach": 257, "gravity_logistic": 53.712151124995472, "gravity_exponential": 122.0583572530838, "knn_logistic": 3.2044697562925886 }, "geometry": { "type": "Point", "coordinates": [ 2750.388527077574054, 4310.649663584843438 ] } },
{ "type": "Feature", "properties": { "reach": 354, "gravity_logistic": 81.898708418907873, "gravity_exponential": 172.21574487341661, "knn_logistic": 3.2188737629231836 }, "geometry": { "type": "Point", "coordinates": [ 4526.347905889538197, 3245.889933040992673 ] } },
{ "type": "Feature", "properties": { "reach": 222, "gravity_logistic": 66.327619528758078, "gravity_exponential": 115.52422847235123, "knn_logistic": 4.6431640203525752 }, "geometry": { "type": "Point", "coordinates": [ 4896.122828512896376, 616.225387276084348 ] } },
{ "type": "Feature", "properties": { "reach": 444, "gravity_logistic": 88.052275766041419, "gravity_exponential": 208.02715142694075, "knn_logistic": 3.4526826359797322 }, "geometry": { "type": "Point", "coordinates": [ 2067.786983850628076, 1760.583681325668749 ] } },
{ "type": "Feature", "properties": { "reach": 268, "gravity_logistic": 79.761192139516908, "gravity_exponential": 137.64369379826095, "knn_logistic": 2.5055646237614253 }, "geometry": { "type": "Point", "coordinates": [ 148.125692661470993, 606.820391002966062 ] } },
{ "type": "Feature", "properties": { "reach": 423, "gravity_logistic": 109.66006954492536, "gravity_exponential": 208.81123481203298, "knn_logistic": 2.6338353400941901 }, "geometry": { "type": "Point", "coordinates": [ 4412.165707398366976, 1485.00216714043404 ] } },
{ "type": "Feature", "properties": { "reach": 316, "gravity_logistic": 78.845532077427592, "gravity_exponential": 155.17069625737264, "knn_logistic": 3.2642575652837849 }, "geometry": { "type": "Point", "coordinates": [ 2310.054525516609374, 295.037582276774799 ] } },
{ "type": "Feature", "properties": { "reach": 308, "gravity_logistic": 90.680872326831548, "gravity_exponential": 158.15406253547528, "knn_logistic": 2.5193183202377196 }, "geometry": { "type": "Point", "coordinates": [ 4123.908010813774126, 4022.596296998492107 ] } },
{ "type": "Feature", "properties": { "reach": 231, "gravity_logistic": 67.599342626468925, "gravity_exponential": 119.18351517126743, "knn_logistic": 3.3114980868158819 }, "geometry": { "type": "Point", "coordinates": [ 4488.528361944682729, 221.799783049109806 ] } },
{ "type": "Feature", "properties": { "reach": 457, "gravity_logistic": 87.657437014654946, "gravity_exponential": 214.02818039418443, "knn_logistic": 4.3537559339822476 }, "geometry": { "type": "Point", "coordinates": [ 2462.887983125456685, 2973.078083799369779 ] } },
{ "type": "Feature", "properties": { "reach": 397, "gravity_logistic": 96.924307020432011, "gravity_exponential": 195.94059161605654, "knn_logistic": 2.6171596647457842 }, "geometry": { "type": "Point", "coordinates": [ 1925.568908871756548, 3756.290879289056193 ] } },
{ "type": "Feature", "properties": { "reach": 356, "gravity_logistic": 81.789322548815278, "gravity_exponential": 173.07959229633701, "knn_logistic": 3.5079761284972601 }, "geometry": { "type": "Point", "coordinates": [ 4664.424758043268412, 1267.000223661502105 ] } },
{ "type": "Feature", "properties": { "reach": 233, "gravity_logistic": 41.650181011840658, "gravity_exponential": 107.83845479114235, "knn_logistic": 3.6861516906383063 }, "geometry": { "type": "Point", "coordinates": [ 1936.727574797443822, 4344.42573160417578 ] } },
{ "type": "Feature", "properties": { "reach": 261, "gravity_logistic": 70.928911036298089, "gravity_exponential": 130.95887217585238, "knn_logistic": 2.5245524387750731 }, "geometry": { "type": "Point", "coordinates": [ 443.18315461384276, 230.455624493971925 ] } },
{ "type": "Feature", "properties": { "reach": 367, "gravity_logistic": 91.084365247549258, "gravity_exponential": 180.17966618074334, "knn_logistic": 2.8269046034217147 }, "geometry": { "type": "Point", "coordinates": [ 1970.293066936791547, 3902.044500925136617 ] } },
{ "type": "Feature", "properties": { "reach": 379, "gravity_logistic": 94.46712969067211, "gravity_exponential": 186.24820554684524, "knn_logistic": 3.5575913059742525 }, "geometry": { "type": "Point", "coordinates": [ 2959.130943049898633, 552.930122466901366 ] } },
{ "type": "Feature", "properties": { "reach": 391, "gravity_logistic": 84.219133450674818, "gravity_exponential": 187.96976427155371, "knn_logistic": 1.6973719038760859 }, "geometry": { "type": "Point", "coordinates": [ 3260.286734417277785, 662.553564388674317 ] } },
{ "type": "Feature", "properties": { "reach": 441, "gravity_logistic": 85.537427507600142, "gravity_exponential": 206.45764970520489, "knn_logistic": 1.8500184277708074 }, "geometry": { "type": "Point", "coordinates": [ 2698.540304602413926, 2134.801800844052195 ] } },
{ "type": "Feature", "properties": { "reach": 459, "gravity_logistic": 81.629849222355404, "gravity_exponential": 210.73619393723641, "knn_logistic": 3.1411477623385222 }, "geometry": { "type": "Point", "coordinates": [ 1373.808143802905761, 3225.992633949347237 ] } },
{ "type": "Feature", "properties": { "reach": 276, "gravity_logistic": 47.903572740678221, "gravity_exponential": 126.22477933195665, "knn_logistic": 3.6601211105127214 }, "geometry": { "type": "Point", "coordinates": [ 4894.450334641927839, 2020.128627802683468 ] } },
{ "type": "Feature", "properties": { "reach": 442, "gravity_logistic": 90.008075961204739, "gravity_exponential": 207.9199602445745, "knn_logistic": 3.3470807151870678 }, "geometry": { "type": "Point", "coordinates": [ 1350.68372571985401, 828.188579007415569 ] } },
{ "type": "Feature", "properties": { "reach": 320, "gravity_logistic": 79.355919362549656, "gravity_exponential": 157.27362511796267, "knn_logistic": 3.1905482418359949 }, "geometry": { "type": "Point", "coordinates": [ 4731.354207947352734, 1738.316177521142436 ] } },
{ "type": "Feature", "properties": { "reach": 446, "gravity_logistic": 79.101457004419217, "gravity_exponential": 204.71840961303099, "knn_logistic": 3.5135869263372692 }, "geometry": { "type": "Point", "coordinates": [ 3995.641085215874682, 2362.501511397522336 ] } },
{ "type": "Feature", "properties": { "reach": 406, "gravity_logistic": 85.206366787711971, "gravity_exponential": 192.46300173115927, "knn_logistic": 2.2023658273729829 }, "geometry": { "type": "Point", "coordinates": [ 3846.311590542304657, 569.554753492188183 ] } },
{ "type": "Feature", "properties": { "reach": 170, "gravity_logistic": 47.582248773471555, "gravity_exponential": 86.9197167840113, "knn_logistic": 2.4597461460251591 }, "geometry": { "type": "Point", "coordinates": [ 383.529205656286649, 4269.069975484329916 ] } },
{ "type": "Feature", "properties": { "reach": 453, "gravity_logistic": 87.799580569133738, "gravity_exponential": 211.09181092414988, "knn_logistic": 2.6071851564309685 }, "geometry": { "type": "Point", "coordinates": [ 2585.770450897844057, 2351.123862586663108 ] } },
{ "type": "Feature", "properties": { "reach": 499, "gravity_logistic": 93.975998679645997, "gravity_exponential": 229.46739352413519, "knn_logistic": 2.9679696635108566 }, "geometry": { "type": "Point", "coordinates": [ 1705.50079734156634, 2019.799319510085525 ] } },
{ "type": "Feature", "properties": { "reach": 257, "gravity_logistic": 76.259384905027673, "gravity_exponential": 132.25754034531457, "knn_logistic": 2.5994984171844049 }, "geometry": { "type": "Point", "coordinates": [ 198.299118489538273, 3518.724871707222519 ] } },
{ "type": "Feature", "properties": { "reach": 463, "gravity_logistic": 90.22860585195258, "gravity_exponential": 215.90025272531764, "knn_logistic": 2.9768180560884905 }, "geometry": { "type": "Point", "coordinates": [ 2748.751990946080241, 3280.546402976612626 ] } },
{ "type": "Feature", "properties": { "reach": 381, "gravity_logistic": 75.877003433242095, "gravity_exponential": 179.61917878319309, "knn_logistic": 3.376052290122721 }, "geometry": { "type": "Point", "coordinates": [ 879.557711000137601, 3603.783799574120621 ] } },
{ "type": "Feature", "properties": { "reach": 446, "gravity_logistic": 85.004734249411911, "gravity_exponential": 207.15113138987368, "knn_logistic": 4.3701669601866611 }, "geometry": { "type": "Point", "coordinates": [ 2798.064615538549788, 1541.146275117277582 ] } },
{ "type": "Feature", "properties": { "reach": 344, "gravity_logistic": 79.268557482460324, "gravity_exponential": 166.53789389039144, "knn_logistic": 2.4306998231892747 }, "geometry": { "type": "Point", "coordinates": [ 4545.131864356849292, 3575.768432464165926 ] } },
{ "type": "Feature", "properties": { "reach": 236, "gravity_logistic": 69.743341468749477, "gravity_exponential": 121.40612786655629, "knn_logistic": 2.6274791131718951 }, "geometry": { "type": "Point", "coordinates": [ 398.149159598647316, 3957.318669014798161 ] } },
{ "type": "Feature", "properties": { "reach": 480, "gravity_logistic": 87.63966210135581, "gravity_exponential": 221.76250595787806, "knn_logistic": 3.9530569671458657 }, "geometry": { "type": "Point", "coordinates": [ 2284.295746454941764, 3024.802503474982132 ] } },
{ "type": "Feature", "properties": { "reach": 406, "gravity_logistic": 93.497707793155286, "gravity_exponential": 197.61201621410098, "knn_logistic": 3.2660263949704853 }, "geometry": { "type": "Point", "coordinates": [ 3739.855415959857964, 3773.183816056668093 ] } },
{ "type": "Feature", "properties": { "reach": 485, "gravity_logistic": 110.60175414588868, "gravity_exponential": 235.06984720823411, "knn_logistic": 3.4717851289631594 }, "geometry": { "type": "Point", "coordinates": [ 919.813035516499895, 2422.817184374365297 ] } },
{ "type": "Feature", "properties": { "reach": 481, "gravity_logistic": 101.97189317135846, "gravity_exponential": 227.70272594540882, "knn_logistic": 3.6157145499401953 }, "geometry": { "type": "Point", "coordinates": [ 3931.566059204138583, 1099.119644294913769 ] } },
{ "type": "Feature", "properties": { "reach": 526, "gravity_logistic": 92.525974413665679, "gravity_exponential": 240.13918533087809, "knn_logistic": 1.8686091218758833 }, "geometry": { "type": "Point", "coordinates": [ 1301.907472164705268, 1757.750489334512167 ] } },
{ "type": "Feature", "properties": { "reach": 506, "gravity_logistic": 80.993567975196171, "gravity_exponential": 228.01652164457107, "knn_logistic": 3.2111875239338894 }, "geometry": { "type": "Point", "coordinates": [ 1581.613741473469872, 1652.791575377609206 ] } },
{ "type": "Feature", "properties": { "reach": 451, "gravity_logistic": 86.254153261296892, "gravity_exponential": 209.80880725838804, "knn_logistic": 1.7158839592442949 }, "geometry": { "type": "Point", "coordinates": [ 2967.131764585609289, 2712.031331729454905 ] } },
{ "type": "Feature", "properties": { "reach": 436, "gravity_logistic": 82.607070552942076, "gravity_exponential": 202.89847685926955, "knn_logistic": 2.1954501095945531 }, "geometry": { "type": "Point", "coordinates": [ 2531.476509735455238, 1057.254339973390415 ] } },
{ "type": "Feature", "properties": { "reach": 444, "gravity_logistic": 94.801588965652769, "gravity_exponential": 211.18548254103956, "knn_logistic": 3.5133495965471067 }, "geometry": { "type": "Point", "coordinates": [ 3464.68748173856693, 2294.926681515697055 ] } },
{ "type": "Feature", "properties": { "reach": 257, "gravity_logistic": 47.094020764935316, "gravity_exponential": 118.40738744664053, "knn_logistic": 2.4733431766250069 }, "geometry": { "type": "Point", "coordinates": [ 31.185745482731939, 2253.7721130939467 ] } },
{ "type": "Feature", "properties": { "reach": 364, "gravity_logistic": 77.442692116643002, "gravity_exponential": 174.4813295281829, "knn_logistic": 2.690616430291338 }, "geometry": { "type": "Point", "coordinates": [ 713.422089210946638, 3546.072659787851535 ] } },
{ "type": "Feature", "properties": { "reach": 374, "gravity_logistic": 95.619080908181544, "gravity_exponential": 184.70985893227092, "knn_logistic": 3.0398486531433786 }, "geometry": { "type": "Point", "coordinates": [ 2861.06143950030264, 569.045211086493737 ] } },
{ "type": "Feature", "properties": { "reach": 267, "gravity_logistic": 48.100963592541014, "gravity_exponential": 122.76428801997716, "knn_logistic": 3.4780317311119857 }, "geometry": { "type": "Point", "coordinates": [ 4973.975102137847898, 1154.70861528350224 ] } },
{ "type": "Feature", "properties": { "reach": 414, "gravity_logistic": 103.92946854123142, "gravity_exponential": 205.5065351218864, "knn_logistic": 1.2067123392995169 }, "geometry": { "type": "Point", "coordinates": [ 539.66511360520451, 937.62074571543701 ] } },
{ "type": "Feature", "properties": { "reach": 473, "gravity_logistic": 87.498271321603625, "gravity_exponential": 219.91661135804955, "knn_logistic": 3.6325890278090323 }, "geometry": { "type": "Point", "coordinates": [ 2332.518799354139901, 3025.6828504045302 ] } },
{ "type": "Feature", "properties": { "reach": 303, "gravity_logistic": 74.460667213976095, "gravity_exponential": 148.82288574695212, "knn_logistic": 3.1916979219684265 }, "geometry": { "type": "Point", "coordinates": [ 1652.427799192203565, 305.04338675014003 ] } },
{ "type": "Feature", "properties": { "reach": 431, "gravity_logistic": 87.202854896291768, "gravity_exponential": 202.46031621855371, "knn_logistic": 2.7737879993364079 }, "geometry": { "type": "Point", "coordinates": [ 1541.922834226095347, 3443.873133936992417 ] } },
{ "type": "Feature", "properties": { "reach": 408, "gravity_logistic": 83.943062562999344, "gravity_exponential": 190.33796544614884, "knn_logistic": 3.4916828432123408 }, "geometry": { "type": "Point", "coordinates": [ 4400.003387429643226, 2597.286740249945524 ] } },
{ "type": "Feature", "properties": { "reach": 401, "gravity_logistic": 82.123265307916569, "gravity_exponential": 188.32866962004474, "knn_logistic": 2.3570550811214277 }, "geometry": { "type": "Point", "coordinates": [ 1349.494764291816409, 3578.512878075164281 ] } },
{ "type": "Feature", "properties": { "reach": 502, "gravity_logistic": 108.72244884145839, "gravity_exponential": 239.82321321737462, "knn_logistic": 3.4483444771426011 }, "geometry": { "type": "Point", "coordinates": [ 1043.246684641508864, 2381.583000912943135 ] } },
{ "type": "Feature", "properties": { "reach": 278, "gravity_logistic": 79.71376915249347, "gravity_exponential": 141.51914369409485, "knn_logistic": 3.7566311503713896 }, "geometry": { "type": "Point", "coordinates": [ 272.681516063710376, 3440.841909184995529 ] } },
{ "type": "Feature", "properties": { "reach": 142, "gravity_logistic": 32.248974242792904, "gravity_exponential": 69.248323262558941, "knn_logistic": 4.6079522843490501 }, "geometry": { "type": "Point", "coordinates": [ 108.168373874994046, 4301.147806388436038 ] } },
{ "type": "Feature", "properties": { "reach": 443, "gravity_logistic": 92.972265088154316, "gravity_exponential": 208.98012652733456, "knn_logistic": 3.9890667994970048 }, "geometry": { "type": "Point", "coordinates": [ 3662.263337866911115, 3243.562408414970832 ] } },
{ "type": "Feature", "properties": { "reach": 424, "gravity_logistic": 87.671968536467347, "gravity_exponential": 200.00620931750348, "knn_logistic": 2.0551035655650933 }, "geometry": { "type": "Point", "coordinates": [ 2217.79543838486552, 1594.280998314207181 ] } },
{ "type": "Feature", "properties": { "reach": 469, "gravity_logistic": 101.92222356297857, "gravity_exponential": 224.4226814974335, "knn_logistic": 2.8090091418428371 }, "geometry": { "type": "Point", "coordinates": [ 4032.363371189489044, 1814.467425038406191 ] } },
{ "type": "Feature", "properties": { "reach": 379, "gravity_logistic": 79.985674458077284, "gravity_exponential": 180.42800076817781, "knn_logistic": 2.0024744507163552 }, "geometry": { "type": "Point", "coordinates": [ 1268.626346268574935, 3706.215903675043137 ] } },
{ "type": "Feature", "properties": { "reach": 239, "gravity_logistic": 55.501846789701119, "gravity_exponential": 116.43424722875294, "knn_logistic": 2.7562637991189778 }, "geometry": { "type": "Point", "coordinates": [ 536.850568623706749, 112.151936893203768 ] } },
{ "type": "Feature", "properties": { "reach": 290, "gravity_logistic": 57.149246164252617, "gravity_exponential": 136.87065538775954, "knn_logistic": 2.2192913931377132 }, "geometry": { "type": "Point", "coordinates": [ 4897.97237775535632, 1274.751406754692653 ] } },
{ "type": "Feature", "properties": { "reach": 396, "gravity_logistic": 76.739989694544676, "gravity_exponential": 186.37600919016961, "knn_logistic": 2.7734379586902747 }, "geometry": { "type": "Point", "coordinates": [ 603.746035128379958, 3009.98612189706364 ] } },
{ "type": "Feature", "properties": { "reach": 457, "gravity_logistic": 86.611205170787827, "gravity_exponential": 212.16647165667771, "knn_logistic": 2.1058279219702927 }, "geometry": { "type": "Point", "coordinates": [ 3221.472345576826683, 3188.147038034383513 ] } },
{ "type": "Feature", "properties": { "reach": 435, "gravity_logistic": 102.13117646979234, "gravity_exponential": 212.5796564042513, "knn_logistic": 1.916415841244679 }, "geometry": { "type": "Point", "coordinates": [ 4346.778394107403074, 1233.002696035402096 ] } },
{ "type": "Feature", "properties": { "reach": 453, "gravity_logistic": 99.119038450349692, "gravity_exponential": 218.28797807288831, "knn_logistic": 4.002578411054083 }, "geometry": { "type": "Point", "coordinates": [ 2234.224056732085501, 3519.836899422331044 ] } },
{ "type": "Feature", "properties": { "reach": 338, "gravity_logistic": 76.380843044597839, "gravity_exponential": 161.90634673550852, "knn_logistic": 3.7819641244014566 }, "geometry": { "type": "Point", "coordinates": [ 3217.182903974759483, 328.486360366570693 ] } },
{ "type": "Feature", "properties": { "reach": 310, "gravity_logistic": 83.914572699602829, "gravity_exponential": 154.99386486634165, "knn_logistic": 2.2119288867857905 }, "geometry": { "type": "Point", "coordinates": [ 549.34961328814029, 348.682909990409883 ] } },
{ "type": "Feature", "properties": { "reach": 470, "gravity_logistic": 91.640813390816234, "gravity_exponential": 219.26720323282186, "knn_logistic": 4.5678275782187736 }, "geometry": { "type": "Point", "coordinates": [ 3738.442551539205397, 1065.465836742124793 ] } },
{ "type": "Feature", "properties": { "reach": 214, "gravity_logistic": 52.836900262230081, "gravity_exponential": 106.86623432872359, "knn_logistic": 4.6487569080769617 }, "geometry": { "type": "Point", "coordinates": [ 4741.596680221937277, 4068.042513399681866 ] } },
{ "type": "Feature", "properties": { "reach": 340, "gravity_logistic": 82.35169380878547, "gravity_exponential": 167.02929713940347, "knn_logistic": 3.2904299183851844 }, "geometry": { "type": "Point", "coordinates": [ 4631.616045363666672, 824.227429564251224 ] } },
{ "type": "Feature", "properties": { "reach": 380, "gravity_logistic": 80.268267450258449, "gravity_exponential": 181.40443803458763, "knn_logistic": 1.9177446268058143 }, "geometry": { "type": "Point", "coordinates": [ 4452.737643850794484, 2287.451698296802078 ] } },
{ "type": "Feature", "properties": { "reach": 419, "gravity_logistic": 92.895405798597722, "gravity_exponential": 199.86946774562284, "knn_logistic": 3.0962570930399602 }, "geometry": { "type": "Point", "coordinates": [ 3148.033389095008715, 3739.679007004336199 ] } },
{ "type": "Feature", "properties": { "reach": 433, "gravity_logistic": 80.5929457329066, "gravity_exponential": 201.05282260074549, "knn_logistic": 3.89435692157475 }, "geometry": { "type": "Point", "coordinates": [ 2307.489456518898805, 1064.81150187031335 ] } },
{ "type": "Feature", "properties": { "reach": 264, "gravity_logistic": 57.394080422379126, "gravity_exponential": 126.03067640468052, "knn_logistic": 4.5725711719352597 }, "geometry": { "type": "Point", "coordinates": [ 2658.056737233483545, 4288.131443955016948 ] } },
{ "type": "Feature", "properties": { "reach": 337, "gravity_logistic": 77.033617491891448, "gravity_exponential": 163.7429722486101, "knn_logistic": 3.6542107699258457 }, "geometry": { "type": "Point", "coordinates": [ 1521.778718127091906, 440.069905485956724 ] } },
{ "type": "Feature", "properties": { "reach": 284, "gravity_logistic": 70.206329865183093, "gravity_exponential": 139.56512717948695, "knn_logistic": 3.2710506049826167 }, "geometry": { "type": "Point", "coordinates": [ 2884.925088896344732, 165.402691031873758 ] } },
{ "type": "Feature", "properties": { "reach": 258, "gravity_logistic": 59.555714446121968, "gravity_exponential": 124.24583606465839, "knn_logistic": 2.3280309845617442 }, "geometry": { "type": "Point", "coordinates": [ 1593.509917553199784, 138.136068437276606 ] } },
{ "type": "Feature", "properties": { "reach": 459, "gravity_logistic": 88.384609962378008, "gravity_exponential": 213.17785155529322, "knn_logistic": 2.6491470129769552 }, "geometry": { "type": "Point", "coordinates": [ 2970.754093065741472, 1582.309092790339491 ] } },
{ "type": "Feature", "properties": { "reach": 267, "gravity_logistic": 69.063138544261577, "gravity_exponential": 133.10613398004671, "knn_logistic": 2.5146409989957381 }, "geometry": { "type": "Point", "coordinates": [ 4825.25245679874115, 3188.111779716598448 ] } },
{ "type": "Feature", "properties": { "reach": 471, "gravity_logistic": 114.41100561609977, "gravity_exponential": 232.84368624906688, "knn_logistic": 2.2953659844715335 }, "geometry": { "type": "Point", "coordinates": [ 745.778220090534774, 1873.095294748872675 ] } },
{ "type": "Feature", "properties": { "reach": 444, "gravity_logistic": 87.745275702289561, "gravity_exponential": 207.50081092359702, "knn_logistic": 3.4476433641252782 }, "geometry": { "type": "Point", "coordinates": [ 2091.263540536763685, 1745.135517765316081 ] } },
{ "type": "Feature", "properties": { "reach": 237, "gravity_logistic": 54.418643036054647, "gravity_exponential": 115.45164414100871, "knn_logistic": 2.7455875233246072 }, "geometry": { "type": "Point", "coordinates": [ 574.045191464877007, 112.628301433781502 ] } },
{ "type": "Feature", "properties": { "reach": 417, "gravity_logistic": 79.379598862015882, "gravity_exponential": 192.5593236130004, "knn_logistic": 2.5106048827096283 }, "geometry": { "type": "Point", "coordinates": [ 1878.28071070114629, 781.420873516036522 ] } },
{ "type": "Feature", "properties": { "reach": 453, "gravity_logistic": 86.969478008284014, "gravity_exponential": 210.87870378480764, "knn_logistic": 2.4700474961759102 }, "geometry": { "type": "Point", "coordinates": [ 4038.669923328652658, 3299.434533024284519 ] } },
{ "type": "Feature", "properties": { "reach": 359, "gravity_logistic": 94.673613445330162, "gravity_exponential": 180.06619154274304, "knn_logistic": 2.2102779650791731 }, "geometry": { "type": "Point", "coordinates": [ 330.466586952136709, 897.877757596863603 ] } },
{ "type": "Feature", "properties": { "reach": 413, "gravity_logistic": 94.164296441359838, "gravity_exponential": 201.50575586073069, "knn_logistic": 2.8178419378568109 }, "geometry": { "type": "Point", "coordinates": [ 4344.46519063492633, 905.332904713743346 ] } },
{ "type": "Feature", "properties": { "reach": 502, "gravity_logistic": 112.40036325024633, "gravity_exponential": 242.05393038746416, "knn_logistic": 4.2752253415540036 }, "geometry": { "type": "Point", "coordinates": [ 992.31016475970182, 2373.33448983081189 ] } },
{ "type": "Feature", "properties": { "reach": 470, "gravity_logistic": 97.887148546516627, "gravity_exponential": 223.49964014128713, "knn_logistic": 3.8012041770490796 }, "geometry": { "type": "Point", "coordinates": [ 2146.555572065703927, 3385.186560281757465 ] } },
{ "type": "Feature", "properties": { "reach": 183, "gravity_logistic": 50.763375039626467, "gravity_exponential": 92.732731378637666, "knn_logistic": 1.8823743092336254 }, "geometry": { "type": "Point", "coordinates": [ 372.303650987607625, 4237.435069892940191 ] } },
{ "type": "Feature", "properties": { "reach": 252, "gravity_logistic": 76.383367750107098, "gravity_exponential": 131.09870578822193, "knn_logistic": 2.260856299742187 }, "geometry": { "type": "Point", "coordinates": [ 163.221260411161097, 513.440943326522643 ] } },
{ "type": "Feature", "properties": { "reach": 319, "gravity_logistic": 70.433858825580529, "gravity_exponential": 152.84560482958059, "knn_logistic": 3.6423997912339416 }, "geometry": { "type": "Point", "coordinates": [ 3783.473135546337744, 275.395454608696866 ] } },
{ "type": "Feature", "properties": { "reach": 457, "gravity_logistic": 93.28631434127648, "gravity_exponential": 214.8432590198735, "knn_logistic": 3.7790960273006053 }, "geometry": { "type": "Point", "coordinates": [ 3358.516015006083308, 2327.385450458588366 ] } },
{ "type": "Feature", "properties": { "reach": 457, "gravity_logistic": 110.04634454402084, "gravity_exponential": 223.70070831107174, "knn_logistic": 4.0465518264087423 }, "geometry": { "type": "Point", "coordinates": [ 633.131290165410292, 1899.237647613183526 ] } },
{ "type": "Feature", "properties": { "reach": 269, "gravity_logistic": 60.122389669194284, "gravity_exponential": 129.14274618255098, "knn_logistic": 2.1033602083589735 }, "geometry": { "type": "Point", "coordinates": [ 1092.390994103820958, 4127.144433341299191 ] } },
{ "type": "Feature", "properties": { "reach": 414, "gravity_logistic": 85.215434806608869, "gravity_exponential": 197.29055520221428, "knn_logistic": 3.4963310815260655 }, "geometry": { "type": "Point", "coordinates": [ 3480.405170628601354, 3796.184104066914188 ] } },
{ "type": "Feature", "properties": { "reach": 229, "gravity_logistic": 40.237701359694256, "gravity_exponential": 105.17609508626477, "knn_logistic": 4.1111148184475956 }, "geometry": { "type": "Point", "coordinates": [ 1483.285089640908836, 4320.5693049474703 ] } },
{ "type": "Feature", "properties": { "reach": 433, "gravity_logistic": 112.54501803596717, "gravity_exponential": 215.55593261228688, "knn_logistic": 3.4248295489194058 }, "geometry": { "type": "Point", "coordinates": [ 4307.31331930808301, 1596.975641077789987 ] } },
{ "type": "Feature", "properties": { "reach": 258, "gravity_logistic": 62.396373674680433, "gravity_exponential": 125.9887961595376, "knn_logistic": 3.3295675316776427 }, "geometry": { "type": "Point", "coordinates": [ 3810.650243247491744, 4293.801872855902729 ] } },
{ "type": "Feature", "properties": { "reach": 448, "gravity_logistic": 113.43808439184389, "gravity_exponential": 221.41433165180146, "knn_logistic": 3.8847825686720965 }, "geometry": { "type": "Point", "coordinates": [ 4235.236183585886465, 1566.136981490953531 ] } },
{ "type": "Feature", "properties": { "reach": 432, "gravity_logistic": 86.962878626915028, "gravity_exponential": 202.38086458454211, "knn_logistic": 1.82059187377995 }, "geometry": { "type": "Point", "coordinates": [ 2491.024987826070173, 1540.457755638598201 ] } },
{ "type": "Feature", "properties": { "reach": 419, "gravity_logistic": 86.39162357077727, "gravity_exponential": 196.48435245376373, "knn_logistic": 2.2752206742955323 }, "geometry": { "type": "Point", "coordinates": [ 2187.183540148446809, 1317.058839497070494 ] } },
{ "type": "Feature", "properties": { "reach": 420, "gravity_logistic": 87.805685491748534, "gravity_exponential": 199.0485696830965, "knn_logistic": 4.5089502594339619 }, "geometry": { "type": "Point", "coordinates": [ 2357.930765561640328, 1703.990610860158995 ] } },
{ "type": "Feature", "properties": { "reach": 496, "gravity_logistic": 106.50723446351732, "gravity_exponential": 235.62990796693904, "knn_logistic": 3.4191285100417619 }, "geometry": { "type": "Point", "coordinates": [ 1483.433637400124553, 2285.452701474020159 ] } },
{ "type": "Feature", "properties": { "reach": 323, "gravity_logistic": 63.26851842500168, "gravity_exponential": 151.70022552153077, "knn_logistic": 2.5958866846473097 }, "geometry": { "type": "Point", "coordinates": [ 4710.668181616769289, 2368.258814199174594 ] } },
{ "type": "Feature", "properties": { "reach": 247, "gravity_logistic": 49.773130988376792, "gravity_exponential": 116.45340224209046, "knn_logistic": 3.1343428605231214 }, "geometry": { "type": "Point", "coordinates": [ 2933.838455506622722, 4345.65849415206867 ] } },
{ "type": "Feature", "properties": { "reach": 450, "gravity_logistic": 86.092897780130045, "gravity_exponential": 208.83704611516276, "knn_logistic": 3.0802207937575905 }, "geometry": { "type": "Point", "coordinates": [ 3340.195805191168802, 3519.168157731880456 ] } },
{ "type": "Feature", "properties": { "reach": 450, "gravity_logistic": 89.153617195992183, "gravity_exponential": 210.85008297544795, "knn_logistic": 3.6600217713183176 }, "geometry": { "type": "Point", "coordinates": [ 3035.527792830117505, 1758.481397583581384 ] } },
{ "type": "Feature", "properties": { "reach": 458, "gravity_logistic": 83.566921765483315, "gravity_exponential": 210.99295824878735, "knn_logistic": 3.2404838727320029 }, "geometry": { "type": "Point", "coordinates": [ 1626.877418288199806, 1156.906299455239605 ] } },
{ "type": "Feature", "properties": { "reach": 454, "gravity_logistic": 96.550085566280998, "gravity_exponential": 215.15323802276589, "knn_logistic": 2.1895042936908831 }, "geometry": { "type": "Point", "coordinates": [ 3303.008298372239551, 1951.560130661202493 ] } },
{ "type": "Feature", "properties": { "reach": 379, "gravity_logistic": 79.547209658028891, "gravity_exponential": 180.74245513851031, "knn_logistic": 2.2139788890038274 }, "geometry": { "type": "Point", "coordinates": [ 2364.159950261625454, 588.037481796989368 ] } },
{ "type": "Feature", "properties": { "reach": 461, "gravity_logistic": 100.28007005102339, "gravity_exponential": 220.51350099942195, "knn_logistic": 4.5232814441699531 }, "geometry": { "type": "Point", "coordinates": [ 4073.972571044887445, 1027.352183973769343 ] } },
{ "type": "Feature", "properties": { "reach": 432, "gravity_logistic": 77.803568223217383, "gravity_exponential": 199.59785041468723, "knn_logistic": 1.8766727240236873 }, "geometry": { "type": "Point", "coordinates": [ 3894.373341971798254, 2628.881387972598986 ] } },
{ "type": "Feature", "properties": { "reach": 219, "gravity_logistic": 51.448286070985482, "gravity_exponential": 106.69491203283978, "knn_logistic": 2.744917416617807 }, "geometry": { "type": "Point", "coordinates": [ 860.667223026706324, 4235.906170164361356 ] } },
{ "type": "Feature", "properties": { "reach": 297, "gravity_logistic": 66.927086977473451, "gravity_exponential": 142.95955874994053, "knn_logistic": 3.2664314741497775 }, "geometry": { "type": "Point", "coordinates": [ 1484.227868407398091, 259.619229321231103 ] } },
{ "type": "Feature", "properties": { "reach": 291, "gravity_logistic": 65.340979186325725, "gravity_exponential": 140.07529756733211, "knn_logistic": 2.0445836019081494 }, "geometry": { "type": "Point", "coordinates": [ 904.24499714921717, 4014.980339797571105 ] } },
{ "type": "Feature", "properties": { "reach": 380, "gravity_logistic": 95.343293347590972, "gravity_exponential": 186.19860825700422, "knn_logistic": 3.5739990403494675 }, "geometry": { "type": "Point", "coordinates": [ 2870.145119278737639, 545.810709248936519 ] } },
{ "type": "Feature", "properties": { "reach": 390, "gravity_logistic": 101.27251567313871, "gravity_exponential": 193.05809981590551, "knn_logistic": 2.5948417176653851 }, "geometry": { "type": "Point", "coordinates": [ 2155.02089096106738, 3849.581220888474036 ] } },
{ "type": "Feature", "properties": { "reach": 230, "gravity_logistic": 66.833485474329322, "gravity_exponential": 117.51212171684915, "knn_logistic": 2.5970380046617758 }, "geometry": { "type": "Point", "coordinates": [ 417.497091082905968, 4018.036435427148263 ] } },
{ "type": "Feature", "properties": { "reach": 486, "gravity_logistic": 90.247900935013277, "gravity_exponential": 225.00629485371701, "knn_logistic": 0.89788262351663251 }, "geometry": { "type": "Point", "coordinates": [ 3812.815394962018672, 1927.87447613516656 ] } },
{ "type": "Feature", "properties": { "reach": 316, "gravity_logistic": 72.590592475785968, "gravity_exponential": 154.13400318977094, "knn_logistic": 3.326954006448843 }, "geometry": { "type": "Point", "coordinates": [ 3159.111331866012279, 4125.557651696772155 ] } },
{ "type": "Feature", "properties": { "reach": 447, "gravity_logistic": 90.623443226706257, "gravity_exponential": 209.53904362969041, "knn_logistic": 1.784496710888096 }, "geometry": { "type": "Point", "coordinates": [ 3517.434088032899126, 2925.019910321487259 ] } },
{ "type": "Feature", "properties": { "reach": 468, "gravity_logistic": 100.16214055451489, "gravity_exponential": 221.62791821798359, "knn_logistic": 2.6969734167278117 }, "geometry": { "type": "Point", "coordinates": [ 1870.608132053432655, 3319.560588555842514 ] } },
{ "type": "Feature", "properties": { "reach": 182, "gravity_logistic": 47.532419736353859, "gravity_exponential": 91.379305007030624, "knn_logistic": 3.5733230300054553 }, "geometry": { "type": "Point", "coordinates": [ 80.686057816313607, 188.246942913624338 ] } },
{ "type": "Feature", "properties": { "reach": 442, "gravity_logistic": 89.679547632312492, "gravity_exponential": 208.52051510456377, "knn_logistic": 2.5702627232985868 }, "geometry": { "type": "Point", "coordinates": [ 2771.771846322270903, 3541.823171194289444 ] } },
{ "type": "Feature", "properties": { "reach": 472, "gravity_logistic": 92.893083602127717, "gravity_exponential": 220.26921871299751, "knn_logistic": 2.3786877322003623 }, "geometry": { "type": "Point", "coordinates": [ 2132.071932376687982, 2848.920631663385848 ] } },
{ "type": "Feature", "properties": { "reach": 195, "gravity_logistic": 43.81372889055676, "gravity_exponential": 94.67007624224577, "knn_logistic": 2.7346864210418835 }, "geometry": { "type": "Point", "coordinates": [ 5006.122303458450006, 3754.376277497921365 ] } },
{ "type": "Feature", "properties": { "reach": 393, "gravity_logistic": 88.513399397551581, "gravity_exponential": 189.6008684535168, "knn_logistic": 3.4400002467662318 }, "geometry": { "type": "Point", "coordinates": [ 3647.709995445514323, 3904.15827302448497 ] } },
{ "type": "Feature", "properties": { "reach": 411, "gravity_logistic": 79.253045675554318, "gravity_exponential": 191.25500591110608, "knn_logistic": 2.2020892484810162 }, "geometry": { "type": "Point", "coordinates": [ 1912.746304407520938, 876.842338387441487 ] } },
{ "type": "Feature", "properties": { "reach": 278, "gravity_logistic": 68.120142160298172, "gravity_exponential": 136.81832782526322, "knn_logistic": 3.5975055199392312 }, "geometry": { "type": "Point", "coordinates": [ 4233.647495793910821, 177.02522029815222 ] } },
{ "type": "Feature", "properties": { "reach": 377, "gravity_logistic": 89.079733296228341, "gravity_exponential": 183.45779918865458, "knn_logistic": 3.0145092103555609 }, "geometry": { "type": "Point", "coordinates": [ 4510.183624633246836, 2025.645873094379112 ] } },
{ "type": "Feature", "properties": { "reach": 468, "gravity_logistic": 83.838358464325978, "gravity_exponential": 214.40978644349121, "knn_logistic": 2.2435274203717377 }, "geometry": { "type": "Point", "coordinates": [ 1125.839880763569454, 2915.144014335456632 ] } },
{ "type": "Feature", "properties": { "reach": 221, "gravity_logistic": 48.628842720625315, "gravity_exponential": 105.30835572447729, "knn_logistic": 2.4020074548479502 }, "geometry": { "type": "Point", "coordinates": [ 4237.196610707023865, 14.644189610976587 ] } },
{ "type": "Feature", "properties": { "reach": 415, "gravity_logistic": 88.189742151958441, "gravity_exponential": 197.98097673880454, "knn_logistic": 1.139552002761415 }, "geometry": { "type": "Point", "coordinates": [ 3944.522860343645334, 659.462954374920628 ] } },
{ "type": "Feature", "properties": { "reach": 482, "gravity_logistic": 94.306283983460503, "gravity_exponential": 227.02991005339808, "knn_logistic": 4.0413593924062088 }, "geometry": { "type": "Point", "coordinates": [ 3795.503185684449363, 1796.212702680841176 ] } },
{ "type": "Feature", "properties": { "reach": 334, "gravity_logistic": 76.085868142165779, "gravity_exponential": 162.64645355630472, "knn_logistic": 3.7855877170138328 }, "geometry": { "type": "Point", "coordinates": [ 4727.118844205169808, 1287.286056884642221 ] } },
{ "type": "Feature", "properties": { "reach": 467, "gravity_logistic": 88.600868112946813, "gravity_exponential": 216.805865424361, "knn_logistic": 1.7714350942656538 }, "geometry": { "type": "Point", "coordinates": [ 2424.066423018739897, 2276.363149522188451 ] } },
{ "type": "Feature", "properties": { "reach": 458, "gravity_logistic": 95.815194083574724, "gravity_exponential": 215.81922843447489, "knn_logistic": 3.2643010094641749 }, "geometry": { "type": "Point", "coordinates": [ 3409.544802728195918, 2104.887963773534921 ] } },
{ "type": "Feature", "properties": { "reach": 350, "gravity_logistic": 83.801211431462249, "gravity_exponential": 172.97480758281554, "knn_logistic": 2.4695761079953251 }, "geometry": { "type": "Point", "coordinates": [ 2473.651124111403533, 478.585349518896066 ] } },
{ "type": "Feature", "properties": { "reach": 435, "gravity_logistic": 99.653096402027927, "gravity_exponential": 212.58953534872103, "knn_logistic": 3.9318869586430232 }, "geometry": { "type": "Point", "coordinates": [ 2087.386478235773666, 3580.783297335329735 ] } },
{ "type": "Feature", "properties": { "reach": 219, "gravity_logistic": 59.781383967408516, "gravity_exponential": 109.74248308776522, "knn_logistic": 2.6627207386737002 }, "geometry": { "type": "Point", "coordinates": [ 288.997897913320799, 167.403972554518958 ] } },
{ "type": "Feature", "properties": { "reach": 367, "gravity_logistic": 73.777544418016021, "gravity_exponential": 173.41853663255259, "knn_logistic": 2.5245108315927136 }, "geometry": { "type": "Point", "coordinates": [ 3464.438780946803035, 425.891854745721162 ] } },
{ "type": "Feature", "properties": { "reach": 447, "gravity_logistic": 80.616293172035313, "gravity_exponential": 205.60416525723042, "knn_logistic": 3.7822403271297089 }, "geometry": { "type": "Point", "coordinates": [ 2446.995792743698985, 1043.148579478914371 ] } },
{ "type": "Feature", "properties": { "reach": 205, "gravity_logistic": 56.299592879116453, "gravity_exponential": 104.12134768262786, "knn_logistic": 3.0961268133411366 }, "geometry": { "type": "Point", "coordinates": [ 4619.901378559491604, 174.603803981605182 ] } },
{ "type": "Feature", "properties": { "reach": 468, "gravity_logistic": 83.00067743440637, "gravity_exponential": 212.43141601663379, "knn_logistic": 3.0940450826934507 }, "geometry": { "type": "Point", "coordinates": [ 1263.290041828037374, 3240.119012800813834 ] } },
{ "type": "Feature", "properties": { "reach": 455, "gravity_logistic": 87.847328221612742, "gravity_exponential": 211.22561649132615, "knn_logistic": 3.1689648359977114 }, "geometry": { "type": "Point", "coordinates": [ 3180.11717225946677, 1539.827902905907649 ] } },
{ "type": "Feature", "properties": { "reach": 340, "gravity_logistic": 86.181209933726677, "gravity_exponential": 167.69414195416482, "knn_logistic": 3.2890994642868261 }, "geometry": { "type": "Point", "coordinates": [ 2254.359696185634675, 4037.61104170794124 ] } },
{ "type": "Feature", "properties": { "reach": 404, "gravity_logistic": 82.520523318887044, "gravity_exponential": 190.96316773536054, "knn_logistic": 3.4308419391128648 }, "geometry": { "type": "Point", "coordinates": [ 1548.48834140056897, 773.618208931224217 ] } },
{ "type": "Feature", "properties": { "reach": 494, "gravity_logistic": 98.668108790546469, "gravity_exponential": 231.60218723993074, "knn_logistic": 2.3212828102915117 }, "geometry": { "type": "Point", "coordinates": [ 1791.759937543597516, 2751.664029450810631 ] } },
{ "type": "Feature", "properties": { "reach": 440, "gravity_logistic": 86.900539891017388, "gravity_exponential": 206.44188123171989, "knn_logistic": 3.5069570554074465 }, "geometry": { "type": "Point", "coordinates": [ 2946.11221742321095, 3443.305171569258619 ] } },
{ "type": "Feature", "properties": { "reach": 243, "gravity_logistic": 60.986087266300068, "gravity_exponential": 121.03336412577417, "knn_logistic": 4.188547719219895 }, "geometry": { "type": "Point", "coordinates": [ 4893.58830576443961, 3441.950377563263828 ] } },
{ "type": "Feature", "properties": { "reach": 450, "gravity_logistic": 85.142285734702369, "gravity_exponential": 207.94302982790651, "knn_logistic": 1.617770206918411 }, "geometry": { "type": "Point", "coordinates": [ 3919.789438710812192, 2859.867993331345133 ] } },
{ "type": "Feature", "properties": { "reach": 491, "gravity_logistic": 96.714857520749277, "gravity_exponential": 228.35737640513599, "knn_logistic": 1.1736599821419054 }, "geometry": { "type": "Point", "coordinates": [ 2080.648728259855488, 2858.693421842640873 ] } },
{ "type": "Feature", "properties": { "reach": 474, "gravity_logistic": 101.1532787687018, "gravity_exponential": 226.80086852112115, "knn_logistic": 2.6824947195134476 }, "geometry": { "type": "Point", "coordinates": [ 3903.192486845235635, 1563.561094232254845 ] } },
{ "type": "Feature", "properties": { "reach": 278, "gravity_logistic": 62.261297148308238, "gravity_exponential": 133.79917806281438, "knn_logistic": 1.7623893646561348 }, "geometry": { "type": "Point", "coordinates": [ 991.578693517048578, 4053.504910732268399 ] } },
{ "type": "Feature", "properties": { "reach": 315, "gravity_logistic": 71.463134933189934, "gravity_exponential": 153.51702206999877, "knn_logistic": 3.8843071621806047 }, "geometry": { "type": "Point", "coordinates": [ 770.397839096792723, 3867.114975089089512 ] } },
{ "type": "Feature", "properties": { "reach": 470, "gravity_logistic": 96.723208903845915, "gravity_exponential": 221.15476133896905, "knn_logistic": 1.8523243863546894 }, "geometry": { "type": "Point", "coordinates": [ 3785.950666687799185, 1152.243511342384181 ] } },
{ "type": "Feature", "properties": { "reach": 476, "gravity_logistic": 88.733993465096589, "gravity_exponential": 217.8950392746321, "knn_logistic": 3.233135313194492 }, "geometry": { "type": "Point", "coordinates": [ 2639.223158105058246, 2514.403732545085404 ] } },
{ "type": "Feature", "properties": { "reach": 407, "gravity_logistic": 91.566495053256361, "gravity_exponential": 194.44500783963235, "knn_logistic": 3.170389343765609 }, "geometry": { "type": "Point", "coordinates": [ 2804.031268451761207, 785.361114473850876 ] } },
{ "type": "Feature", "properties": { "reach": 512, "gravity_logistic": 112.63197409867915, "gravity_exponential": 245.73740568439976, "knn_logistic": 3.9819071261735237 }, "geometry": { "type": "Point", "coordinates": [ 1210.467508561114528, 2273.442700198863349 ] } },
{ "type": "Feature", "properties": { "reach": 508, "gravity_logistic": 108.46447797599885, "gravity_exponential": 241.48244771982411, "knn_logistic": 3.4966940460161147 }, "geometry": { "type": "Point", "coordinates": [ 1227.558087646316608, 2323.543289451105011 ] } },
{ "type": "Feature", "properties": { "reach": 428, "gravity_logistic": 99.135619791730576, "gravity_exponential": 208.28098832794083, "knn_logistic": 1.9074208051188286 }, "geometry": { "type": "Point", "coordinates": [ 4364.039681483378445, 1227.35919775296793 ] } },
{ "type": "Feature", "properties": { "reach": 435, "gravity_logistic": 90.3768398434364, "gravity_exponential": 206.25519739086337, "knn_logistic": 3.1427858105925335 }, "geometry": { "type": "Point", "coordinates": [ 3262.390457680696272, 2148.001907247515646 ] } },
{ "type": "Feature", "properties": { "reach": 439, "gravity_logistic": 81.655121051959696, "gravity_exponential": 201.45160916199276, "knn_logistic": 4.4787661498867566 }, "geometry": { "type": "Point", "coordinates": [ 2087.997674413127697, 1112.506220970301001 ] } },
{ "type": "Feature", "properties": { "reach": 436, "gravity_logistic": 107.53312497627397, "gravity_exponential": 214.55481133509912, "knn_logistic": 4.3196015908997731 }, "geometry": { "type": "Point", "coordinates": [ 663.115545224953848, 2443.979306954408003 ] } },
{ "type": "Feature", "properties": { "reach": 491, "gravity_logistic": 93.327274440233055, "gravity_exponential": 228.06191476156141, "knn_logistic": 3.8527637916812112 }, "geometry": { "type": "Point", "coordinates": [ 2308.875441386120201, 3325.816378357586927 ] } },
{ "type": "Feature", "properties": { "reach": 275, "gravity_logistic": 53.700546670285306, "gravity_exponential": 127.21240978577741, "knn_logistic": 3.5094019591841841 }, "geometry": { "type": "Point", "coordinates": [ 3299.002981007964991, 88.557853508695842 ] } },
{ "type": "Feature", "properties": { "reach": 179, "gravity_logistic": 52.528755829219001, "gravity_exponential": 91.899126933644851, "knn_logistic": 3.9370239624498042 }, "geometry": { "type": "Point", "coordinates": [ 31.087618703092822, 3852.625310480493226 ] } },
{ "type": "Feature", "properties": { "reach": 349, "gravity_logistic": 79.915921144104232, "gravity_exponential": 168.45258159550519, "knn_logistic": 2.7435201802095772 }, "geometry": { "type": "Point", "coordinates": [ 1962.702765642826307, 440.139203749848718 ] } },
{ "type": "Feature", "properties": { "reach": 431, "gravity_logistic": 77.537448880599015, "gravity_exponential": 199.37547281300292, "knn_logistic": 2.6225617382835575 }, "geometry": { "type": "Point", "coordinates": [ 4106.332455719611062, 2641.02754416927155 ] } },
{ "type": "Feature", "properties": { "reach": 393, "gravity_logistic": 91.098988259787546, "gravity_exponential": 190.15921430839126, "knn_logistic": 2.7048119547506877 }, "geometry": { "type": "Point", "coordinates": [ 3723.874986371160958, 3902.10601969320669 ] } },
{ "type": "Feature", "properties": { "reach": 487, "gravity_logistic": 97.57481223986855, "gravity_exponential": 229.08075312689863, "knn_logistic": 1.7122287548162012 }, "geometry": { "type": "Point", "coordinates": [ 1852.47035632680786, 2857.694761125067544 ] } },
{ "type": "Feature", "properties": { "reach": 292, "gravity_logistic": 69.438984141526177, "gravity_exponential": 142.04317769336868, "knn_logistic": 3.9702661410781905 }, "geometry": { "type": "Point", "coordinates": [ 2639.600077725154733, 198.963379374242663 ] } },
{ "type": "Feature", "properties": { "reach": 279, "gravity_logistic": 60.490990463863369, "gravity_exponential": 133.59964928906345, "knn_logistic": 4.6426384584943232 }, "geometry": { "type": "Point", "coordinates": [ 2915.661691181663628, 4260.7857837200836 ] } },
{ "type": "Feature", "properties": { "reach": 435, "gravity_logistic": 109.53890265181637, "gravity_exponential": 212.92902333976065, "knn_logistic": 2.4857906831773953 }, "geometry": { "type": "Point", "coordinates": [ 4368.539928901455824, 1483.07616908753198 ] } },
{ "type": "Feature", "properties": { "reach": 298, "gravity_logistic": 66.096510668530144, "gravity_exponential": 143.78277049583858, "knn_logistic": 4.1172051189375889 }, "geometry": { "type": "Point", "coordinates": [ 4840.870095418044912, 1519.597710203011047 ] } },
{ "type": "Feature", "properties": { "reach": 423, "gravity_logistic": 100.05363918201996, "gravity_exponential": 207.31102871216984, "knn_logistic": 2.3783286654672429 }, "geometry": { "type": "Point", "coordinates": [ 1922.271108488180971, 3642.424962773483912 ] } },
{ "type": "Feature", "properties": { "reach": 402, "gravity_logistic": 91.841569953238078, "gravity_exponential": 194.62026924382948, "knn_logistic": 3.4595975448719258 }, "geometry": { "type": "Point", "coordinates": [ 4381.835321667902463, 2032.997228891403893 ] } },
{ "type": "Feature", "properties": { "reach": 453, "gravity_logistic": 82.71234509474202, "gravity_exponential": 206.97390335124248, "knn_logistic": 3.7860694957852692 }, "geometry": { "type": "Point", "coordinates": [ 1927.505701149888182, 1365.039555067036872 ] } },
{ "type": "Feature", "properties": { "reach": 308, "gravity_logistic": 63.76366948998848, "gravity_exponential": 146.00891043916232, "knn_logistic": 3.0036158278044769 }, "geometry": { "type": "Point", "coordinates": [ 161.869471066919004, 1833.064431103959578 ] } },
{ "type": "Feature", "properties": { "reach": 272, "gravity_logistic": 69.263598965040842, "gravity_exponential": 135.2472155425998, "knn_logistic": 2.4904744241096743 }, "geometry": { "type": "Point", "coordinates": [ 552.872239589867036, 3916.992440029072895 ] } },
{ "type": "Feature", "properties": { "reach": 426, "gravity_logistic": 83.999641624155743, "gravity_exponential": 200.04564156749808, "knn_logistic": 4.3248510223182191 }, "geometry": { "type": "Point", "coordinates": [ 4253.494766980113127, 2253.223177763832155 ] } },
{ "type": "Feature", "properties": { "reach": 371, "gravity_logistic": 79.810558346866699, "gravity_exponential": 176.8939664553273, "knn_logistic": 2.615795911803291 }, "geometry": { "type": "Point", "coordinates": [ 285.93872776288498, 1761.507490436673834 ] } },
{ "type": "Feature", "properties": { "reach": 478, "gravity_logistic": 108.46559003663674, "gravity_exponential": 230.36362190044053, "knn_logistic": 4.3297081945995153 }, "geometry": { "type": "Point", "coordinates": [ 968.219062442695645, 933.595828947648442 ] } },
{ "type": "Feature", "properties": { "reach": 500, "gravity_logistic": 84.45301719754508, "gravity_exponential": 227.53763345587527, "knn_logistic": 2.3362775467729175 }, "geometry": { "type": "Point", "coordinates": [ 1539.691836621956327, 1775.727895651559038 ] } },
{ "type": "Feature", "properties": { "reach": 333, "gravity_logistic": 77.308705718266467, "gravity_exponential": 160.84088740133461, "knn_logistic": 2.5989554290353318 }, "geometry": { "type": "Point", "coordinates": [ 414.097530273309474, 3244.712628813556876 ] } },
{ "type": "Feature", "properties": { "reach": 394, "gravity_logistic": 76.591411878827358, "gravity_exponential": 186.52518544748432, "knn_logistic": 4.0052336631535006 }, "geometry": { "type": "Point", "coordinates": [ 823.542244251534044, 3431.486304062279942 ] } },
{ "type": "Feature", "properties": { "reach": 276, "gravity_logistic": 64.266211742852988, "gravity_exponential": 133.16931638818582, "knn_logistic": 3.3162704316375473 }, "geometry": { "type": "Point", "coordinates": [ 3571.550714140741093, 4254.482327471195276 ] } },
{ "type": "Feature", "properties": { "reach": 247, "gravity_logistic": 57.808000814105739, "gravity_exponential": 118.8065871090802, "knn_logistic": 2.9106660743734567 }, "geometry": { "type": "Point", "coordinates": [ 1721.153310050239497, 111.258066300069004 ] } },
{ "type": "Feature", "properties": { "reach": 432, "gravity_logistic": 98.34001621339155, "gravity_exponential": 210.13595361770803, "knn_logistic": 2.6426598358574789 }, "geometry": { "type": "Point", "coordinates": [ 4342.13822143876223, 1074.81656232821706 ] } },
{ "type": "Feature", "properties": { "reach": 240, "gravity_logistic": 57.850914522926068, "gravity_exponential": 116.36821083225794, "knn_logistic": 1.8223518797192138 }, "geometry": { "type": "Point", "coordinates": [ 1906.416565277569362, 95.753446058137868 ] } },
{ "type": "Feature", "properties": { "reach": 231, "gravity_logistic": 60.849879009675249, "gravity_exponential": 114.97130874701213, "knn_logistic": 2.9926736647254262 }, "geometry": { "type": "Point", "coordinates": [ 4927.029184857790824, 2916.461317185626285 ] } },
{ "type": "Feature", "properties": { "reach": 377, "gravity_logistic": 83.275154742003039, "gravity_exponential": 182.3342954914836, "knn_logistic": 3.6322570869591138 }, "geometry": { "type": "Point", "coordinates": [ 4395.654125494532309, 3171.278291127134253 ] } },
{ "type": "Feature", "properties": { "reach": 343, "gravity_logistic": 70.736484854991133, "gravity_exponential": 164.05614733391263, "knn_logistic": 3.1758741996790212 }, "geometry": { "type": "Point", "coordinates": [ 4730.879958714867826, 1083.969038292325195 ] } },
{ "type": "Feature", "properties": { "reach": 259, "gravity_logistic": 60.440687609112913, "gravity_exponential": 125.55873026324079, "knn_logistic": 3.608583795881581 }, "geometry": { "type": "Point", "coordinates": [ 2168.076488271610742, 109.750394785183502 ] } },
{ "type": "Feature", "properties": { "reach": 509, "gravity_logistic": 108.28682650523518, "gravity_exponential": 243.26562859344855, "knn_logistic": 2.3240214284850707 }, "geometry": { "type": "Point", "coordinates": [ 1103.80089098249482, 2057.917002078810128 ] } },
{ "type": "Feature", "properties": { "reach": 439, "gravity_logistic": 87.077066368713773, "gravity_exponential": 205.99036684405388, "knn_logistic": 2.9642839295222387 }, "geometry": { "type": "Point", "coordinates": [ 2653.154169209314659, 1812.662016972533138 ] } },
{ "type": "Feature", "properties": { "reach": 205, "gravity_logistic": 47.718585265476257, "gravity_exponential": 100.67710953919963, "knn_logistic": 3.7536632524620814 }, "geometry": { "type": "Point", "coordinates": [ 493.577220661424462, 36.08752469804719 ] } },
{ "type": "Feature", "properties": { "reach": 370, "gravity_logistic": 83.178706155848502, "gravity_exponential": 178.89494496224501, "knn_logistic": 2.7136553634940146 }, "geometry": { "type": "Point", "coordinates": [ 4436.149089432095934, 3578.302111382772182 ] } },
{ "type": "Feature", "properties": { "reach": 280, "gravity_logistic": 68.211923064556856, "gravity_exponential": 138.16751458173306, "knn_logistic": 3.780252745648657 }, "geometry": { "type": "Point", "coordinates": [ 4744.475037095566222, 3632.944104829505704 ] } },
{ "type": "Feature", "properties": { "reach": 469, "gravity_logistic": 99.394396563408819, "gravity_exponential": 223.55577408897645, "knn_logistic": 3.8258943816413415 }, "geometry": { "type": "Point", "coordinates": [ 2087.64197809743564, 3374.676975251885324 ] } },
{ "type": "Feature", "properties": { "reach": 298, "gravity_logistic": 48.206349930552946, "gravity_exponential": 135.12252879786917, "knn_logistic": 1.2091322367675237 }, "geometry": { "type": "Point", "coordinates": [ 86.390949949357022, 1594.794376809758887 ] } },
{ "type": "Feature", "properties": { "reach": 459, "gravity_logistic": 80.507108852558574, "gravity_exponential": 209.79348610929571, "knn_logistic": 3.8250411577644217 }, "geometry": { "type": "Point", "coordinates": [ 4037.164378494972425, 2310.288762000824136 ] } },
{ "type": "Feature", "properties": { "reach": 394, "gravity_logistic": 88.747211897759357, "gravity_exponential": 191.0189792117628, "knn_logistic": 1.8857196526740698 }, "geometry": { "type": "Point", "coordinates": [ 1011.925264635116719, 496.826923282740609 ] } },
{ "type": "Feature", "properties": { "reach": 439, "gravity_logistic": 85.602774421376608, "gravity_exponential": 205.96316044095738, "knn_logistic": 2.468339769686906 }, "geometry": { "type": "Point", "coordinates": [ 2933.514162295819915, 2310.003000484475251 ] } },
{ "type": "Feature", "properties": { "reach": 487, "gravity_logistic": 98.216232751184222, "gravity_exponential": 228.15366009475909, "knn_logistic": 2.9039422407844082 }, "geometry": { "type": "Point", "coordinates": [ 1925.323008768639511, 2650.200439912541697 ] } },
{ "type": "Feature", "properties": { "reach": 424, "gravity_logistic": 78.388093708406174, "gravity_exponential": 198.01652943029001, "knn_logistic": 2.8664898566336205 }, "geometry": { "type": "Point", "coordinates": [ 2177.828252789282942, 934.109175495608838 ] } },
{ "type": "Feature", "properties": { "reach": 448, "gravity_logistic": 99.836648255823178, "gravity_exponential": 216.79783057228875, "knn_logistic": 4.4331371048006858 }, "geometry": { "type": "Point", "coordinates": [ 1969.937044619920698, 3461.134652648436713 ] } },
{ "type": "Feature", "properties": { "reach": 437, "gravity_logistic": 85.088149748049403, "gravity_exponential": 204.77747913951549, "knn_logistic": 3.5851989917483569 }, "geometry": { "type": "Point", "coordinates": [ 4128.030355435660567, 3147.405700259747391 ] } },
{ "type": "Feature", "properties": { "reach": 460, "gravity_logistic": 87.812565580448322, "gravity_exponential": 213.38673028468429, "knn_logistic": 2.8214723039522007 }, "geometry": { "type": "Point", "coordinates": [ 2929.14254645443043, 2859.498735625710651 ] } },
{ "type": "Feature", "properties": { "reach": 406, "gravity_logistic": 81.318853385145943, "gravity_exponential": 189.69462471330974, "knn_logistic": 2.0135616308390718 }, "geometry": { "type": "Point", "coordinates": [ 4376.26540771081909, 2477.426578932154825 ] } },
{ "type": "Feature", "properties": { "reach": 472, "gravity_logistic": 87.643548920899576, "gravity_exponential": 217.79759270211397, "knn_logistic": 3.1519547321973951 }, "geometry": { "type": "Point", "coordinates": [ 3991.253256820039041, 2087.738811064835772 ] } },
{ "type": "Feature", "properties": { "reach": 458, "gravity_logistic": 91.562381763277443, "gravity_exponential": 213.07897719080364, "knn_logistic": 2.9437461759373482 }, "geometry": { "type": "Point", "coordinates": [ 3626.995965482465181, 3060.597691259688418 ] } },
{ "type": "Feature", "properties": { "reach": 480, "gravity_logistic": 94.749552633283585, "gravity_exponential": 224.12670682922501, "knn_logistic": 3.6293504146628308 }, "geometry": { "type": "Point", "coordinates": [ 2122.830259006866072, 3079.589858928080957 ] } },
{ "type": "Feature", "properties": { "reach": 495, "gravity_logistic": 104.90989982632748, "gravity_exponential": 234.6083097527399, "knn_logistic": 3.2601235767648076 }, "geometry": { "type": "Point", "coordinates": [ 1531.015167915090842, 2258.032565165043252 ] } },
{ "type": "Feature", "properties": { "reach": 280, "gravity_logistic": 53.792130031538044, "gravity_exponential": 129.70262654659774, "knn_logistic": 1.945254714530771 }, "geometry": { "type": "Point", "coordinates": [ 3329.722508130894312, 4288.62178203780968 ] } },
{ "type": "Feature", "properties": { "reach": 225, "gravity_logistic": 42.121793676716614, "gravity_exponential": 104.49106858104277, "knn_logistic": 2.7559678541264003 }, "geometry": { "type": "Point", "coordinates": [ 4991.328354489409321, 2581.952797759328405 ] } },
{ "type": "Feature", "properties": { "reach": 456, "gravity_logistic": 79.881243861434882, "gravity_exponential": 206.49322323314334, "knn_logistic": 2.6319924206131797 }, "geometry": { "type": "Point", "coordinates": [ 1097.080177352599549, 3126.45234007813724 ] } },
{ "type": "Feature", "properties": { "reach": 404, "gravity_logistic": 82.749943164836694, "gravity_exponential": 189.38550092547518, "knn_logistic": 1.8515143231187849 }, "geometry": { "type": "Point", "coordinates": [ 4398.766220747099396, 2504.742677513132548 ] } },
{ "type": "Feature", "properties": { "reach": 480, "gravity_logistic": 94.08464714430643, "gravity_exponential": 225.73172708485265, "knn_logistic": 4.119643969668898 }, "geometry": { "type": "Point", "coordinates": [ 3684.097249409411688, 1780.155788034560828 ] } },
{ "type": "Feature", "properties": { "reach": 249, "gravity_logistic": 43.054305949283197, "gravity_exponential": 113.43342722385884, "knn_logistic": 3.397249481907596 }, "geometry": { "type": "Point", "coordinates": [ 4952.345565758352677, 1968.445137362715286 ] } },
{ "type": "Feature", "properties": { "reach": 294, "gravity_logistic": 73.358401669938701, "gravity_exponential": 144.95795633474384, "knn_logistic": 3.5802159748761824 }, "geometry": { "type": "Point", "coordinates": [ 3794.669800518297961, 4193.448666133144798 ] } },
{ "type": "Feature", "properties": { "reach": 473, "gravity_logistic": 85.324440382245157, "gravity_exponential": 217.07559331749022, "knn_logistic": 3.0585385204866808 }, "geometry": { "type": "Point", "coordinates": [ 3925.658562794384125, 2090.165991406330249 ] } },
{ "type": "Feature", "properties": { "reach": 246, "gravity_logistic": 76.065374664087926, "gravity_exponential": 129.42377117317696, "knn_logistic": 3.8224902018898952 }, "geometry": { "type": "Point", "coordinates": [ 332.841970876606695, 3777.287499035848214 ] } },
{ "type": "Feature", "properties": { "reach": 435, "gravity_logistic": 83.686356913825904, "gravity_exponential": 202.80158307458487, "knn_logistic": 2.2626174744689074 }, "geometry": { "type": "Point", "coordinates": [ 2640.806898965283381, 1063.518196284750047 ] } },
{ "type": "Feature", "properties": { "reach": 491, "gravity_logistic": 105.32787750659904, "gravity_exponential": 233.50572725052618, "knn_logistic": 2.90372881429996 }, "geometry": { "type": "Point", "coordinates": [ 1649.525621926402437, 2627.734425055733027 ] } },
{ "type": "Feature", "properties": { "reach": 363, "gravity_logistic": 78.443786994625128, "gravity_exponential": 173.23814220598558, "knn_logistic": 3.1807602412336013 }, "geometry": { "type": "Point", "coordinates": [ 712.957692186140775, 3636.950067248404139 ] } },
{ "type": "Feature", "properties": { "reach": 217, "gravity_logistic": 60.528817725926707, "gravity_exponential": 109.15548138474081, "knn_logistic": 1.3494803495286611 }, "geometry": { "type": "Point", "coordinates": [ 472.978379569126048, 4127.488434478043928 ] } },
{ "type": "Feature", "properties": { "reach": 351, "gravity_logistic": 77.35640801169221, "gravity_exponential": 168.82502232614425, "knn_logistic": 2.7557217466045048 }, "geometry": { "type": "Point", "coordinates": [ 1098.350701998154818, 395.700476015658069 ] } },
{ "type": "Feature", "properties": { "reach": 471, "gravity_logistic": 83.47975829984351, "gravity_exponential": 216.28950234444096, "knn_logistic": 2.6288616185408804 }, "geometry": { "type": "Point", "coordinates": [ 1242.465586133198258, 2918.005101070300043 ] } },
{ "type": "Feature", "properties": { "reach": 321, "gravity_logistic": 77.299641978268795, "gravity_exponential": 157.48772215672349, "knn_logistic": 2.993239392810839 }, "geometry": { "type": "Point", "coordinates": [ 4757.082841673604889, 1595.039431806022321 ] } },
{ "type": "Feature", "properties": { "reach": 460, "gravity_logistic": 88.371841991434735, "gravity_exponential": 213.41631943661568, "knn_logistic": 3.702055294099988 }, "geometry": { "type": "Point", "coordinates": [ 3077.489634341649435, 2179.46459395582815 ] } },
{ "type": "Feature", "properties": { "reach": 503, "gravity_logistic": 102.60147899789432, "gravity_exponential": 237.3510085311438, "knn_logistic": 3.490160548413864 }, "geometry": { "type": "Point", "coordinates": [ 1391.91650021327132, 2088.271245698163966 ] } },
{ "type": "Feature", "properties": { "reach": 363, "gravity_logistic": 82.289123483027751, "gravity_exponential": 176.22127906804596, "knn_logistic": 2.595883388213116 }, "geometry": { "type": "Point", "coordinates": [ 4453.834652740657475, 3271.07766145229607 ] } },
{ "type": "Feature", "properties": { "reach": 456, "gravity_logistic": 86.807982078227866, "gravity_exponential": 210.96431875371979, "knn_logistic": 2.0342602148183189 }, "geometry": { "type": "Point", "coordinates": [ 3831.585083034907257, 2806.19458293490834 ] } },
{ "type": "Feature", "properties": { "reach": 394, "gravity_logistic": 101.06709152391633, "gravity_exponential": 196.77618511346549, "knn_logistic": 2.8007022079318986 }, "geometry": { "type": "Point", "coordinates": [ 2366.429450148767955, 3771.145492294531778 ] } },
{ "type": "Feature", "properties": { "reach": 364, "gravity_logistic": 73.673348491251943, "gravity_exponential": 173.58126302405924, "knn_logistic": 3.5389403354291655 }, "geometry": { "type": "Point", "coordinates": [ 291.121914098907723, 1541.956273429130988 ] } },
{ "type": "Feature", "properties": { "reach": 494, "gravity_logistic": 91.351270842454085, "gravity_exponential": 227.6139674840822, "knn_logistic": 3.4363762710533621 }, "geometry": { "type": "Point", "coordinates": [ 1596.658443393886728, 1946.406511334748984 ] } },
{ "type": "Feature", "properties": { "reach": 477, "gravity_logistic": 98.655471634376767, "gravity_exponential": 225.09612898810701, "knn_logistic": 2.8103731850042886 }, "geometry": { "type": "Point", "coordinates": [ 2050.511308822167393, 3297.502535899010581 ] } },
{ "type": "Feature", "properties": { "reach": 246, "gravity_logistic": 72.930149948828898, "gravity_exponential": 126.1552274999203, "knn_logistic": 2.0513996775422467 }, "geometry": { "type": "Point", "coordinates": [ 4763.448025239371418, 495.218040473679707 ] } },
{ "type": "Feature", "properties": { "reach": 318, "gravity_logistic": 64.356462064102516, "gravity_exponential": 150.20323712053479, "knn_logistic": 3.1241964333151926 }, "geometry": { "type": "Point", "coordinates": [ 4705.361938743314568, 2423.000705563357315 ] } },
{ "type": "Feature", "properties": { "reach": 281, "gravity_logistic": 59.483460173430174, "gravity_exponential": 132.92685354456376, "knn_logistic": 2.4584027458952993 }, "geometry": { "type": "Point", "coordinates": [ 1264.620047625841607, 4141.902084967626251 ] } },
{ "type": "Feature", "properties": { "reach": 490, "gravity_logistic": 91.233462003878117, "gravity_exponential": 225.65194672506686, "knn_logistic": 4.1980361011636278 }, "geometry": { "type": "Point", "coordinates": [ 3410.664350850138362, 1452.694366186904972 ] } },
{ "type": "Feature", "properties": { "reach": 394, "gravity_logistic": 89.146281168672544, "gravity_exponential": 191.46287876019494, "knn_logistic": 2.5863605788337671 }, "geometry": { "type": "Point", "coordinates": [ 1797.615794799509331, 3795.323738848891935 ] } },
{ "type": "Feature", "properties": { "reach": 357, "gravity_logistic": 75.369441995031465, "gravity_exponential": 170.14929137410331, "knn_logistic": 3.4305761508017656 }, "geometry": { "type": "Point", "coordinates": [ 341.625789530898544, 2696.298530092481997 ] } },
{ "type": "Feature", "properties": { "reach": 307, "gravity_logistic": 72.380647045455717, "gravity_exponential": 150.00077130111211, "knn_logistic": 3.7308235031044119 }, "geometry": { "type": "Point", "coordinates": [ 3821.620613688767662, 272.831347430789492 ] } },
{ "type": "Feature", "properties": { "reach": 415, "gravity_logistic": 98.924558270874101, "gravity_exponential": 203.83144304381509, "knn_logistic": 2.6201407201593123 }, "geometry": { "type": "Point", "coordinates": [ 1913.975636410770903, 3685.720589240640038 ] } },
{ "type": "Feature", "properties": { "reach": 383, "gravity_logistic": 89.519956688400725, "gravity_exponential": 186.6146049588105, "knn_logistic": 4.065605944375033 }, "geometry": { "type": "Point", "coordinates": [ 327.582284742770241, 1251.536595772294277 ] } },
{ "type": "Feature", "properties": { "reach": 213, "gravity_logistic": 64.026537150502449, "gravity_exponential": 109.79527779975051, "knn_logistic": 2.8793865421325586 }, "geometry": { "type": "Point", "coordinates": [ 82.507796278791531, 3631.742751387771477 ] } },
{ "type": "Feature", "properties": { "reach": 248, "gravity_logistic": 42.301048744323545, "gravity_exponential": 112.36658435763684, "knn_logistic": 2.7234443781474762 }, "geometry": { "type": "Point", "coordinates": [ 3.639596003392811, 2404.493797032320799 ] } },
{ "type": "Feature", "properties": { "reach": 451, "gravity_logistic": 94.526276444595737, "gravity_exponential": 213.55304881471591, "knn_logistic": 3.3341319814462138 }, "geometry": { "type": "Point", "coordinates": [ 3247.136166909047006, 2014.132307668886369 ] } },
{ "type": "Feature", "properties": { "reach": 278, "gravity_logistic": 71.211704771152895, "gravity_exponential": 138.76756196235368, "knn_logistic": 4.0243335671491254 }, "geometry": { "type": "Point", "coordinates": [ 107.8940198521356, 894.812988078429953 ] } },
{ "type": "Feature", "properties": { "reach": 385, "gravity_logistic": 76.660788243856132, "gravity_exponential": 181.08306419305362, "knn_logistic": 3.2785133982651038 }, "geometry": { "type": "Point", "coordinates": [ 1015.649123651777245, 3626.721603652265458 ] } },
{ "type": "Feature", "properties": { "reach": 325, "gravity_logistic": 72.785722053450684, "gravity_exponential": 154.30130467046396, "knn_logistic": 2.9315377437204169 }, "geometry": { "type": "Point", "coordinates": [ 3465.118248829429376, 4137.796339938703568 ] } },
{ "type": "Feature", "properties": { "reach": 506, "gravity_logistic": 110.19588386031735, "gravity_exponential": 241.02582942674044, "knn_logistic": 3.6153738159728506 }, "geometry": { "type": "Point", "coordinates": [ 879.521859103690872, 1516.436221212352393 ] } },
{ "type": "Feature", "properties": { "reach": 502, "gravity_logistic": 103.2921109912065, "gravity_exponential": 237.00721883999233, "knn_logistic": 4.9800855507008883 }, "geometry": { "type": "Point", "coordinates": [ 1042.628523572988342, 1493.151652956144744 ] } },
{ "type": "Feature", "properties": { "reach": 296, "gravity_logistic": 68.80735728217357, "gravity_exponential": 143.30957141681219, "knn_logistic": 4.2327375268751455 }, "geometry": { "type": "Point", "coordinates": [ 4731.090734356991561, 2617.227347472434758 ] } },
{ "type": "Feature", "properties": { "reach": 514, "gravity_logistic": 107.09783318538109, "gravity_exponential": 243.29036552146181, "knn_logistic": 4.5679981356410577 }, "geometry": { "type": "Point", "coordinates": [ 1287.367753352393493, 2143.082281261207754 ] } },
{ "type": "Feature", "properties": { "reach": 363, "gravity_logistic": 95.797267966907384, "gravity_exponential": 184.33730573687762, "knn_logistic": 2.765015666291232 }, "geometry": { "type": "Point", "coordinates": [ 551.401291012051161, 633.956205116805904 ] } },
{ "type": "Feature", "properties": { "reach": 213, "gravity_logistic": 47.8380579028371, "gravity_exponential": 102.51254643146487, "knn_logistic": 3.6000460207025249 }, "geometry": { "type": "Point", "coordinates": [ 4344.690941357236625, 26.320153234564174 ] } },
{ "type": "Feature", "properties": { "reach": 451, "gravity_logistic": 116.06886593892168, "gravity_exponential": 223.0938822452004, "knn_logistic": 2.8410915622898174 }, "geometry": { "type": "Point", "coordinates": [ 615.686017498111823, 2032.077585019105982 ] } },
{ "type": "Feature", "properties": { "reach": 313, "gravity_logistic": 79.428941058422907, "gravity_exponential": 155.35072180002089, "knn_logistic": 2.9388016955138809 }, "geometry": { "type": "Point", "coordinates": [ 2476.088194116997784, 4110.87234323377379 ] } },
{ "type": "Feature", "properties": { "reach": 487, "gravity_logistic": 90.512849729751551, "gravity_exponential": 225.57200266696518, "knn_logistic": 2.7311969834668459 }, "geometry": { "type": "Point", "coordinates": [ 1322.638961263304282, 1339.619381497135464 ] } },
{ "type": "Feature", "properties": { "reach": 469, "gravity_logistic": 109.61792418366936, "gravity_exponential": 227.693371974933, "knn_logistic": 3.2465476967729363 }, "geometry": { "type": "Point", "coordinates": [ 715.371613355664294, 1452.956719994813966 ] } },
{ "type": "Feature", "properties": { "reach": 332, "gravity_logistic": 71.481882789351218, "gravity_exponential": 158.80177406734367, "knn_logistic": 2.7320543309887979 }, "geometry": { "type": "Point", "coordinates": [ 219.491348324098198, 1777.257635652841145 ] } },
{ "type": "Feature", "properties": { "reach": 457, "gravity_logistic": 85.363989136004832, "gravity_exponential": 211.09571456993228, "knn_logistic": 2.1686503856175792 }, "geometry": { "type": "Point", "coordinates": [ 2803.084444192813407, 2444.872526403835764 ] } },
{ "type": "Feature", "properties": { "reach": 264, "gravity_logistic": 45.982669094365676, "gravity_exponential": 121.03401133533154, "knn_logistic": 2.1310669589492361 }, "geometry": { "type": "Point", "coordinates": [ 52.464780769359514, 1989.714619045409336 ] } },
{ "type": "Feature", "properties": { "reach": 259, "gravity_logistic": 62.322336612785662, "gravity_exponential": 126.23259672782483, "knn_logistic": 2.3965949698685356 }, "geometry": { "type": "Point", "coordinates": [ 110.607372382422781, 3094.765581305860451 ] } },
{ "type": "Feature", "properties": { "reach": 240, "gravity_logistic": 45.174529043479872, "gravity_exponential": 112.63081828600008, "knn_logistic": 3.926205447862658 }, "geometry": { "type": "Point", "coordinates": [ 2034.138968464686741, 4329.78414310698372 ] } },
{ "type": "Feature", "properties": { "reach": 520, "gravity_logistic": 84.781559678091682, "gravity_exponential": 234.53472021358826, "knn_logistic": 4.0559585195607539 }, "geometry": { "type": "Point", "coordinates": [ 1371.622510117763795, 1582.859746335724367 ] } },
{ "type": "Feature", "properties": { "reach": 224, "gravity_logistic": 66.138167028103553, "gravity_exponential": 116.44538710828655, "knn_logistic": 3.9024314461869523 }, "geometry": { "type": "Point", "coordinates": [ 4895.776218574411359, 632.713630583170698 ] } },
{ "type": "Feature", "properties": { "reach": 527, "gravity_logistic": 100.10159036263434, "gravity_exponential": 244.38814528086414, "knn_logistic": 2.4845750917083573 }, "geometry": { "type": "Point", "coordinates": [ 1187.68566381013693, 1759.948694023323696 ] } },
{ "type": "Feature", "properties": { "reach": 481, "gravity_logistic": 90.144597409309426, "gravity_exponential": 222.42085227732028, "knn_logistic": 2.516483528251924 }, "geometry": { "type": "Point", "coordinates": [ 1868.08694701050922, 1995.19143580060836 ] } },
{ "type": "Feature", "properties": { "reach": 460, "gravity_logistic": 86.474058525752781, "gravity_exponential": 212.1201152300373, "knn_logistic": 2.6423759849538553 }, "geometry": { "type": "Point", "coordinates": [ 3798.296046006271808, 2839.024685579955531 ] } },
{ "type": "Feature", "properties": { "reach": 460, "gravity_logistic": 112.71739859270163, "gravity_exponential": 225.75343467667776, "knn_logistic": 2.5314723663010628 }, "geometry": { "type": "Point", "coordinates": [ 4123.383578882338952, 1673.406486994017769 ] } },
{ "type": "Feature", "properties": { "reach": 356, "gravity_logistic": 95.339538837396262, "gravity_exponential": 177.92487073146077, "knn_logistic": 2.8500504482362548 }, "geometry": { "type": "Point", "coordinates": [ 4012.728375215542201, 3892.27188826832662 ] } },
{ "type": "Feature", "properties": { "reach": 468, "gravity_logistic": 89.871034360533741, "gravity_exponential": 218.65817480655627, "knn_logistic": 2.6972412787584066 }, "geometry": { "type": "Point", "coordinates": [ 2036.061744639659764, 2099.894015895162738 ] } },
{ "type": "Feature", "properties": { "reach": 386, "gravity_logistic": 94.837320588591453, "gravity_exponential": 191.48889103296327, "knn_logistic": 3.5728194551879486 }, "geometry": { "type": "Point", "coordinates": [ 4135.997457498263429, 3685.043795274160857 ] } },
{ "type": "Feature", "properties": { "reach": 280, "gravity_logistic": 80.660170448230929, "gravity_exponential": 144.53401176641916, "knn_logistic": 3.8009494266227635 }, "geometry": { "type": "Point", "coordinates": [ 4388.725604444734017, 331.674012635329802 ] } },
{ "type": "Feature", "properties": { "reach": 271, "gravity_logistic": 48.574042579433929, "gravity_exponential": 124.69640893788281, "knn_logistic": 2.556629839575808 }, "geometry": { "type": "Point", "coordinates": [ 1080.377973459542773, 109.264739718756516 ] } },
{ "type": "Feature", "properties": { "reach": 477, "gravity_logistic": 91.547175291000627, "gravity_exponential": 221.69977078927431, "knn_logistic": 2.5463653546486862 }, "geometry": { "type": "Point", "coordinates": [ 3631.448178675736017, 1238.126964526523807 ] } },
{ "type": "Feature", "properties": { "reach": 464, "gravity_logistic": 95.772333072418803, "gravity_exponential": 218.63985261089056, "knn_logistic": 3.4617821954687695 }, "geometry": { "type": "Point", "coordinates": [ 3357.433575188747, 1672.586915049361323 ] } },
{ "type": "Feature", "properties": { "reach": 440, "gravity_logistic": 109.84459471314972, "gravity_exponential": 217.07726974952593, "knn_logistic": 1.9035845083731149 }, "geometry": { "type": "Point", "coordinates": [ 4298.006406494188013, 1373.409314675348696 ] } },
{ "type": "Feature", "properties": { "reach": 435, "gravity_logistic": 87.948727213173314, "gravity_exponential": 206.38794173888635, "knn_logistic": 2.8013748805188277 }, "geometry": { "type": "Point", "coordinates": [ 3466.711646577795818, 3548.499559614022019 ] } },
{ "type": "Feature", "properties": { "reach": 460, "gravity_logistic": 94.440668365973181, "gravity_exponential": 217.62007244571353, "knn_logistic": 3.9504832122579936 }, "geometry": { "type": "Point", "coordinates": [ 3466.45650729982799, 1734.704600387790606 ] } },
{ "type": "Feature", "properties": { "reach": 344, "gravity_logistic": 88.029932028788224, "gravity_exponential": 172.00000482848046, "knn_logistic": 2.6634059342306844 }, "geometry": { "type": "Point", "coordinates": [ 2680.323276130297018, 496.202304666836483 ] } },
{ "type": "Feature", "properties": { "reach": 342, "gravity_logistic": 82.653386140296902, "gravity_exponential": 166.59653348947165, "knn_logistic": 3.6844926664195703 }, "geometry": { "type": "Point", "coordinates": [ 4677.454329512677759, 1785.274694313508689 ] } },
{ "type": "Feature", "properties": { "reach": 364, "gravity_logistic": 89.64678110515672, "gravity_exponential": 177.56689659833, "knn_logistic": 3.1702505960716176 }, "geometry": { "type": "Point", "coordinates": [ 328.516968277489866, 2134.692584012658244 ] } },
{ "type": "Feature", "properties": { "reach": 432, "gravity_logistic": 84.817015314193185, "gravity_exponential": 202.66726248362082, "knn_logistic": 1.9765958248856967 }, "geometry": { "type": "Point", "coordinates": [ 2676.680833154941411, 1962.123160420284648 ] } },
{ "type": "Feature", "properties": { "reach": 403, "gravity_logistic": 78.059864311275646, "gravity_exponential": 189.16380428778365, "knn_logistic": 4.3792469638462501 }, "geometry": { "type": "Point", "coordinates": [ 2363.208744222155474, 676.280574717312447 ] } },
{ "type": "Feature", "properties": { "reach": 347, "gravity_logistic": 88.895908655646608, "gravity_exponential": 172.6271267285708, "knn_logistic": 3.2673518736076819 }, "geometry": { "type": "Point", "coordinates": [ 4643.726386858478691, 1538.484685212578597 ] } },
{ "type": "Feature", "properties": { "reach": 351, "gravity_logistic": 75.830960463799798, "gravity_exponential": 168.49539021306018, "knn_logistic": 3.9984825618919304 }, "geometry": { "type": "Point", "coordinates": [ 1152.812019889756357, 3760.018629805641922 ] } },
{ "type": "Feature", "properties": { "reach": 428, "gravity_logistic": 82.046011721213233, "gravity_exponential": 198.68467672383292, "knn_logistic": 3.7367864604636445 }, "geometry": { "type": "Point", "coordinates": [ 1728.185903386445261, 883.543058772801942 ] } },
{ "type": "Feature", "properties": { "reach": 443, "gravity_logistic": 85.629332792284472, "gravity_exponential": 206.46418226138385, "knn_logistic": 3.4066143920881351 }, "geometry": { "type": "Point", "coordinates": [ 2838.588010007472803, 1207.684115335330262 ] } },
{ "type": "Feature", "properties": { "reach": 264, "gravity_logistic": 75.287261229241537, "gravity_exponential": 133.1370136595456, "knn_logistic": 2.9503131920976324 }, "geometry": { "type": "Point", "coordinates": [ 106.972462162530917, 669.9388049228113 ] } },
{ "type": "Feature", "properties": { "reach": 445, "gravity_logistic": 101.9426134495413, "gravity_exponential": 215.18605979144269, "knn_logistic": 2.0174339554217826 }, "geometry": { "type": "Point", "coordinates": [ 521.567913776170258, 1708.114236673190817 ] } },
{ "type": "Feature", "properties": { "reach": 457, "gravity_logistic": 90.788504515825721, "gravity_exponential": 214.45352613099502, "knn_logistic": 1.4902078201912061 }, "geometry": { "type": "Point", "coordinates": [ 1677.945754190121534, 3247.662977701117597 ] } },
{ "type": "Feature", "properties": { "reach": 239, "gravity_logistic": 57.12786139506305, "gravity_exponential": 117.76332454981566, "knn_logistic": 2.7352551347196954 }, "geometry": { "type": "Point", "coordinates": [ 4883.355748556752587, 3682.385990320425663 ] } },
{ "type": "Feature", "properties": { "reach": 446, "gravity_logistic": 90.458732762082903, "gravity_exponential": 209.05633421839843, "knn_logistic": 2.671026555660474 }, "geometry": { "type": "Point", "coordinates": [ 3791.621872584659741, 3310.274431527637716 ] } },
{ "type": "Feature", "properties": { "reach": 444, "gravity_logistic": 90.121737806487644, "gravity_exponential": 207.97949200654901, "knn_logistic": 2.8157040711256105 }, "geometry": { "type": "Point", "coordinates": [ 2547.585203777772676, 1763.090630106881008 ] } },
{ "type": "Feature", "properties": { "reach": 421, "gravity_logistic": 92.391418085432591, "gravity_exponential": 203.00074543387009, "knn_logistic": 3.9883977812118081 }, "geometry": { "type": "Point", "coordinates": [ 443.976350763452729, 1548.046304634372973 ] } },
{ "type": "Feature", "properties": { "reach": 180, "gravity_logistic": 49.923499912562448, "gravity_exponential": 90.910651631176179, "knn_logistic": 2.3830523080643418 }, "geometry": { "type": "Point", "coordinates": [ 4994.685869557534716, 442.640535474338492 ] } },
{ "type": "Feature", "properties": { "reach": 444, "gravity_logistic": 87.865495952633395, "gravity_exponential": 207.58072668646747, "knn_logistic": 3.1575820903216019 }, "geometry": { "type": "Point", "coordinates": [ 2251.225771685891232, 1787.305531042327857 ] } },
{ "type": "Feature", "properties": { "reach": 315, "gravity_logistic": 81.182293368905889, "gravity_exponential": 157.21376958990504, "knn_logistic": 4.538849929467581 }, "geometry": { "type": "Point", "coordinates": [ 4468.359601788856708, 3849.245397286358639 ] } },
{ "type": "Feature", "properties": { "reach": 287, "gravity_logistic": 71.180096264183533, "gravity_exponential": 140.57678608604641, "knn_logistic": 2.4730430194254445 }, "geometry": { "type": "Point", "coordinates": [ 2048.652462887799629, 219.795368310759613 ] } },
{ "type": "Feature", "properties": { "reach": 232, "gravity_logistic": 37.573325295885354, "gravity_exponential": 104.7662236035937, "knn_logistic": 3.2730814936340513 }, "geometry": { "type": "Point", "coordinates": [ 4992.520065897580025, 1983.743967459927489 ] } },
{ "type": "Feature", "properties": { "reach": 227, "gravity_logistic": 53.96144296189631, "gravity_exponential": 109.65795111351295, "knn_logistic": 1.9984956328249504 }, "geometry": { "type": "Point", "coordinates": [ 1947.347581581882878, 53.644448240510442 ] } },
{ "type": "Feature", "properties": { "reach": 339, "gravity_logistic": 82.70951564799455, "gravity_exponential": 166.90616608902153, "knn_logistic": 1.9614950646775344 }, "geometry": { "type": "Point", "coordinates": [ 740.3432006546509, 382.477127494207537 ] } },
{ "type": "Feature", "properties": { "reach": 445, "gravity_logistic": 89.587932991120937, "gravity_exponential": 208.93893408122207, "knn_logistic": 3.0786383298156017 }, "geometry": { "type": "Point", "coordinates": [ 3290.262538041215066, 3132.524859285718776 ] } },
{ "type": "Feature", "properties": { "reach": 477, "gravity_logistic": 97.45691853568924, "gravity_exponential": 225.17854951940168, "knn_logistic": 3.2501162200273312 }, "geometry": { "type": "Point", "coordinates": [ 2146.92429552091744, 3288.742164872694957 ] } },
{ "type": "Feature", "properties": { "reach": 445, "gravity_logistic": 109.56189260584725, "gravity_exponential": 217.39475950114715, "knn_logistic": 2.4888024381784088 }, "geometry": { "type": "Point", "coordinates": [ 4305.812388387216743, 1485.922323493828344 ] } },
{ "type": "Feature", "properties": { "reach": 434, "gravity_logistic": 106.96719789426969, "gravity_exponential": 214.65350238045903, "knn_logistic": 3.5197615320554441 }, "geometry": { "type": "Point", "coordinates": [ 791.632932676607197, 767.097975918130942 ] } },
{ "type": "Feature", "properties": { "reach": 373, "gravity_logistic": 97.218458751598249, "gravity_exponential": 186.427808000032, "knn_logistic": 4.1643630769203579 }, "geometry": { "type": "Point", "coordinates": [ 4539.590505627505081, 1705.454391449567765 ] } },
{ "type": "Feature", "properties": { "reach": 440, "gravity_logistic": 83.307770748127822, "gravity_exponential": 205.14271047253737, "knn_logistic": 2.0836925764795895 }, "geometry": { "type": "Point", "coordinates": [ 2760.407651549989623, 1324.171337415908283 ] } },
{ "type": "Feature", "properties": { "reach": 291, "gravity_logistic": 57.105588168594323, "gravity_exponential": 134.8846546354653, "knn_logistic": 4.5358602727088932 }, "geometry": { "type": "Point", "coordinates": [ 56.729266348010263, 1229.920476890584268 ] } },
{ "type": "Feature", "properties": { "reach": 425, "gravity_logistic": 81.385685107571277, "gravity_exponential": 197.01851928141906, "knn_logistic": 3.6482555998108408 }, "geometry": { "type": "Point", "coordinates": [ 1997.400675459342665, 1376.182731396708959 ] } },
{ "type": "Feature", "properties": { "reach": 480, "gravity_logistic": 89.396953703793486, "gravity_exponential": 220.59135558093058, "knn_logistic": 3.8484931230223016 }, "geometry": { "type": "Point", "coordinates": [ 2943.18921021806409, 3245.492080010671998 ] } },
{ "type": "Feature", "properties": { "reach": 469, "gravity_logistic": 87.48318220013546, "gravity_exponential": 218.72062097964942, "knn_logistic": 3.4877563652142394 }, "geometry": { "type": "Point", "coordinates": [ 2343.115955745414794, 3026.070792031515339 ] } },
{ "type": "Feature", "properties": { "reach": 350, "gravity_logistic": 75.656062744015017, "gravity_exponential": 167.28854812807262, "knn_logistic": 3.0388377450088488 }, "geometry": { "type": "Point", "coordinates": [ 4549.401588424338115, 2476.337892199829184 ] } },
{ "type": "Feature", "properties": { "reach": 411, "gravity_logistic": 75.813703915507702, "gravity_exponential": 192.59868275090292, "knn_logistic": 3.1492009886255934 }, "geometry": { "type": "Point", "coordinates": [ 2144.741156828514704, 782.732824047748295 ] } },
{ "type": "Feature", "properties": { "reach": 453, "gravity_logistic": 84.508623662451257, "gravity_exponential": 208.98791169298499, "knn_logistic": 2.5309444468610369 }, "geometry": { "type": "Point", "coordinates": [ 3860.336966409358411, 2251.570553368630499 ] } },
{ "type": "Feature", "properties": { "reach": 438, "gravity_logistic": 91.480565636666157, "gravity_exponential": 207.42130020770117, "knn_logistic": 3.1041457399903059 }, "geometry": { "type": "Point", "coordinates": [ 2968.464199336144247, 973.182741196345432 ] } },
{ "type": "Feature", "properties": { "reach": 479, "gravity_logistic": 108.72401497340734, "gravity_exponential": 230.66914755578918, "knn_logistic": 4.329284345821959 }, "geometry": { "type": "Point", "coordinates": [ 960.723966497724405, 934.713278112229204 ] } },
{ "type": "Feature", "properties": { "reach": 504, "gravity_logistic": 117.44892375309642, "gravity_exponential": 245.55892346215185, "knn_logistic": 4.1092897641987083 }, "geometry": { "type": "Point", "coordinates": [ 993.030926164873449, 2219.634403894960542 ] } },
{ "type": "Feature", "properties": { "reach": 347, "gravity_logistic": 82.426748926221279, "gravity_exponential": 168.45783941918188, "knn_logistic": 3.0483686025617249 }, "geometry": { "type": "Point", "coordinates": [ 3688.59579467168669, 4051.651219916503578 ] } },
{ "type": "Feature", "properties": { "reach": 176, "gravity_logistic": 34.474207433029648, "gravity_exponential": 81.941563252334291, "knn_logistic": 2.7524641809196675 }, "geometry": { "type": "Point", "coordinates": [ 4861.958210465338198, 4236.735609428974385 ] } },
{ "type": "Feature", "properties": { "reach": 306, "gravity_logistic": 64.974947781456692, "gravity_exponential": 145.44945653431711, "knn_logistic": 3.5761251000731256 }, "geometry": { "type": "Point", "coordinates": [ 1706.111152839651822, 4106.642832827403254 ] } },
{ "type": "Feature", "properties": { "reach": 496, "gravity_logistic": 97.89721073741768, "gravity_exponential": 232.63652423271708, "knn_logistic": 4.0768907736409563 }, "geometry": { "type": "Point", "coordinates": [ 1304.28724650429649, 2623.078492611356069 ] } },
{ "type": "Feature", "properties": { "reach": 283, "gravity_logistic": 74.654140746799101, "gravity_exponential": 141.20788791527087, "knn_logistic": 3.3503355715943757 }, "geometry": { "type": "Point", "coordinates": [ 4785.693919166383239, 740.705818498278745 ] } },
{ "type": "Feature", "properties": { "reach": 330, "gravity_logistic": 88.204237912146013, "gravity_exponential": 165.08955207868357, "knn_logistic": 2.6742849448246377 }, "geometry": { "type": "Point", "coordinates": [ 4151.398673111286371, 386.919163115277627 ] } },
{ "type": "Feature", "properties": { "reach": 278, "gravity_logistic": 62.688027743779955, "gravity_exponential": 134.59974084626884, "knn_logistic": 2.2061779524516028 }, "geometry": { "type": "Point", "coordinates": [ 2229.873357878726893, 4236.007150989036745 ] } },
{ "type": "Feature", "properties": { "reach": 339, "gravity_logistic": 76.409374469691045, "gravity_exponential": 162.61404001894354, "knn_logistic": 3.1649506722263006 }, "geometry": { "type": "Point", "coordinates": [ 3345.502181493037824, 4073.133749373873798 ] } },
{ "type": "Feature", "properties": { "reach": 212, "gravity_logistic": 49.066175562280577, "gravity_exponential": 103.87225964619732, "knn_logistic": 4.4923096895856363 }, "geometry": { "type": "Point", "coordinates": [ 4751.352692428731643, 4092.838843707390424 ] } },
{ "type": "Feature", "properties": { "reach": 396, "gravity_logistic": 81.42129477071002, "gravity_exponential": 187.06031425320788, "knn_logistic": 3.5315030871148498 }, "geometry": { "type": "Point", "coordinates": [ 1731.662265593554139, 717.529677075836275 ] } },
{ "type": "Feature", "properties": { "reach": 456, "gravity_logistic": 87.73234196705468, "gravity_exponential": 211.46307981941379, "knn_logistic": 2.4755626205040211 }, "geometry": { "type": "Point", "coordinates": [ 3332.133892437621398, 936.752846017600632 ] } },
{ "type": "Feature", "properties": { "reach": 241, "gravity_logistic": 46.423778020520309, "gravity_exponential": 112.48438868059432, "knn_logistic": 2.1396153337723383 }, "geometry": { "type": "Point", "coordinates": [ 2173.767594844523046, 4344.369658543449077 ] } },
{ "type": "Feature", "properties": { "reach": 454, "gravity_logistic": 102.72929922788205, "gravity_exponential": 219.26600912381886, "knn_logistic": 4.2043767738918296 }, "geometry": { "type": "Point", "coordinates": [ 1026.354202584099085, 822.264563830663747 ] } },
{ "type": "Feature", "properties": { "reach": 425, "gravity_logistic": 87.826990748913857, "gravity_exponential": 201.83200190954312, "knn_logistic": 4.0747592698084913 }, "geometry": { "type": "Point", "coordinates": [ 4231.175008947720016, 2173.250088432499069 ] } },
{ "type": "Feature", "properties": { "reach": 254, "gravity_logistic": 65.9210964028088, "gravity_exponential": 126.76201917657271, "knn_logistic": 3.1184593532832978 }, "geometry": { "type": "Point", "coordinates": [ 4807.622249860220109, 2694.169619548305036 ] } },
{ "type": "Feature", "properties": { "reach": 202, "gravity_logistic": 54.297246198336502, "gravity_exponential": 100.57790757551255, "knn_logistic": 2.5913610430015823 }, "geometry": { "type": "Point", "coordinates": [ 218.926378276140156, 150.18377930525341 ] } },
{ "type": "Feature", "properties": { "reach": 202, "gravity_logistic": 51.66873376805389, "gravity_exponential": 100.85735100962432, "knn_logistic": 2.8791612553483112 }, "geometry": { "type": "Point", "coordinates": [ 4998.060904941565241, 2912.000111716096853 ] } },
{ "type": "Feature", "properties": { "reach": 447, "gravity_logistic": 106.45486522311327, "gravity_exponential": 218.75253927712913, "knn_logistic": 3.3540312402074366 }, "geometry": { "type": "Point", "coordinates": [ 622.165607155704606, 1044.143325119996916 ] } },
{ "type": "Feature", "properties": { "reach": 349, "gravity_logistic": 71.712591715101581, "gravity_exponential": 164.83295117983764, "knn_logistic": 3.4104668391368524 }, "geometry": { "type": "Point", "coordinates": [ 313.396321793147933, 2749.084046766849951 ] } },
{ "type": "Feature", "properties": { "reach": 469, "gravity_logistic": 103.05501840166177, "gravity_exponential": 224.49141282043286, "knn_logistic": 4.3724026510684801 }, "geometry": { "type": "Point", "coordinates": [ 4057.919095129000652, 1101.377144377249579 ] } },
{ "type": "Feature", "properties": { "reach": 467, "gravity_logistic": 88.828992777655188, "gravity_exponential": 216.92487028592473, "knn_logistic": 3.2655498402369409 }, "geometry": { "type": "Point", "coordinates": [ 3392.830013217032956, 991.367885884775319 ] } },
{ "type": "Feature", "properties": { "reach": 376, "gravity_logistic": 83.25206832815411, "gravity_exponential": 183.47471295241337, "knn_logistic": 3.1591423869014452 }, "geometry": { "type": "Point", "coordinates": [ 4546.815615966217592, 1082.831698580538159 ] } },
{ "type": "Feature", "properties": { "reach": 478, "gravity_logistic": 86.306295799374979, "gravity_exponential": 221.53129464522434, "knn_logistic": 2.6451506274574741 }, "geometry": { "type": "Point", "coordinates": [ 2529.77332658364594, 3158.893051412589102 ] } },
{ "type": "Feature", "properties": { "reach": 466, "gravity_logistic": 94.696208317125638, "gravity_exponential": 219.66448844591787, "knn_logistic": 3.8518416702051739 }, "geometry": { "type": "Point", "coordinates": [ 3550.488486300749173, 1818.135374363512256 ] } },
{ "type": "Feature", "properties": { "reach": 460, "gravity_logistic": 89.502026735745645, "gravity_exponential": 214.18966041612035, "knn_logistic": 3.6875574402328506 }, "geometry": { "type": "Point", "coordinates": [ 3078.910643836136387, 1802.10424257242471 ] } },
{ "type": "Feature", "properties": { "reach": 403, "gravity_logistic": 82.755247826628164, "gravity_exponential": 189.146240343042, "knn_logistic": 1.942691268346334 }, "geometry": { "type": "Point", "coordinates": [ 4398.783244095416194, 2505.456376564394759 ] } },
{ "type": "Feature", "properties": { "reach": 470, "gravity_logistic": 82.852316803691934, "gravity_exponential": 215.60986234944821, "knn_logistic": 1.7752972599003254 }, "geometry": { "type": "Point", "coordinates": [ 1552.054806540812478, 1275.238108268404631 ] } },
{ "type": "Feature", "properties": { "reach": 445, "gravity_logistic": 114.79473932067265, "gravity_exponential": 221.12337410299386, "knn_logistic": 3.331302813056217 }, "geometry": { "type": "Point", "coordinates": [ 4271.138983313955578, 1595.469277554955625 ] } },
{ "type": "Feature", "properties": { "reach": 442, "gravity_logistic": 90.399865925715062, "gravity_exponential": 207.42281764562406, "knn_logistic": 2.6240365087080173 }, "geometry": { "type": "Point", "coordinates": [ 3133.707196504872172, 1007.869560960551098 ] } },
{ "type": "Feature", "properties": { "reach": 429, "gravity_logistic": 78.324434607322274, "gravity_exponential": 199.35641555147521, "knn_logistic": 3.1744952260999164 }, "geometry": { "type": "Point", "coordinates": [ 4124.870081603819926, 2463.6943741496043 ] } },
{ "type": "Feature", "properties": { "reach": 298, "gravity_logistic": 82.605887757818735, "gravity_exponential": 150.44654548216317, "knn_logistic": 3.0996925348489013 }, "geometry": { "type": "Point", "coordinates": [ 365.082978644207572, 3464.400973169395002 ] } },
{ "type": "Feature", "properties": { "reach": 177, "gravity_logistic": 46.379296278022025, "gravity_exponential": 88.547844030031371, "knn_logistic": 4.5539251747173584 }, "geometry": { "type": "Point", "coordinates": [ 473.929152575071782, 4291.879749333270411 ] } },
{ "type": "Feature", "properties": { "reach": 237, "gravity_logistic": 56.070416585688122, "gravity_exponential": 115.52138021934627, "knn_logistic": 3.7689171534866359 }, "geometry": { "type": "Point", "coordinates": [ 4289.512410189016919, 79.833787899818233 ] } },
{ "type": "Feature", "properties": { "reach": 458, "gravity_logistic": 88.049695564664631, "gravity_exponential": 211.79220107776067, "knn_logistic": 2.6588591926262546 }, "geometry": { "type": "Point", "coordinates": [ 2408.328714848920754, 2036.327426982122915 ] } },
{ "type": "Feature", "properties": { "reach": 285, "gravity_logistic": 42.616919866705814, "gravity_exponential": 126.91735467963835, "knn_logistic": 4.1194861434789036 }, "geometry": { "type": "Point", "coordinates": [ 45.59022510071059, 1538.681574802745217 ] } },
{ "type": "Feature", "properties": { "reach": 329, "gravity_logistic": 77.373495044207957, "gravity_exponential": 160.13224020901683, "knn_logistic": 4.3955932652602305 }, "geometry": { "type": "Point", "coordinates": [ 4758.946702097735397, 1536.842927056142344 ] } },
{ "type": "Feature", "properties": { "reach": 459, "gravity_logistic": 105.32922428514402, "gravity_exponential": 222.6688716398418, "knn_logistic": 2.3537606153488158 }, "geometry": { "type": "Point", "coordinates": [ 3937.08544620297198, 1432.8888288295866 ] } },
{ "type": "Feature", "properties": { "reach": 408, "gravity_logistic": 81.427318922767228, "gravity_exponential": 190.50626491271473, "knn_logistic": 3.1937154953394731 }, "geometry": { "type": "Point", "coordinates": [ 1317.70599019849351, 3548.171267426442228 ] } },
{ "type": "Feature", "properties": { "reach": 227, "gravity_logistic": 36.930385269347433, "gravity_exponential": 102.01439805346703, "knn_logistic": 3.0386446472367683 }, "geometry": { "type": "Point", "coordinates": [ 5002.847220973147159, 1952.148400010656133 ] } },
{ "type": "Feature", "properties": { "reach": 490, "gravity_logistic": 91.778550180786894, "gravity_exponential": 226.47562221730507, "knn_logistic": 2.9878483683737387 }, "geometry": { "type": "Point", "coordinates": [ 2214.264697612062264, 3023.329444243869602 ] } },
{ "type": "Feature", "properties": { "reach": 269, "gravity_logistic": 52.058868551861323, "gravity_exponential": 124.44535090233498, "knn_logistic": 4.3762978093041243 }, "geometry": { "type": "Point", "coordinates": [ 18.529963347278741, 1206.793344977626475 ] } },
{ "type": "Feature", "properties": { "reach": 453, "gravity_logistic": 87.238188016638858, "gravity_exponential": 209.84423508413826, "knn_logistic": 3.4802577206489027 }, "geometry": { "type": "Point", "coordinates": [ 2113.193533599731836, 1761.690266048356762 ] } },
{ "type": "Feature", "properties": { "reach": 472, "gravity_logistic": 97.060301334365732, "gravity_exponential": 225.51499829193986, "knn_logistic": 2.4052622189364028 }, "geometry": { "type": "Point", "coordinates": [ 3825.789279211139728, 1648.642135304797193 ] } },
{ "type": "Feature", "properties": { "reach": 519, "gravity_logistic": 106.64004823498132, "gravity_exponential": 242.97271394057336, "knn_logistic": 3.3984857140583156 }, "geometry": { "type": "Point", "coordinates": [ 954.728404477634172, 1484.463772915006075 ] } },
{ "type": "Feature", "properties": { "reach": 495, "gravity_logistic": 91.774311823871571, "gravity_exponential": 229.55657508770295, "knn_logistic": 3.8350389776206617 }, "geometry": { "type": "Point", "coordinates": [ 2361.304398108283749, 3277.175792839512724 ] } },
{ "type": "Feature", "properties": { "reach": 362, "gravity_logistic": 79.068762213474344, "gravity_exponential": 173.71031657815973, "knn_logistic": 2.8628283723635977 }, "geometry": { "type": "Point", "coordinates": [ 4487.84195134332731, 3523.037093672187439 ] } },
{ "type": "Feature", "properties": { "reach": 471, "gravity_logistic": 97.052355801236772, "gravity_exponential": 223.22765926191246, "knn_logistic": 3.5374949230779325 }, "geometry": { "type": "Point", "coordinates": [ 1876.012641383062373, 2966.66604953191154 ] } },
{ "type": "Feature", "properties": { "reach": 392, "gravity_logistic": 82.511591166651144, "gravity_exponential": 184.14531501503458, "knn_logistic": 3.1486347415703975 }, "geometry": { "type": "Point", "coordinates": [ 4457.129006548188954, 2546.734351132446591 ] } },
{ "type": "Feature", "properties": { "reach": 272, "gravity_logistic": 50.997644054821727, "gravity_exponential": 126.43736456287955, "knn_logistic": 2.8013341520530761 }, "geometry": { "type": "Point", "coordinates": [ 75.354773478842816, 2093.066888690058477 ] } },
{ "type": "Feature", "properties": { "reach": 303, "gravity_logistic": 66.396974185306831, "gravity_exponential": 144.81937975343817, "knn_logistic": 3.1969542680087542 }, "geometry": { "type": "Point", "coordinates": [ 2914.079795207027018, 4209.395635451137423 ] } },
{ "type": "Feature", "properties": { "reach": 311, "gravity_logistic": 76.908947246044221, "gravity_exponential": 152.98150586664249, "knn_logistic": 3.6477626584746066 }, "geometry": { "type": "Point", "coordinates": [ 2394.749637046250427, 305.655052826169083 ] } },
{ "type": "Feature", "properties": { "reach": 449, "gravity_logistic": 87.616378128407149, "gravity_exponential": 209.20705976482338, "knn_logistic": 2.4615684409083021 }, "geometry": { "type": "Point", "coordinates": [ 2968.543946274780865, 1413.388557158723188 ] } },
{ "type": "Feature", "properties": { "reach": 468, "gravity_logistic": 109.29523979371412, "gravity_exponential": 226.46142993403299, "knn_logistic": 3.2730787328658257 }, "geometry": { "type": "Point", "coordinates": [ 680.347664747598856, 1538.912791255807406 ] } },
{ "type": "Feature", "properties": { "reach": 268, "gravity_logistic": 47.889819978676705, "gravity_exponential": 123.89875041825155, "knn_logistic": 2.8875090056823334 }, "geometry": { "type": "Point", "coordinates": [ 4970.267688468255074, 1432.229409449540981 ] } },
{ "type": "Feature", "properties": { "reach": 502, "gravity_logistic": 99.512039267739681, "gravity_exponential": 234.36288525061894, "knn_logistic": 2.0486859996770983 }, "geometry": { "type": "Point", "coordinates": [ 1705.634949384959555, 2736.505734800480695 ] } },
{ "type": "Feature", "properties": { "reach": 459, "gravity_logistic": 92.564084681219043, "gravity_exponential": 215.37251516016957, "knn_logistic": 3.2798567365727496 }, "geometry": { "type": "Point", "coordinates": [ 3672.188950037254017, 2146.965406572445772 ] } },
{ "type": "Feature", "properties": { "reach": 518, "gravity_logistic": 109.13661244776092, "gravity_exponential": 245.4008605274102, "knn_logistic": 1.4141303256843558 }, "geometry": { "type": "Point", "coordinates": [ 1096.649545270931412, 2390.40742062074969 ] } },
{ "type": "Feature", "properties": { "reach": 352, "gravity_logistic": 82.99345131823631, "gravity_exponential": 170.00217234005359, "knn_logistic": 1.7956727226194746 }, "geometry": { "type": "Point", "coordinates": [ 2119.397881150400735, 436.935931356623541 ] } },
{ "type": "Feature", "properties": { "reach": 468, "gravity_logistic": 87.793829100913996, "gravity_exponential": 218.31710357825307, "knn_logistic": 1.8623766435142675 }, "geometry": { "type": "Point", "coordinates": [ 1611.335485450999158, 3096.462562097443879 ] } },
{ "type": "Feature", "properties": { "reach": 470, "gravity_logistic": 95.418704610818281, "gravity_exponential": 220.46375670766574, "knn_logistic": 3.1739935524351037 }, "geometry": { "type": "Point", "coordinates": [ 1816.249002867536319, 3097.447332309171088 ] } },
{ "type": "Feature", "properties": { "reach": 451, "gravity_logistic": 84.232917450278251, "gravity_exponential": 207.73796593844597, "knn_logistic": 1.6145656539514119 }, "geometry": { "type": "Point", "coordinates": [ 3906.356117010144771, 2847.119860334973964 ] } },
{ "type": "Feature", "properties": { "reach": 461, "gravity_logistic": 89.990618707450864, "gravity_exponential": 213.77387067096274, "knn_logistic": 2.7282910958724287 }, "geometry": { "type": "Point", "coordinates": [ 3630.047170543567518, 2607.911506975585326 ] } },
{ "type": "Feature", "properties": { "reach": 445, "gravity_logistic": 84.095610002948959, "gravity_exponential": 208.01705880272792, "knn_logistic": 4.2905737797322523 }, "geometry": { "type": "Point", "coordinates": [ 2915.35193647164806, 2513.3907098827749 ] } },
{ "type": "Feature", "properties": { "reach": 470, "gravity_logistic": 94.739974035250512, "gravity_exponential": 221.39222451515988, "knn_logistic": 3.153414745322435 }, "geometry": { "type": "Point", "coordinates": [ 1981.287080547780988, 2400.66625495306198 ] } },
{ "type": "Feature", "properties": { "reach": 404, "gravity_logistic": 88.77051844916852, "gravity_exponential": 193.15561797517651, "knn_logistic": 2.9458354165180065 }, "geometry": { "type": "Point", "coordinates": [ 1651.544682658906595, 3691.675209142750191 ] } },
{ "type": "Feature", "properties": { "reach": 352, "gravity_logistic": 81.105386731506471, "gravity_exponential": 170.77012715402594, "knn_logistic": 4.3860162664218567 }, "geometry": { "type": "Point", "coordinates": [ 1845.712620150376097, 3962.414101073020447 ] } },
{ "type": "Feature", "properties": { "reach": 287, "gravity_logistic": 76.478014669478569, "gravity_exponential": 144.76490240082518, "knn_logistic": 4.4278764788402425 }, "geometry": { "type": "Point", "coordinates": [ 3972.992740303772734, 4180.273751076611006 ] } },
{ "type": "Feature", "properties": { "reach": 338, "gravity_logistic": 72.597548765324433, "gravity_exponential": 161.73584026612866, "knn_logistic": 2.9139203364056403 }, "geometry": { "type": "Point", "coordinates": [ 880.724129402561971, 313.507330766746861 ] } },
{ "type": "Feature", "properties": { "reach": 248, "gravity_logistic": 47.697025048948717, "gravity_exponential": 115.10752593080694, "knn_logistic": 2.8235266716005638 }, "geometry": { "type": "Point", "coordinates": [ 5002.633880320428943, 1021.356867617199441 ] } },
{ "type": "Feature", "properties": { "reach": 389, "gravity_logistic": 80.228127787949845, "gravity_exponential": 183.9699629617437, "knn_logistic": 1.6306383417473713 }, "geometry": { "type": "Point", "coordinates": [ 1268.297743946335459, 3653.886441591635048 ] } },
{ "type": "Feature", "properties": { "reach": 438, "gravity_logistic": 93.018088275141821, "gravity_exponential": 207.35739487098905, "knn_logistic": 1.9307126162588464 }, "geometry": { "type": "Point", "coordinates": [ 3409.557450987042102, 2999.307135540719173 ] } },
{ "type": "Feature", "properties": { "reach": 448, "gravity_logistic": 78.942675283453923, "gravity_exponential": 205.71820876344037, "knn_logistic": 2.4766176552640018 }, "geometry": { "type": "Point", "coordinates": [ 4014.849511284996424, 2383.136935299915876 ] } },
{ "type": "Feature", "properties": { "reach": 456, "gravity_logistic": 88.822689279775034, "gravity_exponential": 212.68270119144995, "knn_logistic": 2.4259472738079033 }, "geometry": { "type": "Point", "coordinates": [ 2145.040561849832557, 1892.256746178373078 ] } },
{ "type": "Feature", "properties": { "reach": 323, "gravity_logistic": 83.860526229984686, "gravity_exponential": 160.62488714261059, "knn_logistic": 2.0167886679900375 }, "geometry": { "type": "Point", "coordinates": [ 2749.549251812495186, 356.077516689331731 ] } },
{ "type": "Feature", "properties": { "reach": 516, "gravity_logistic": 94.565772188486648, "gravity_exponential": 238.00234464217363, "knn_logistic": 3.4841984612939894 }, "geometry": { "type": "Point", "coordinates": [ 1178.44962919651698, 1651.395093390650118 ] } },
{ "type": "Feature", "properties": { "reach": 466, "gravity_logistic": 84.787492697117401, "gravity_exponential": 213.60915874200865, "knn_logistic": 2.0330250350625079 }, "geometry": { "type": "Point", "coordinates": [ 3984.085259865181342, 3079.173714964390456 ] } },
{ "type": "Feature", "properties": { "reach": 176, "gravity_logistic": 44.232070843799718, "gravity_exponential": 86.469178722628712, "knn_logistic": 3.098987615414166 }, "geometry": { "type": "Point", "coordinates": [ 128.633957158307084, 106.321257993293628 ] } },
{ "type": "Feature", "properties": { "reach": 443, "gravity_logistic": 81.912102381541473, "gravity_exponential": 206.09872208819263, "knn_logistic": 1.3684806335618935 }, "geometry": { "type": "Point", "coordinates": [ 1432.185332201701158, 3267.58542292874472 ] } },
{ "type": "Feature", "properties": { "reach": 320, "gravity_logistic": 74.743887770530932, "gravity_exponential": 155.99901906375149, "knn_logistic": 3.0808677748382971 }, "geometry": { "type": "Point", "coordinates": [ 1552.11259063785883, 384.46176634704409 ] } },
{ "type": "Feature", "properties": { "reach": 430, "gravity_logistic": 94.961668294540118, "gravity_exponential": 205.77242897720737, "knn_logistic": 3.801708673773772 }, "geometry": { "type": "Point", "coordinates": [ 1116.827296641047951, 661.061311457429383 ] } },
{ "type": "Feature", "properties": { "reach": 398, "gravity_logistic": 82.831116415702056, "gravity_exponential": 188.70815425810827, "knn_logistic": 2.4391425085496481 }, "geometry": { "type": "Point", "coordinates": [ 1597.831721220769168, 684.586301589177651 ] } },
{ "type": "Feature", "properties": { "reach": 326, "gravity_logistic": 85.196037521017445, "gravity_exponential": 164.09742861986328, "knn_logistic": 2.408000471625189 }, "geometry": { "type": "Point", "coordinates": [ 2681.659293093070119, 431.906436455253868 ] } },
{ "type": "Feature", "properties": { "reach": 326, "gravity_logistic": 83.58260664242934, "gravity_exponential": 161.36065842867316, "knn_logistic": 2.2386808327334777 }, "geometry": { "type": "Point", "coordinates": [ 4593.472758131692899, 660.881522165793399 ] } },
{ "type": "Feature", "properties": { "reach": 468, "gravity_logistic": 92.179710020978064, "gravity_exponential": 219.26577999225233, "knn_logistic": 3.1358285676845306 }, "geometry": { "type": "Point", "coordinates": [ 3941.184495150623661, 880.029144512767516 ] } },
{ "type": "Feature", "properties": { "reach": 322, "gravity_logistic": 77.370222359077445, "gravity_exponential": 157.31082096785508, "knn_logistic": 2.5476107217157771 }, "geometry": { "type": "Point", "coordinates": [ 715.120764905601391, 313.177967696147505 ] } },
{ "type": "Feature", "properties": { "reach": 357, "gravity_logistic": 77.611082546285218, "gravity_exponential": 171.14726371760548, "knn_logistic": 2.7256626749162454 }, "geometry": { "type": "Point", "coordinates": [ 660.326185056513168, 3587.141731797723878 ] } },
{ "type": "Feature", "properties": { "reach": 230, "gravity_logistic": 47.007426502551326, "gravity_exponential": 109.280866307232, "knn_logistic": 1.7711570360152851 }, "geometry": { "type": "Point", "coordinates": [ 2736.141589571642726, 2.075649202458571 ] } },
{ "type": "Feature", "properties": { "reach": 440, "gravity_logistic": 89.558747448659801, "gravity_exponential": 207.21771185759977, "knn_logistic": 2.1997851405430442 }, "geometry": { "type": "Point", "coordinates": [ 3217.90212609170112, 2526.171524910321295 ] } },
{ "type": "Feature", "properties": { "reach": 246, "gravity_logistic": 42.369164040137768, "gravity_exponential": 112.27249341075647, "knn_logistic": 2.5462262319840638 }, "geometry": { "type": "Point", "coordinates": [ 1063.439897968077958, 53.205394925817409 ] } },
{ "type": "Feature", "properties": { "reach": 490, "gravity_logistic": 95.802211751594783, "gravity_exponential": 227.25859094049122, "knn_logistic": 3.446633039007243 }, "geometry": { "type": "Point", "coordinates": [ 1949.668615614857572, 2749.174436853881161 ] } },
{ "type": "Feature", "properties": { "reach": 437, "gravity_logistic": 85.458759369450377, "gravity_exponential": 202.74114965397541, "knn_logistic": 1.7688669684359903 }, "geometry": { "type": "Point", "coordinates": [ 2603.28185540093591, 930.854791581225186 ] } },
{ "type": "Feature", "properties": { "reach": 412, "gravity_logistic": 92.375419939913598, "gravity_exponential": 199.56554310269644, "knn_logistic": 4.5722342338801205 }, "geometry": { "type": "Point", "coordinates": [ 2856.24099581493374, 3670.315233699538112 ] } },
{ "type": "Feature", "properties": { "reach": 297, "gravity_logistic": 72.211987681403102, "gravity_exponential": 145.18589569762946, "knn_logistic": 2.1844382192019554 }, "geometry": { "type": "Point", "coordinates": [ 1768.399465562889191, 278.101577917805969 ] } },
{ "type": "Feature", "properties": { "reach": 474, "gravity_logistic": 91.888656572176885, "gravity_exponential": 221.84565902080001, "knn_logistic": 4.215511970861062 }, "geometry": { "type": "Point", "coordinates": [ 1704.433224048544616, 3031.928892604515568 ] } },
{ "type": "Feature", "properties": { "reach": 278, "gravity_logistic": 64.119612896399587, "gravity_exponential": 134.98119602554647, "knn_logistic": 2.2399701154497271 }, "geometry": { "type": "Point", "coordinates": [ 880.235304009076572, 4041.114211210428493 ] } },
{ "type": "Feature", "properties": { "reach": 458, "gravity_logistic": 110.07622012572583, "gravity_exponential": 224.04877557163371, "knn_logistic": 4.0442991643874686 }, "geometry": { "type": "Point", "coordinates": [ 625.031959837347358, 1890.773751095349553 ] } },
{ "type": "Feature", "properties": { "reach": 285, "gravity_logistic": 80.019231449607545, "gravity_exponential": 143.37484222450831, "knn_logistic": 1.21654513260587 }, "geometry": { "type": "Point", "coordinates": [ 149.455037797855312, 718.107510377685685 ] } },
{ "type": "Feature", "properties": { "reach": 420, "gravity_logistic": 93.469549381560881, "gravity_exponential": 203.01690328572471, "knn_logistic": 4.0303928896439896 }, "geometry": { "type": "Point", "coordinates": [ 2697.037496808745345, 3701.085596370812709 ] } },
{ "type": "Feature", "properties": { "reach": 458, "gravity_logistic": 83.560934999218702, "gravity_exponential": 210.17068965108493, "knn_logistic": 2.319717366730587 }, "geometry": { "type": "Point", "coordinates": [ 3903.679857344086031, 3053.879448869442058 ] } },
{ "type": "Feature", "properties": { "reach": 462, "gravity_logistic": 86.750493102955332, "gravity_exponential": 213.17760890655225, "knn_logistic": 3.0246757583135953 }, "geometry": { "type": "Point", "coordinates": [ 2746.479052496465101, 2493.377986104633692 ] } },
{ "type": "Feature", "properties": { "reach": 447, "gravity_logistic": 81.400213588664116, "gravity_exponential": 203.90439800434115, "knn_logistic": 3.4827745225495423 }, "geometry": { "type": "Point", "coordinates": [ 1937.352935772985802, 1157.465978949333021 ] } },
{ "type": "Feature", "properties": { "reach": 400, "gravity_logistic": 89.315089942438178, "gravity_exponential": 193.41863269426813, "knn_logistic": 4.6121558645778586 }, "geometry": { "type": "Point", "coordinates": [ 372.647271986091653, 1706.996508762196981 ] } },
{ "type": "Feature", "properties": { "reach": 490, "gravity_logistic": 96.255812718930841, "gravity_exponential": 227.95980794397212, "knn_logistic": 4.5381657136877855 }, "geometry": { "type": "Point", "coordinates": [ 2145.773394630775329, 3218.886927319272218 ] } },
{ "type": "Feature", "properties": { "reach": 295, "gravity_logistic": 73.062804009128925, "gravity_exponential": 147.51282576945979, "knn_logistic": 2.3158251669338568 }, "geometry": { "type": "Point", "coordinates": [ 548.449436609837107, 3777.301256037300391 ] } },
{ "type": "Feature", "properties": { "reach": 442, "gravity_logistic": 82.61333200234742, "gravity_exponential": 205.56100783509544, "knn_logistic": 3.3135677667786068 }, "geometry": { "type": "Point", "coordinates": [ 2613.390622134420482, 1371.874560166946594 ] } },
{ "type": "Feature", "properties": { "reach": 514, "gravity_logistic": 93.77743531338055, "gravity_exponential": 237.54574328071237, "knn_logistic": 3.3060153969508717 }, "geometry": { "type": "Point", "coordinates": [ 1208.106195032686173, 1571.925712366857397 ] } },
{ "type": "Feature", "properties": { "reach": 475, "gravity_logistic": 118.2788325101037, "gravity_exponential": 235.26445334664868, "knn_logistic": 4.5999658353081117 }, "geometry": { "type": "Point", "coordinates": [ 744.790063137904667, 1979.806808014618809 ] } },
{ "type": "Feature", "properties": { "reach": 331, "gravity_logistic": 80.872058525509331, "gravity_exponential": 162.39476952187059, "knn_logistic": 2.9566294196682392 }, "geometry": { "type": "Point", "coordinates": [ 4732.609635074295511, 1623.292046584468835 ] } },
{ "type": "Feature", "properties": { "reach": 465, "gravity_logistic": 88.631399697995917, "gravity_exponential": 215.90933001707387, "knn_logistic": 2.5473177535455775 }, "geometry": { "type": "Point", "coordinates": [ 3060.064361983822437, 3351.858890060348585 ] } },
{ "type": "Feature", "properties": { "reach": 451, "gravity_logistic": 92.900941696768541, "gravity_exponential": 212.64655598236396, "knn_logistic": 3.7270508975342937 }, "geometry": { "type": "Point", "coordinates": [ 3245.424842726396946, 2399.215501913724893 ] } },
{ "type": "Feature", "properties": { "reach": 230, "gravity_logistic": 51.422316826899738, "gravity_exponential": 110.86207954902181, "knn_logistic": 3.4828738207213323 }, "geometry": { "type": "Point", "coordinates": [ 2914.072479082910377, 14.578443869063076 ] } },
{ "type": "Feature", "properties": { "reach": 431, "gravity_logistic": 81.456546673637675, "gravity_exponential": 198.88193730221627, "knn_logistic": 3.7052580510125925 }, "geometry": { "type": "Point", "coordinates": [ 1982.288512401402159, 1031.660833583669728 ] } },
{ "type": "Feature", "properties": { "reach": 378, "gravity_logistic": 76.123131443754161, "gravity_exponential": 179.9492111597757, "knn_logistic": 4.0567849266534077 }, "geometry": { "type": "Point", "coordinates": [ 756.429237215391481, 3465.009046221483459 ] } },
{ "type": "Feature", "properties": { "reach": 417, "gravity_logistic": 93.341100547482554, "gravity_exponential": 201.02276255062776, "knn_logistic": 3.7326905538414548 }, "geometry": { "type": "Point", "coordinates": [ 1102.035130565137933, 632.542460527634603 ] } },
{ "type": "Feature", "properties": { "reach": 435, "gravity_logistic": 99.141947198201549, "gravity_exponential": 210.41239963615442, "knn_logistic": 3.179208269922646 }, "geometry": { "type": "Point", "coordinates": [ 493.747866003545141, 1606.215983462554277 ] } },
{ "type": "Feature", "properties": { "reach": 469, "gravity_logistic": 89.080116044644953, "gravity_exponential": 217.99037381804482, "knn_logistic": 2.5204504215959451 }, "geometry": { "type": "Point", "coordinates": [ 2133.370741873295174, 1981.693362876318133 ] } },
{ "type": "Feature", "properties": { "reach": 469, "gravity_logistic": 96.465717556085778, "gravity_exponential": 223.91841981442923, "knn_logistic": 3.3523685230312052 }, "geometry": { "type": "Point", "coordinates": [ 3836.188706683852615, 1592.017751764492232 ] } },
{ "type": "Feature", "properties": { "reach": 451, "gravity_logistic": 97.588438066587273, "gravity_exponential": 216.36100974513258, "knn_logistic": 3.9971633930561197 }, "geometry": { "type": "Point", "coordinates": [ 2290.353155357505329, 3520.265994107897768 ] } },
{ "type": "Feature", "properties": { "reach": 471, "gravity_logistic": 98.672401965039313, "gravity_exponential": 223.24153484770642, "knn_logistic": 3.6368850146395757 }, "geometry": { "type": "Point", "coordinates": [ 3929.064776417279063, 1048.455664268645478 ] } },
{ "type": "Feature", "properties": { "reach": 439, "gravity_logistic": 99.306808017148484, "gravity_exponential": 212.23549200797137, "knn_logistic": 2.2886992979201639 }, "geometry": { "type": "Point", "coordinates": [ 4181.513545085646911, 905.337721281815448 ] } },
{ "type": "Feature", "properties": { "reach": 280, "gravity_logistic": 69.337890721717898, "gravity_exponential": 137.70216561108094, "knn_logistic": 3.5862523525960039 }, "geometry": { "type": "Point", "coordinates": [ 4837.676215352085819, 811.505726980568852 ] } },
{ "type": "Feature", "properties": { "reach": 455, "gravity_logistic": 88.001056662065892, "gravity_exponential": 212.03080824810135, "knn_logistic": 2.8364868855707348 }, "geometry": { "type": "Point", "coordinates": [ 3407.949864407961286, 3282.443423486286065 ] } },
{ "type": "Feature", "properties": { "reach": 442, "gravity_logistic": 88.296367690062183, "gravity_exponential": 207.76348541713188, "knn_logistic": 3.4238831173052571 }, "geometry": { "type": "Point", "coordinates": [ 3187.181180183927154, 2664.978859506437402 ] } },
{ "type": "Feature", "properties": { "reach": 228, "gravity_logistic": 48.172716909012173, "gravity_exponential": 108.12836835420393, "knn_logistic": 1.8854020238969467 }, "geometry": { "type": "Point", "coordinates": [ 3187.600421091307908, 17.912591536510615 ] } },
{ "type": "Feature", "properties": { "reach": 217, "gravity_logistic": 67.405458944040674, "gravity_exponential": 113.12994066674294, "knn_logistic": 3.3187733457880473 }, "geometry": { "type": "Point", "coordinates": [ 109.068360570638632, 3646.272532789355864 ] } },
{ "type": "Feature", "properties": { "reach": 459, "gravity_logistic": 82.70541723920536, "gravity_exponential": 211.59540093654306, "knn_logistic": 1.777580978285104 }, "geometry": { "type": "Point", "coordinates": [ 1583.407025610159053, 1264.540686289220275 ] } },
{ "type": "Feature", "properties": { "reach": 474, "gravity_logistic": 92.687368844875849, "gravity_exponential": 219.9697366336847, "knn_logistic": 4.1416902283799608 }, "geometry": { "type": "Point", "coordinates": [ 2419.536709549003717, 2607.029827160619334 ] } },
{ "type": "Feature", "properties": { "reach": 443, "gravity_logistic": 97.475462901266781, "gravity_exponential": 213.07690605251915, "knn_logistic": 4.2688609031647946 }, "geometry": { "type": "Point", "coordinates": [ 2477.665996499315497, 3561.158695489833917 ] } },
{ "type": "Feature", "properties": { "reach": 234, "gravity_logistic": 64.211318597463574, "gravity_exponential": 117.61591272466227, "knn_logistic": 1.7776906465269113 }, "geometry": { "type": "Point", "coordinates": [ 547.398914506763276, 4085.327178385090065 ] } },
{ "type": "Feature", "properties": { "reach": 246, "gravity_logistic": 49.422740569727679, "gravity_exponential": 116.17302159570951, "knn_logistic": 2.7310694472074886 }, "geometry": { "type": "Point", "coordinates": [ 3410.153952210378975, 4322.014056773038646 ] } },
{ "type": "Feature", "properties": { "reach": 397, "gravity_logistic": 96.697503624352791, "gravity_exponential": 195.67151052565404, "knn_logistic": 2.7626975734053438 }, "geometry": { "type": "Point", "coordinates": [ 1925.442657862251053, 3761.54592633744096 ] } },
{ "type": "Feature", "properties": { "reach": 204, "gravity_logistic": 59.665070182812713, "gravity_exponential": 104.83907360796492, "knn_logistic": 4.3958180900902191 }, "geometry": { "type": "Point", "coordinates": [ 4894.912044175740448, 403.667176065282774 ] } },
{ "type": "Feature", "properties": { "reach": 463, "gravity_logistic": 92.134651697999544, "gravity_exponential": 217.92000113409054, "knn_logistic": 2.9196476308029884 }, "geometry": { "type": "Point", "coordinates": [ 2276.970794949331321, 2334.358391164979366 ] } },
{ "type": "Feature", "properties": { "reach": 293, "gravity_logistic": 71.181130036629469, "gravity_exponential": 143.23101374481072, "knn_logistic": 2.604938734207126 }, "geometry": { "type": "Point", "coordinates": [ 3932.029715759524152, 222.53053292149275 ] } },
{ "type": "Feature", "properties": { "reach": 380, "gravity_logistic": 95.077493607018027, "gravity_exponential": 187.78192126663478, "knn_logistic": 3.8865687961557738 }, "geometry": { "type": "Point", "coordinates": [ 2364.008533786287444, 3868.379091288135442 ] } },
{ "type": "Feature", "properties": { "reach": 258, "gravity_logistic": 76.469433709290755, "gravity_exponential": 132.57793878892315, "knn_logistic": 2.8250282970859031 }, "geometry": { "type": "Point", "coordinates": [ 4674.065062881403719, 467.826038406741418 ] } },
{ "type": "Feature", "properties": { "reach": 490, "gravity_logistic": 91.494848971053287, "gravity_exponential": 227.27556438843698, "knn_logistic": 4.5112463857402867 }, "geometry": { "type": "Point", "coordinates": [ 1652.148079875432359, 2951.694177770139959 ] } },
{ "type": "Feature", "properties": { "reach": 296, "gravity_logistic": 78.406234554079376, "gravity_exponential": 149.11945258130322, "knn_logistic": 4.9729657171566162 }, "geometry": { "type": "Point", "coordinates": [ 3956.113815623933988, 4149.712479251585137 ] } },
{ "type": "Feature", "properties": { "reach": 454, "gravity_logistic": 96.487924864493053, "gravity_exponential": 214.77090849368159, "knn_logistic": 2.0737766064463314 }, "geometry": { "type": "Point", "coordinates": [ 3353.287762482903872, 1945.584483201616877 ] } },
{ "type": "Feature", "properties": { "reach": 510, "gravity_logistic": 81.114183729466745, "gravity_exponential": 229.431905991674, "knn_logistic": 3.2272920584928384 }, "geometry": { "type": "Point", "coordinates": [ 1560.188150699527569, 1651.279183681309405 ] } },
{ "type": "Feature", "properties": { "reach": 471, "gravity_logistic": 92.585472496961586, "gravity_exponential": 220.62147916067175, "knn_logistic": 3.3930920784773253 }, "geometry": { "type": "Point", "coordinates": [ 3901.917338265733633, 862.918521751121716 ] } },
{ "type": "Feature", "properties": { "reach": 460, "gravity_logistic": 87.62857257238079, "gravity_exponential": 215.32832629800436, "knn_logistic": 1.0024632815852692 }, "geometry": { "type": "Point", "coordinates": [ 2619.372233276072166, 3078.584786412345693 ] } },
{ "type": "Feature", "properties": { "reach": 475, "gravity_logistic": 86.941153217294854, "gravity_exponential": 220.1182217041665, "knn_logistic": 3.3099500307883072 }, "geometry": { "type": "Point", "coordinates": [ 2562.70558091203111, 3079.25165585887089 ] } },
{ "type": "Feature", "properties": { "reach": 488, "gravity_logistic": 101.06949696568506, "gravity_exponential": 228.22198268478738, "knn_logistic": 2.1945481648881269 }, "geometry": { "type": "Point", "coordinates": [ 1817.785258001594912, 3285.714709220605528 ] } },
{ "type": "Feature", "properties": { "reach": 380, "gravity_logistic": 96.774436110405759, "gravity_exponential": 191.68249786525573, "knn_logistic": 3.6613741566896776 }, "geometry": { "type": "Point", "coordinates": [ 528.372937482515908, 714.771190604615413 ] } },
{ "type": "Feature", "properties": { "reach": 342, "gravity_logistic": 82.676287208179048, "gravity_exponential": 168.51148251242529, "knn_logistic": 3.4562669862290361 }, "geometry": { "type": "Point", "coordinates": [ 4453.090073597645642, 3697.411341503173844 ] } },
{ "type": "Feature", "properties": { "reach": 258, "gravity_logistic": 40.651273949739796, "gravity_exponential": 115.90501550020957, "knn_logistic": 2.751667508780864 }, "geometry": { "type": "Point", "coordinates": [ 4950.792148526341407, 2046.516104460159568 ] } },
{ "type": "Feature", "properties": { "reach": 322, "gravity_logistic": 75.304483071197069, "gravity_exponential": 155.79207089259103, "knn_logistic": 4.0010353401352861 }, "geometry": { "type": "Point", "coordinates": [ 4739.479725286184475, 1813.664410249231196 ] } },
{ "type": "Feature", "properties": { "reach": 401, "gravity_logistic": 101.62957082244429, "gravity_exponential": 199.20919288606504, "knn_logistic": 2.7907397935895908 }, "geometry": { "type": "Point", "coordinates": [ 2365.409995058679669, 3756.695344514179396 ] } },
{ "type": "Feature", "properties": { "reach": 443, "gravity_logistic": 96.865615250582678, "gravity_exponential": 212.54449084045868, "knn_logistic": 3.9963133830473367 }, "geometry": { "type": "Point", "coordinates": [ 2285.22397792833317, 3549.004364961377632 ] } },
{ "type": "Feature", "properties": { "reach": 460, "gravity_logistic": 83.095511595936301, "gravity_exponential": 211.76827969492751, "knn_logistic": 2.9382601880433437 }, "geometry": { "type": "Point", "coordinates": [ 4054.192285296513546, 2250.911794855504013 ] } },
{ "type": "Feature", "properties": { "reach": 314, "gravity_logistic": 67.649097843870862, "gravity_exponential": 148.54388960634532, "knn_logistic": 2.2074178124708053 }, "geometry": { "type": "Point", "coordinates": [ 3398.022297495235307, 4182.871515783364885 ] } },
{ "type": "Feature", "properties": { "reach": 497, "gravity_logistic": 96.810055727938988, "gravity_exponential": 233.0812447893901, "knn_logistic": 3.7418115767901003 }, "geometry": { "type": "Point", "coordinates": [ 1136.47956999863095, 2585.073527660666514 ] } },
{ "type": "Feature", "properties": { "reach": 356, "gravity_logistic": 78.430951779259743, "gravity_exponential": 169.98772111936097, "knn_logistic": 2.544270765289502 }, "geometry": { "type": "Point", "coordinates": [ 4649.152688426435816, 1980.179648344529141 ] } },
{ "type": "Feature", "properties": { "reach": 447, "gravity_logistic": 99.510561643237239, "gravity_exponential": 217.00893834861876, "knn_logistic": 3.9265833018203296 }, "geometry": { "type": "Point", "coordinates": [ 2063.623034448899034, 3519.068298957198749 ] } },
{ "type": "Feature", "properties": { "reach": 438, "gravity_logistic": 84.214537178988138, "gravity_exponential": 204.70044644714378, "knn_logistic": 3.3772206462301861 }, "geometry": { "type": "Point", "coordinates": [ 3446.010173049417517, 878.111289931531019 ] } },
{ "type": "Feature", "properties": { "reach": 418, "gravity_logistic": 84.952383440282489, "gravity_exponential": 196.87631374116455, "knn_logistic": 3.2084646685461702 }, "geometry": { "type": "Point", "coordinates": [ 1473.631098248207991, 3454.503085868636845 ] } },
{ "type": "Feature", "properties": { "reach": 482, "gravity_logistic": 89.88342097514321, "gravity_exponential": 222.08074490345663, "knn_logistic": 2.3071269420642349 }, "geometry": { "type": "Point", "coordinates": [ 3741.437791392944746, 1963.981303896668351 ] } },
{ "type": "Feature", "properties": { "reach": 336, "gravity_logistic": 70.187297593880643, "gravity_exponential": 159.75186376220353, "knn_logistic": 2.8296309808691262 }, "geometry": { "type": "Point", "coordinates": [ 353.782700735493165, 2884.045642526104984 ] } },
{ "type": "Feature", "properties": { "reach": 439, "gravity_logistic": 89.916362331401558, "gravity_exponential": 207.39908286136736, "knn_logistic": 2.9106970839010238 }, "geometry": { "type": "Point", "coordinates": [ 3632.591877477452272, 2428.520826090740229 ] } },
{ "type": "Feature", "properties": { "reach": 444, "gravity_logistic": 87.066663766946789, "gravity_exponential": 208.89808841590803, "knn_logistic": 2.998342134355628 }, "geometry": { "type": "Point", "coordinates": [ 3024.945081590973132, 2346.520345334427475 ] } },
{ "type": "Feature", "properties": { "reach": 481, "gravity_logistic": 96.294974575137076, "gravity_exponential": 225.33718399591166, "knn_logistic": 2.2762001217756862 }, "geometry": { "type": "Point", "coordinates": [ 1894.803412500379181, 2750.879750663937557 ] } },
{ "type": "Feature", "properties": { "reach": 207, "gravity_logistic": 47.396111776604869, "gravity_exponential": 100.39457744416016, "knn_logistic": 3.4144559348105625 }, "geometry": { "type": "Point", "coordinates": [ 4403.564164704808718, 33.526046094049264 ] } },
{ "type": "Feature", "properties": { "reach": 422, "gravity_logistic": 77.244838568501322, "gravity_exponential": 195.85882797818599, "knn_logistic": 3.6467604758437577 }, "geometry": { "type": "Point", "coordinates": [ 769.657906632623849, 3207.485094244629636 ] } },
{ "type": "Feature", "properties": { "reach": 263, "gravity_logistic": 59.920093634557063, "gravity_exponential": 126.40445564311683, "knn_logistic": 3.5922551493410788 }, "geometry": { "type": "Point", "coordinates": [ 3607.597659725265203, 4287.223206203463633 ] } },
{ "type": "Feature", "properties": { "reach": 435, "gravity_logistic": 83.880536245244627, "gravity_exponential": 201.31141597773785, "knn_logistic": 2.9822217857805402 }, "geometry": { "type": "Point", "coordinates": [ 2417.845190236689632, 1355.799339348191552 ] } },
{ "type": "Feature", "properties": { "reach": 331, "gravity_logistic": 78.127089712057426, "gravity_exponential": 161.76383093401401, "knn_logistic": 2.8244323955009869 }, "geometry": { "type": "Point", "coordinates": [ 194.389909337304431, 1155.356981986836445 ] } },
{ "type": "Feature", "properties": { "reach": 319, "gravity_logistic": 89.514274875945674, "gravity_exponential": 161.92909771518478, "knn_logistic": 1.9552665523416735 }, "geometry": { "type": "Point", "coordinates": [ 246.591869739517477, 771.255763591952245 ] } },
{ "type": "Feature", "properties": { "reach": 303, "gravity_logistic": 68.803186975307042, "gravity_exponential": 146.11587136072944, "knn_logistic": 2.7170605697343464 }, "geometry": { "type": "Point", "coordinates": [ 1484.562085372353749, 293.13743371084729 ] } },
{ "type": "Feature", "properties": { "reach": 265, "gravity_logistic": 76.719874618972014, "gravity_exponential": 136.58580641790647, "knn_logistic": 2.7582789768849061 }, "geometry": { "type": "Point", "coordinates": [ 4126.96876500464532, 4190.357933445180606 ] } },
{ "type": "Feature", "properties": { "reach": 468, "gravity_logistic": 93.207564622801314, "gravity_exponential": 219.2044669053673, "knn_logistic": 2.5683887008736126 }, "geometry": { "type": "Point", "coordinates": [ 2229.132929980797144, 2640.630448183037061 ] } },
{ "type": "Feature", "properties": { "reach": 436, "gravity_logistic": 90.778472212991403, "gravity_exponential": 206.42992989500374, "knn_logistic": 2.1607383403685807 }, "geometry": { "type": "Point", "coordinates": [ 2968.012360356654426, 1017.08063705364907 ] } },
{ "type": "Feature", "properties": { "reach": 347, "gravity_logistic": 90.414698810467456, "gravity_exponential": 171.34555289345258, "knn_logistic": 3.6276689629930088 }, "geometry": { "type": "Point", "coordinates": [ 2971.612297102036337, 422.162226482915742 ] } },
{ "type": "Feature", "properties": { "reach": 336, "gravity_logistic": 73.342622179981788, "gravity_exponential": 161.03659676448521, "knn_logistic": 4.0951888273715911 }, "geometry": { "type": "Point", "coordinates": [ 313.453805634401988, 2859.711404336184387 ] } },
{ "type": "Feature", "properties": { "reach": 507, "gravity_logistic": 93.178318070115438, "gravity_exponential": 233.88315157876161, "knn_logistic": 4.7888575451798427 }, "geometry": { "type": "Point", "coordinates": [ 1211.156487767171939, 1451.988974429360951 ] } },
{ "type": "Feature", "properties": { "reach": 339, "gravity_logistic": 62.647989618705182, "gravity_exponential": 157.86131363228102, "knn_logistic": 3.8658501275476493 }, "geometry": { "type": "Point", "coordinates": [ 199.386031249718599, 1592.195353595875531 ] } },
{ "type": "Feature", "properties": { "reach": 382, "gravity_logistic": 93.636784500612649, "gravity_exponential": 187.93954933000524, "knn_logistic": 3.8026333750443451 }, "geometry": { "type": "Point", "coordinates": [ 4485.927701266112308, 1981.070884090180471 ] } },
{ "type": "Feature", "properties": { "reach": 461, "gravity_logistic": 82.213489357770953, "gravity_exponential": 211.70907871418584, "knn_logistic": 4.5918952236719548 }, "geometry": { "type": "Point", "coordinates": [ 1288.147529577080377, 3136.392843379702299 ] } },
{ "type": "Feature", "properties": { "reach": 440, "gravity_logistic": 101.14414505800572, "gravity_exponential": 213.50675105476827, "knn_logistic": 3.2035250523774046 }, "geometry": { "type": "Point", "coordinates": [ 992.886291159006532, 740.042380357516777 ] } },
{ "type": "Feature", "properties": { "reach": 431, "gravity_logistic": 77.963995041761692, "gravity_exponential": 199.28524738567859, "knn_logistic": 3.1585319157934912 }, "geometry": { "type": "Point", "coordinates": [ 4152.79571577441402, 2472.748702252841667 ] } },
{ "type": "Feature", "properties": { "reach": 299, "gravity_logistic": 74.209584996867221, "gravity_exponential": 146.43001931222449, "knn_logistic": 2.2702708285826501 }, "geometry": { "type": "Point", "coordinates": [ 4620.096130595405157, 3808.557328308454998 ] } },
{ "type": "Feature", "properties": { "reach": 309, "gravity_logistic": 76.965517583611472, "gravity_exponential": 151.38245135725757, "knn_logistic": 2.0598217199892406 }, "geometry": { "type": "Point", "coordinates": [ 4600.02750966862186, 3797.341341092726907 ] } },
{ "type": "Feature", "properties": { "reach": 261, "gravity_logistic": 52.420030429295743, "gravity_exponential": 122.81700728680998, "knn_logistic": 1.8344363937823718 }, "geometry": { "type": "Point", "coordinates": [ 1416.985588501277107, 108.420290951172973 ] } },
{ "type": "Feature", "properties": { "reach": 482, "gravity_logistic": 110.72793198455943, "gravity_exponential": 235.56109984800443, "knn_logistic": 2.8369278340999173 }, "geometry": { "type": "Point", "coordinates": [ 879.51069422930766, 1802.333763501518661 ] } },
{ "type": "Feature", "properties": { "reach": 271, "gravity_logistic": 65.886542510464878, "gravity_exponential": 133.29657292746788, "knn_logistic": 2.5957995997854169 }, "geometry": { "type": "Point", "coordinates": [ 2548.819162962604423, 164.459639197705997 ] } },
{ "type": "Feature", "properties": { "reach": 462, "gravity_logistic": 116.73965819775052, "gravity_exponential": 228.32411724188339, "knn_logistic": 4.3820749377944042 }, "geometry": { "type": "Point", "coordinates": [ 697.986716739259919, 2145.792392617936912 ] } },
{ "type": "Feature", "properties": { "reach": 516, "gravity_logistic": 110.12672658915884, "gravity_exponential": 243.92419400193083, "knn_logistic": 1.8321769539668478 }, "geometry": { "type": "Point", "coordinates": [ 1330.494138461297325, 2364.380486568835295 ] } },
{ "type": "Feature", "properties": { "reach": 433, "gravity_logistic": 82.640702094099296, "gravity_exponential": 201.73857482765547, "knn_logistic": 4.5729962909589936 }, "geometry": { "type": "Point", "coordinates": [ 3451.164838803796101, 766.33392366383589 ] } },
{ "type": "Feature", "properties": { "reach": 349, "gravity_logistic": 88.227933611985549, "gravity_exponential": 172.91459732562132, "knn_logistic": 2.9472257992439106 }, "geometry": { "type": "Point", "coordinates": [ 4629.852455598080269, 1498.65082207478531 ] } },
{ "type": "Feature", "properties": { "reach": 320, "gravity_logistic": 75.910302446401033, "gravity_exponential": 156.5918098251158, "knn_logistic": 2.9941513840030378 }, "geometry": { "type": "Point", "coordinates": [ 353.42684033035988, 3190.93543369629424 ] } },
{ "type": "Feature", "properties": { "reach": 437, "gravity_logistic": 80.946785703559073, "gravity_exponential": 201.64705454511187, "knn_logistic": 3.7230849508055992 }, "geometry": { "type": "Point", "coordinates": [ 934.04278790653666, 3045.503261539070991 ] } },
{ "type": "Feature", "properties": { "reach": 390, "gravity_logistic": 82.688309749329974, "gravity_exponential": 186.89923887789266, "knn_logistic": 3.9592127636457608 }, "geometry": { "type": "Point", "coordinates": [ 4347.599825011049688, 3115.458412122926802 ] } },
{ "type": "Feature", "properties": { "reach": 441, "gravity_logistic": 89.062325512364708, "gravity_exponential": 207.48868122021906, "knn_logistic": 2.6869884265212471 }, "geometry": { "type": "Point", "coordinates": [ 3068.25117101979049, 2857.652659273110203 ] } },
{ "type": "Feature", "properties": { "reach": 488, "gravity_logistic": 88.496828343385332, "gravity_exponential": 223.83172989883604, "knn_logistic": 0.79345273730116994 }, "geometry": { "type": "Point", "coordinates": [ 3797.219079802026499, 2012.642847861620567 ] } },
{ "type": "Feature", "properties": { "reach": 369, "gravity_logistic": 81.623918894656541, "gravity_exponential": 177.45638147609273, "knn_logistic": 4.1682359188225844 }, "geometry": { "type": "Point", "coordinates": [ 273.571140697863257, 1304.774244262272987 ] } },
{ "type": "Feature", "properties": { "reach": 444, "gravity_logistic": 100.34486473610458, "gravity_exponential": 213.1083475268079, "knn_logistic": 3.3898245730277496 }, "geometry": { "type": "Point", "coordinates": [ 1806.143578210895612, 3465.096517406188013 ] } },
{ "type": "Feature", "properties": { "reach": 458, "gravity_logistic": 87.994250912706093, "gravity_exponential": 211.4079990236487, "knn_logistic": 1.2430243943152175 }, "geometry": { "type": "Point", "coordinates": [ 3192.449336509977911, 3502.040034932702383 ] } },
{ "type": "Feature", "properties": { "reach": 471, "gravity_logistic": 95.447052537758566, "gravity_exponential": 221.13329338321205, "knn_logistic": 1.0840048221623519 }, "geometry": { "type": "Point", "coordinates": [ 2089.557371229839191, 2793.889612876576393 ] } },
{ "type": "Feature", "properties": { "reach": 455, "gravity_logistic": 88.090234157333342, "gravity_exponential": 211.32921367609978, "knn_logistic": 2.9873903708544223 }, "geometry": { "type": "Point", "coordinates": [ 3658.923478695297035, 2698.121053562375891 ] } },
{ "type": "Feature", "properties": { "reach": 395, "gravity_logistic": 76.839470151521127, "gravity_exponential": 185.47598547688358, "knn_logistic": 2.8772197290366397 }, "geometry": { "type": "Point", "coordinates": [ 3392.493898085378078, 551.794843078052395 ] } },
{ "type": "Feature", "properties": { "reach": 257, "gravity_logistic": 41.062927244462998, "gravity_exponential": 115.15156348135925, "knn_logistic": 2.6322902555909597 }, "geometry": { "type": "Point", "coordinates": [ 4953.40354034307893, 2376.097243680379506 ] } },
{ "type": "Feature", "properties": { "reach": 460, "gravity_logistic": 93.764766246496961, "gravity_exponential": 215.76217233708039, "knn_logistic": 3.2955477446576884 }, "geometry": { "type": "Point", "coordinates": [ 3367.14997775066422, 2366.967694055781067 ] } },
{ "type": "Feature", "properties": { "reach": 395, "gravity_logistic": 75.26858093355925, "gravity_exponential": 186.4313861160793, "knn_logistic": 4.3794824501134499 }, "geometry": { "type": "Point", "coordinates": [ 769.148017645298182, 3365.342799844027468 ] } },
{ "type": "Feature", "properties": { "reach": 360, "gravity_logistic": 73.227063716000174, "gravity_exponential": 170.56308317430771, "knn_logistic": 2.5355296048965319 }, "geometry": { "type": "Point", "coordinates": [ 3463.531000256993593, 406.085413445446591 ] } },
{ "type": "Feature", "properties": { "reach": 473, "gravity_logistic": 95.531354448428786, "gravity_exponential": 222.21335730180624, "knn_logistic": 3.2127911849768527 }, "geometry": { "type": "Point", "coordinates": [ 2034.762803138293521, 2796.458851073412006 ] } },
{ "type": "Feature", "properties": { "reach": 326, "gravity_logistic": 83.450448801141746, "gravity_exponential": 161.14641211693078, "knn_logistic": 2.2371415568314248 }, "geometry": { "type": "Point", "coordinates": [ 4597.579416756288992, 660.469343296716033 ] } },
{ "type": "Feature", "properties": { "reach": 464, "gravity_logistic": 95.070139041750323, "gravity_exponential": 218.73683169981007, "knn_logistic": 3.4492083806525029 }, "geometry": { "type": "Point", "coordinates": [ 1777.36000699381907, 3134.887017626846955 ] } },
{ "type": "Feature", "properties": { "reach": 440, "gravity_logistic": 87.751138028478351, "gravity_exponential": 206.76409180984621, "knn_logistic": 2.8960030636245007 }, "geometry": { "type": "Point", "coordinates": [ 2636.841066725061864, 1848.517601660455966 ] } },
{ "type": "Feature", "properties": { "reach": 200, "gravity_logistic": 52.730123086922632, "gravity_exponential": 99.930658809794878, "knn_logistic": 3.5780776143870474 }, "geometry": { "type": "Point", "coordinates": [ 547.191486752610672, 4226.755847314692801 ] } },
{ "type": "Feature", "properties": { "reach": 432, "gravity_logistic": 82.935898754569578, "gravity_exponential": 201.82356698461712, "knn_logistic": 3.602413579175515 }, "geometry": { "type": "Point", "coordinates": [ 2488.862101484516188, 1321.364545607613309 ] } },
{ "type": "Feature", "properties": { "reach": 318, "gravity_logistic": 72.404659312140879, "gravity_exponential": 155.39199874103267, "knn_logistic": 4.2862825014444752 }, "geometry": { "type": "Point", "coordinates": [ 802.673924276246112, 3849.887657328953992 ] } },
{ "type": "Feature", "properties": { "reach": 300, "gravity_logistic": 58.75004618548671, "gravity_exponential": 140.89213727447213, "knn_logistic": 2.3024453670187581 }, "geometry": { "type": "Point", "coordinates": [ 1207.829958762940578, 211.497743373265706 ] } },
{ "type": "Feature", "properties": { "reach": 456, "gravity_logistic": 93.460783465970806, "gravity_exponential": 215.04781713015362, "knn_logistic": 2.9802455324914368 }, "geometry": { "type": "Point", "coordinates": [ 2213.095368320306079, 2751.59250113859116 ] } },
{ "type": "Feature", "properties": { "reach": 312, "gravity_logistic": 60.451241365513837, "gravity_exponential": 144.56855513641267, "knn_logistic": 3.0299082273402869 }, "geometry": { "type": "Point", "coordinates": [ 113.98130383242119, 1328.871627800139777 ] } },
{ "type": "Feature", "properties": { "reach": 447, "gravity_logistic": 80.330040067015773, "gravity_exponential": 205.33098180725727, "knn_logistic": 1.8730061194370804 }, "geometry": { "type": "Point", "coordinates": [ 3921.728295582100145, 2420.187339996318315 ] } },
{ "type": "Feature", "properties": { "reach": 462, "gravity_logistic": 92.53629728061253, "gravity_exponential": 216.6792716989751, "knn_logistic": 3.2547105725928298 }, "geometry": { "type": "Point", "coordinates": [ 879.272872099832966, 2764.223528965251262 ] } },
{ "type": "Feature", "properties": { "reach": 433, "gravity_logistic": 83.149483687518028, "gravity_exponential": 201.6081279522341, "knn_logistic": 2.7464341144287632 }, "geometry": { "type": "Point", "coordinates": [ 4248.960250811424885, 3241.956788943817628 ] } },
{ "type": "Feature", "properties": { "reach": 391, "gravity_logistic": 98.150707988005152, "gravity_exponential": 194.01039482310662, "knn_logistic": 3.1994230248559408 }, "geometry": { "type": "Point", "coordinates": [ 4456.05256482828463, 1787.051811689804481 ] } },
{ "type": "Feature", "properties": { "reach": 362, "gravity_logistic": 80.863359330157238, "gravity_exponential": 173.89805303056204, "knn_logistic": 3.9035823760179764 }, "geometry": { "type": "Point", "coordinates": [ 1516.309443920853028, 3849.711045183539682 ] } },
{ "type": "Feature", "properties": { "reach": 469, "gravity_logistic": 82.695899971102278, "gravity_exponential": 215.09806252377348, "knn_logistic": 2.509995031559515 }, "geometry": { "type": "Point", "coordinates": [ 1212.90829742984215, 2895.804856157893482 ] } },
{ "type": "Feature", "properties": { "reach": 454, "gravity_logistic": 81.581886529516382, "gravity_exponential": 208.33011856708271, "knn_logistic": 2.7815074330763503 }, "geometry": { "type": "Point", "coordinates": [ 4048.321704520574258, 2174.176799812562876 ] } },
{ "type": "Feature", "properties": { "reach": 344, "gravity_logistic": 79.969849693253749, "gravity_exponential": 166.49778666835036, "knn_logistic": 2.4455643094836303 }, "geometry": { "type": "Point", "coordinates": [ 274.816919706224098, 1962.836962752743148 ] } },
{ "type": "Feature", "properties": { "reach": 449, "gravity_logistic": 85.565177120868753, "gravity_exponential": 208.72436148116307, "knn_logistic": 1.7892569360350281 }, "geometry": { "type": "Point", "coordinates": [ 3067.468798358022013, 3069.509693955577859 ] } },
{ "type": "Feature", "properties": { "reach": 460, "gravity_logistic": 85.94661123693696, "gravity_exponential": 214.66888901750806, "knn_logistic": 1.4666832171247823 }, "geometry": { "type": "Point", "coordinates": [ 2589.226492047087504, 3086.868278702401767 ] } },
{ "type": "Feature", "properties": { "reach": 417, "gravity_logistic": 83.237654713298895, "gravity_exponential": 196.78978618169336, "knn_logistic": 3.5138514451240903 }, "geometry": { "type": "Point", "coordinates": [ 4256.699073892839806, 3352.316444319817947 ] } },
{ "type": "Feature", "properties": { "reach": 478, "gravity_logistic": 96.027966643931904, "gravity_exponential": 225.21225872305567, "knn_logistic": 3.2064922837142342 }, "geometry": { "type": "Point", "coordinates": [ 2198.735856091549977, 3341.619901987608046 ] } },
{ "type": "Feature", "properties": { "reach": 452, "gravity_logistic": 87.419663948813749, "gravity_exponential": 210.67868618954216, "knn_logistic": 3.4703726219472597 }, "geometry": { "type": "Point", "coordinates": [ 3153.433846975550296, 2582.864572049676553 ] } },
{ "type": "Feature", "properties": { "reach": 219, "gravity_logistic": 65.866324424694099, "gravity_exponential": 113.76414420124551, "knn_logistic": 3.3693770504364529 }, "geometry": { "type": "Point", "coordinates": [ 4715.113718770977357, 328.519289001679169 ] } },
{ "type": "Feature", "properties": { "reach": 350, "gravity_logistic": 79.170789193738997, "gravity_exponential": 169.84098873058798, "knn_logistic": 3.9076137184820814 }, "geometry": { "type": "Point", "coordinates": [ 824.704028792426811, 369.386924164685013 ] } },
{ "type": "Feature", "properties": { "reach": 367, "gravity_logistic": 77.329060007364092, "gravity_exponential": 174.71505286560904, "knn_logistic": 2.6701561115273753 }, "geometry": { "type": "Point", "coordinates": [ 766.452376661405992, 3624.53230324178412 ] } },
{ "type": "Feature", "properties": { "reach": 259, "gravity_logistic": 48.816162096647325, "gravity_exponential": 120.87622139172481, "knn_logistic": 3.2017164698963372 }, "geometry": { "type": "Point", "coordinates": [ 54.552956594665069, 2629.248328336535906 ] } },
{ "type": "Feature", "properties": { "reach": 439, "gravity_logistic": 94.187463569417417, "gravity_exponential": 209.60908760918051, "knn_logistic": 4.2885722270119295 }, "geometry": { "type": "Point", "coordinates": [ 3573.272513662443544, 3267.230684230180486 ] } },
{ "type": "Feature", "properties": { "reach": 438, "gravity_logistic": 88.783332410811752, "gravity_exponential": 208.37474915392016, "knn_logistic": 3.0370668567086931 }, "geometry": { "type": "Point", "coordinates": [ 3573.757904273865279, 3507.674584647209031 ] } },
{ "type": "Feature", "properties": { "reach": 242, "gravity_logistic": 32.954658447976897, "gravity_exponential": 105.69146415298852, "knn_logistic": 2.5849697240284253 }, "geometry": { "type": "Point", "coordinates": [ 5007.863896818462308, 2127.209437657718354 ] } },
{ "type": "Feature", "properties": { "reach": 440, "gravity_logistic": 81.471159720366529, "gravity_exponential": 203.68533693425584, "knn_logistic": 1.8197434898159019 }, "geometry": { "type": "Point", "coordinates": [ 3957.423692586148718, 2732.90445911131701 ] } },
{ "type": "Feature", "properties": { "reach": 436, "gravity_logistic": 80.946083431457353, "gravity_exponential": 201.95989910896688, "knn_logistic": 3.3437047950354892 }, "geometry": { "type": "Point", "coordinates": [ 2366.109756772922083, 1116.273896601778233 ] } },
{ "type": "Feature", "properties": { "reach": 446, "gravity_logistic": 92.374952766166672, "gravity_exponential": 210.74577518887614, "knn_logistic": 3.5768316470039805 }, "geometry": { "type": "Point", "coordinates": [ 3260.608642414966653, 2091.315190867903311 ] } },
{ "type": "Feature", "properties": { "reach": 361, "gravity_logistic": 87.111637379106767, "gravity_exponential": 178.64147982256941, "knn_logistic": 2.6358405970757035 }, "geometry": { "type": "Point", "coordinates": [ 4343.980100831490745, 3694.630406817458152 ] } },
{ "type": "Feature", "properties": { "reach": 356, "gravity_logistic": 83.828791536341825, "gravity_exponential": 173.77882020048142, "knn_logistic": 1.9436578144725443 }, "geometry": { "type": "Point", "coordinates": [ 373.888028877153829, 2532.800767967980846 ] } },
{ "type": "Feature", "properties": { "reach": 264, "gravity_logistic": 62.732360757227447, "gravity_exponential": 129.1697714944695, "knn_logistic": 3.5148347120802264 }, "geometry": { "type": "Point", "coordinates": [ 4895.714540168519306, 847.569847651626105 ] } },
{ "type": "Feature", "properties": { "reach": 480, "gravity_logistic": 88.703818838718377, "gravity_exponential": 220.49650732257851, "knn_logistic": 3.9607437762754847 }, "geometry": { "type": "Point", "coordinates": [ 2258.300370564988043, 2070.379831716687022 ] } },
{ "type": "Feature", "properties": { "reach": 452, "gravity_logistic": 86.372720598150977, "gravity_exponential": 209.87569288782203, "knn_logistic": 2.9522430498301979 }, "geometry": { "type": "Point", "coordinates": [ 2583.862459689614298, 2242.973694302412241 ] } },
{ "type": "Feature", "properties": { "reach": 390, "gravity_logistic": 83.436656587271813, "gravity_exponential": 183.70103535337716, "knn_logistic": 2.7294765810477744 }, "geometry": { "type": "Point", "coordinates": [ 4453.886127940445476, 2594.806056417274704 ] } },
{ "type": "Feature", "properties": { "reach": 438, "gravity_logistic": 86.018630972835098, "gravity_exponential": 204.89632729464199, "knn_logistic": 3.6760906799739819 }, "geometry": { "type": "Point", "coordinates": [ 2610.775754298244465, 2034.95810850323096 ] } },
{ "type": "Feature", "properties": { "reach": 384, "gravity_logistic": 95.857454886648384, "gravity_exponential": 190.2090920144426, "knn_logistic": 3.0840127312089844 }, "geometry": { "type": "Point", "coordinates": [ 4456.706591137127361, 1948.304116047816251 ] } },
{ "type": "Feature", "properties": { "reach": 358, "gravity_logistic": 81.541718332098583, "gravity_exponential": 172.36308971599587, "knn_logistic": 1.121510730239087 }, "geometry": { "type": "Point", "coordinates": [ 2032.832570373386261, 484.556923723812076 ] } },
{ "type": "Feature", "properties": { "reach": 256, "gravity_logistic": 50.777855076091335, "gravity_exponential": 119.65002374353658, "knn_logistic": 2.9876952628083857 }, "geometry": { "type": "Point", "coordinates": [ 1331.870378847212578, 4235.802387950209777 ] } },
{ "type": "Feature", "properties": { "reach": 295, "gravity_logistic": 75.598928700636108, "gravity_exponential": 145.63777253016215, "knn_logistic": 3.7576067636572001 }, "geometry": { "type": "Point", "coordinates": [ 4748.505367425575969, 734.882474303553749 ] } },
{ "type": "Feature", "properties": { "reach": 232, "gravity_logistic": 61.87464160253014, "gravity_exponential": 117.28595316912089, "knn_logistic": 3.4860363211227887 }, "geometry": { "type": "Point", "coordinates": [ 4292.551806140611006, 4273.430773824544303 ] } },
{ "type": "Feature", "properties": { "reach": 436, "gravity_logistic": 89.468771384536211, "gravity_exponential": 208.47537305232044, "knn_logistic": 2.9407579091867264 }, "geometry": { "type": "Point", "coordinates": [ 3626.129084426347163, 3569.739170230150648 ] } },
{ "type": "Feature", "properties": { "reach": 219, "gravity_logistic": 64.413635538890574, "gravity_exponential": 112.7130654570515, "knn_logistic": 2.1906723144491362 }, "geometry": { "type": "Point", "coordinates": [ 71.682642355470634, 3518.549791863822065 ] } },
{ "type": "Feature", "properties": { "reach": 470, "gravity_logistic": 97.423523027572202, "gravity_exponential": 220.65441970537523, "knn_logistic": 2.2087749661397122 }, "geometry": { "type": "Point", "coordinates": [ 1843.304914829727295, 3191.948671084181569 ] } },
{ "type": "Feature", "properties": { "reach": 408, "gravity_logistic": 88.302018337457227, "gravity_exponential": 192.99484522020924, "knn_logistic": 1.7442700357191845 }, "geometry": { "type": "Point", "coordinates": [ 3919.673427933494168, 549.625054687699503 ] } },
{ "type": "Feature", "properties": { "reach": 440, "gravity_logistic": 107.86664495180413, "gravity_exponential": 217.21797443886496, "knn_logistic": 3.6390929587108594 }, "geometry": { "type": "Point", "coordinates": [ 769.381319930808559, 787.26515853984813 ] } },
{ "type": "Feature", "properties": { "reach": 400, "gravity_logistic": 85.654307908539451, "gravity_exponential": 189.34390404595868, "knn_logistic": 2.4807076431878974 }, "geometry": { "type": "Point", "coordinates": [ 1542.0080649620445, 3706.950415257946133 ] } },
{ "type": "Feature", "properties": { "reach": 420, "gravity_logistic": 100.99675145088187, "gravity_exponential": 205.58056086085142, "knn_logistic": 3.915017985475739 }, "geometry": { "type": "Point", "coordinates": [ 470.026142828832064, 1156.989432785088411 ] } },
{ "type": "Feature", "properties": { "reach": 246, "gravity_logistic": 43.533561753465897, "gravity_exponential": 112.65724247004923, "knn_logistic": 1.9872357534797433 }, "geometry": { "type": "Point", "coordinates": [ 21.042570017619358, 2169.810415248790832 ] } },
{ "type": "Feature", "properties": { "reach": 451, "gravity_logistic": 102.3061326762535, "gravity_exponential": 218.38301820518342, "knn_logistic": 3.3421726041107789 }, "geometry": { "type": "Point", "coordinates": [ 4293.231699561195455, 1090.915964446708585 ] } },
{ "type": "Feature", "properties": { "reach": 212, "gravity_logistic": 61.403633331161657, "gravity_exponential": 108.34314342825257, "knn_logistic": 4.0445447467969258 }, "geometry": { "type": "Point", "coordinates": [ 4859.273440581382602, 383.088117867871631 ] } },
{ "type": "Feature", "properties": { "reach": 322, "gravity_logistic": 77.787525160382799, "gravity_exponential": 156.18623879686351, "knn_logistic": 3.2783018661689591 }, "geometry": { "type": "Point", "coordinates": [ 3960.019033846670482, 307.327758316838242 ] } },
{ "type": "Feature", "properties": { "reach": 284, "gravity_logistic": 78.616543342282583, "gravity_exponential": 142.34381004085702, "knn_logistic": 1.9981818209102453 }, "geometry": { "type": "Point", "coordinates": [ 4746.029561463135906, 604.379713144626521 ] } },
{ "type": "Feature", "properties": { "reach": 261, "gravity_logistic": 64.468137830366018, "gravity_exponential": 128.8014439085045, "knn_logistic": 5.2224915308386626 }, "geometry": { "type": "Point", "coordinates": [ 3025.421992730341117, 121.688155017212111 ] } },
{ "type": "Feature", "properties": { "reach": 459, "gravity_logistic": 97.36950564057895, "gravity_exponential": 218.29567243599757, "knn_logistic": 1.283307153229458 }, "geometry": { "type": "Point", "coordinates": [ 4072.20993090542288, 903.438828769228508 ] } },
{ "type": "Feature", "properties": { "reach": 351, "gravity_logistic": 88.072284175335298, "gravity_exponential": 173.6504143957641, "knn_logistic": 2.3082397065833522 }, "geometry": { "type": "Point", "coordinates": [ 261.439468328256453, 1048.647932986353226 ] } },
{ "type": "Feature", "properties": { "reach": 495, "gravity_logistic": 92.337934457272837, "gravity_exponential": 227.86157094677486, "knn_logistic": 4.471561848161425 }, "geometry": { "type": "Point", "coordinates": [ 1623.490958491803667, 1982.135751694511555 ] } },
{ "type": "Feature", "properties": { "reach": 449, "gravity_logistic": 87.05694902483441, "gravity_exponential": 209.34553083169214, "knn_logistic": 3.3948803615908179 }, "geometry": { "type": "Point", "coordinates": [ 3012.578631919874169, 2691.771921041744463 ] } },
{ "type": "Feature", "properties": { "reach": 283, "gravity_logistic": 78.955110052027507, "gravity_exponential": 143.74818730385664, "knn_logistic": 1.779068630450374 }, "geometry": { "type": "Point", "coordinates": [ 4401.042982192166164, 4002.07717810082795 ] } },
{ "type": "Feature", "properties": { "reach": 435, "gravity_logistic": 79.8200045193297, "gravity_exponential": 200.70248529032153, "knn_logistic": 1.6177349441988622 }, "geometry": { "type": "Point", "coordinates": [ 4068.409987175302376, 2767.61179911886984 ] } },
{ "type": "Feature", "properties": { "reach": 333, "gravity_logistic": 77.171539695539195, "gravity_exponential": 162.16145513512134, "knn_logistic": 2.9587486884253424 }, "geometry": { "type": "Point", "coordinates": [ 1638.226556122127704, 437.096896659244521 ] } },
{ "type": "Feature", "properties": { "reach": 278, "gravity_logistic": 48.318973939379887, "gravity_exponential": 127.78828788011295, "knn_logistic": 1.3876062676343666 }, "geometry": { "type": "Point", "coordinates": [ 4873.551470590104145, 2309.754307745886308 ] } },
{ "type": "Feature", "properties": { "reach": 405, "gravity_logistic": 84.699298153605071, "gravity_exponential": 190.86517159913984, "knn_logistic": 2.016218223594787 }, "geometry": { "type": "Point", "coordinates": [ 1466.986253469762005, 3571.74892522150094 ] } },
{ "type": "Feature", "properties": { "reach": 361, "gravity_logistic": 91.191682188830342, "gravity_exponential": 178.0314709227321, "knn_logistic": 3.9863341523068416 }, "geometry": { "type": "Point", "coordinates": [ 3023.007898858924818, 510.00310247106313 ] } },
{ "type": "Feature", "properties": { "reach": 436, "gravity_logistic": 80.907667924922336, "gravity_exponential": 199.86758201616945, "knn_logistic": 3.677215458901324 }, "geometry": { "type": "Point", "coordinates": [ 2008.838377369342879, 1156.229694999890398 ] } },
{ "type": "Feature", "properties": { "reach": 490, "gravity_logistic": 101.90938561556653, "gravity_exponential": 231.08206061494599, "knn_logistic": 3.7853326745681701 }, "geometry": { "type": "Point", "coordinates": [ 1649.877052882575526, 2223.320961796293432 ] } },
{ "type": "Feature", "properties": { "reach": 367, "gravity_logistic": 93.409873663305547, "gravity_exponential": 180.12960237166226, "knn_logistic": 2.7853625403807962 }, "geometry": { "type": "Point", "coordinates": [ 2093.070642823898197, 3949.340417505089135 ] } },
{ "type": "Feature", "properties": { "reach": 522, "gravity_logistic": 100.55075356382545, "gravity_exponential": 243.45439588877986, "knn_logistic": 2.5161205329735017 }, "geometry": { "type": "Point", "coordinates": [ 1247.95646239354096, 1869.483226013796639 ] } },
{ "type": "Feature", "properties": { "reach": 510, "gravity_logistic": 108.63835132410239, "gravity_exponential": 243.78287190043889, "knn_logistic": 2.3159086005780845 }, "geometry": { "type": "Point", "coordinates": [ 1103.909887013422349, 2045.969259684557983 ] } },
{ "type": "Feature", "properties": { "reach": 334, "gravity_logistic": 85.045307758800433, "gravity_exponential": 167.34796167901683, "knn_logistic": 2.7797675241432942 }, "geometry": { "type": "Point", "coordinates": [ 2582.391954412084942, 417.619766123893214 ] } },
{ "type": "Feature", "properties": { "reach": 292, "gravity_logistic": 82.328200280318399, "gravity_exponential": 149.63307000408352, "knn_logistic": 4.4012120603992084 }, "geometry": { "type": "Point", "coordinates": [ 4510.451625554657767, 470.497773070749304 ] } },
{ "type": "Feature", "properties": { "reach": 484, "gravity_logistic": 93.047370033744102, "gravity_exponential": 224.89268060096541, "knn_logistic": 3.3798013787218713 }, "geometry": { "type": "Point", "coordinates": [ 3463.306399326042083, 1523.218518572106177 ] } },
{ "type": "Feature", "properties": { "reach": 433, "gravity_logistic": 80.436868736332798, "gravity_exponential": 198.1499132801523, "knn_logistic": 3.3815549101490845 }, "geometry": { "type": "Point", "coordinates": [ 2035.279699841544698, 1229.557337196922845 ] } },
{ "type": "Feature", "properties": { "reach": 457, "gravity_logistic": 90.169560464773269, "gravity_exponential": 212.19728454832625, "knn_logistic": 1.576516001182608 }, "geometry": { "type": "Point", "coordinates": [ 3243.115246938027212, 3541.047668927153154 ] } },
{ "type": "Feature", "properties": { "reach": 240, "gravity_logistic": 57.410873343290802, "gravity_exponential": 117.1203324945584, "knn_logistic": 2.9993016632371088 }, "geometry": { "type": "Point", "coordinates": [ 3878.035503090554357, 4343.908781479924073 ] } },
{ "type": "Feature", "properties": { "reach": 269, "gravity_logistic": 66.617195886156622, "gravity_exponential": 133.8565850009328, "knn_logistic": 3.1057367539542131 }, "geometry": { "type": "Point", "coordinates": [ 4784.657274721491376, 3499.609905920208803 ] } },
{ "type": "Feature", "properties": { "reach": 239, "gravity_logistic": 52.486960402459921, "gravity_exponential": 114.92470599837141, "knn_logistic": 3.066534476577834 }, "geometry": { "type": "Point", "coordinates": [ 2301.704163400114339, 51.248888013447235 ] } },
{ "type": "Feature", "properties": { "reach": 480, "gravity_logistic": 96.006586097892765, "gravity_exponential": 225.7349236275551, "knn_logistic": 2.6270723568485681 }, "geometry": { "type": "Point", "coordinates": [ 2181.847464628905072, 2365.658485878323972 ] } },
{ "type": "Feature", "properties": { "reach": 405, "gravity_logistic": 78.69686351420512, "gravity_exponential": 189.45268365501897, "knn_logistic": 1.8514585900879137 }, "geometry": { "type": "Point", "coordinates": [ 550.621185956676754, 2880.662729046286131 ] } },
{ "type": "Feature", "properties": { "reach": 397, "gravity_logistic": 74.05063865927481, "gravity_exponential": 185.75999071636343, "knn_logistic": 2.7720040870057874 }, "geometry": { "type": "Point", "coordinates": [ 3674.3635539811944, 542.244020289217815 ] } },
{ "type": "Feature", "properties": { "reach": 336, "gravity_logistic": 68.838671447129727, "gravity_exponential": 160.00169609896631, "knn_logistic": 4.2535190720302598 }, "geometry": { "type": "Point", "coordinates": [ 4758.255342338751689, 1153.982973758769049 ] } },
{ "type": "Feature", "properties": { "reach": 412, "gravity_logistic": 76.460978686855043, "gravity_exponential": 190.61138638766363, "knn_logistic": 3.9322041413348039 }, "geometry": { "type": "Point", "coordinates": [ 1098.866638738745678, 3547.820840140988366 ] } },
{ "type": "Feature", "properties": { "reach": 485, "gravity_logistic": 93.896501415993541, "gravity_exponential": 226.08223134568021, "knn_logistic": 2.9485666178482246 }, "geometry": { "type": "Point", "coordinates": [ 1276.939185328811845, 1320.676618346891701 ] } },
{ "type": "Feature", "properties": { "reach": 354, "gravity_logistic": 75.137758487589338, "gravity_exponential": 170.21024172900493, "knn_logistic": 2.3120462004950157 }, "geometry": { "type": "Point", "coordinates": [ 497.762841879741359, 3096.303572490836359 ] } },
{ "type": "Feature", "properties": { "reach": 285, "gravity_logistic": 66.227307699269502, "gravity_exponential": 138.14733534469667, "knn_logistic": 4.7019295274523145 }, "geometry": { "type": "Point", "coordinates": [ 3152.22845387300913, 164.787501700825459 ] } },
{ "type": "Feature", "properties": { "reach": 226, "gravity_logistic": 42.923360208154662, "gravity_exponential": 104.6040765262545, "knn_logistic": 2.7295031794794395 }, "geometry": { "type": "Point", "coordinates": [ 1542.705806303815052, 21.747412197242085 ] } },
{ "type": "Feature", "properties": { "reach": 342, "gravity_logistic": 80.966589419519039, "gravity_exponential": 166.90154948963738, "knn_logistic": 2.9883112392253182 }, "geometry": { "type": "Point", "coordinates": [ 217.095956134117785, 1166.446976928838239 ] } },
{ "type": "Feature", "properties": { "reach": 238, "gravity_logistic": 51.702483535190673, "gravity_exponential": 112.26229897353883, "knn_logistic": 2.3018819651428499 }, "geometry": { "type": "Point", "coordinates": [ 1684.918006100162302, 58.066048908994503 ] } },
{ "type": "Feature", "properties": { "reach": 501, "gravity_logistic": 98.120334738904177, "gravity_exponential": 233.19977343976149, "knn_logistic": 3.4402927127191916 }, "geometry": { "type": "Point", "coordinates": [ 1477.692278729508189, 2696.301763793020655 ] } },
{ "type": "Feature", "properties": { "reach": 453, "gravity_logistic": 114.60094848841806, "gravity_exponential": 223.91042618408059, "knn_logistic": 2.2836486642044864 }, "geometry": { "type": "Point", "coordinates": [ 4169.796150857053362, 1597.404362106582539 ] } },
{ "type": "Feature", "properties": { "reach": 441, "gravity_logistic": 82.079895238280926, "gravity_exponential": 204.75389065832161, "knn_logistic": 1.7643876879490241 }, "geometry": { "type": "Point", "coordinates": [ 2531.952165681340375, 1250.546508985004721 ] } },
{ "type": "Feature", "properties": { "reach": 475, "gravity_logistic": 102.41350153223073, "gravity_exponential": 226.26229545884792, "knn_logistic": 3.5678587782497453 }, "geometry": { "type": "Point", "coordinates": [ 1132.805104502886252, 1044.449745744494749 ] } },
{ "type": "Feature", "properties": { "reach": 479, "gravity_logistic": 90.17231987146144, "gravity_exponential": 221.75615492826105, "knn_logistic": 2.5139057065743486 }, "geometry": { "type": "Point", "coordinates": [ 1926.081460028771289, 2003.500275133051446 ] } },
{ "type": "Feature", "properties": { "reach": 459, "gravity_logistic": 90.294356140284975, "gravity_exponential": 213.84818628169566, "knn_logistic": 2.8807603775044597 }, "geometry": { "type": "Point", "coordinates": [ 3960.23673434022794, 3325.070995091393797 ] } },
{ "type": "Feature", "properties": { "reach": 281, "gravity_logistic": 65.023713190364461, "gravity_exponential": 135.57924873496688, "knn_logistic": 3.7026510445916196 }, "geometry": { "type": "Point", "coordinates": [ 4783.128153402980388, 2614.030367011269391 ] } },
{ "type": "Feature", "properties": { "reach": 446, "gravity_logistic": 98.996329448571572, "gravity_exponential": 212.71490900558817, "knn_logistic": 3.4064953370505537 }, "geometry": { "type": "Point", "coordinates": [ 1786.713435377283531, 3466.765107178532617 ] } },
{ "type": "Feature", "properties": { "reach": 393, "gravity_logistic": 103.28966740669814, "gravity_exponential": 196.46351527854114, "knn_logistic": 3.899812744570152 }, "geometry": { "type": "Point", "coordinates": [ 4467.789263907166969, 1650.929983679474617 ] } },
{ "type": "Feature", "properties": { "reach": 182, "gravity_logistic": 45.726379578792496, "gravity_exponential": 90.485456914818172, "knn_logistic": 4.7476662633810829 }, "geometry": { "type": "Point", "coordinates": [ 551.67235014783148, 4308.30639955454717 ] } },
{ "type": "Feature", "properties": { "reach": 454, "gravity_logistic": 84.741620122528474, "gravity_exponential": 209.70916428234642, "knn_logistic": 2.636273163566984 }, "geometry": { "type": "Point", "coordinates": [ 3902.171660005206832, 3174.020760577314832 ] } },
{ "type": "Feature", "properties": { "reach": 253, "gravity_logistic": 69.149833813790423, "gravity_exponential": 127.92033637551211, "knn_logistic": 2.2119492974446575 }, "geometry": { "type": "Point", "coordinates": [ 157.069687055393871, 3242.947811222789369 ] } },
{ "type": "Feature", "properties": { "reach": 339, "gravity_logistic": 93.324296630213468, "gravity_exponential": 171.39293044452887, "knn_logistic": 2.4686678690706625 }, "geometry": { "type": "Point", "coordinates": [ 276.62395939218635, 854.813270951219124 ] } },
{ "type": "Feature", "properties": { "reach": 243, "gravity_logistic": 48.171714210158868, "gravity_exponential": 113.76174556447815, "knn_logistic": 3.4567854496790167 }, "geometry": { "type": "Point", "coordinates": [ 3339.237654698834376, 56.233879656315573 ] } },
{ "type": "Feature", "properties": { "reach": 353, "gravity_logistic": 82.363602430946372, "gravity_exponential": 170.47108249574791, "knn_logistic": 1.8683029332944623 }, "geometry": { "type": "Point", "coordinates": [ 2148.624305343528249, 473.191907941531099 ] } },
{ "type": "Feature", "properties": { "reach": 456, "gravity_logistic": 91.352780949609198, "gravity_exponential": 212.7564347788296, "knn_logistic": 1.4745700649157139 }, "geometry": { "type": "Point", "coordinates": [ 3412.253020749976258, 2882.256099353387071 ] } },
{ "type": "Feature", "properties": { "reach": 401, "gravity_logistic": 97.704424664951517, "gravity_exponential": 199.89791978884372, "knn_logistic": 3.2924468886211371 }, "geometry": { "type": "Point", "coordinates": [ 828.428178762257403, 613.918371186556897 ] } },
{ "type": "Feature", "properties": { "reach": 317, "gravity_logistic": 75.972346376726549, "gravity_exponential": 155.44093220880853, "knn_logistic": 2.2249145625830851 }, "geometry": { "type": "Point", "coordinates": [ 240.897138303749784, 2143.220728686168513 ] } },
{ "type": "Feature", "properties": { "reach": 181, "gravity_logistic": 44.60252606725799, "gravity_exponential": 89.642952467912124, "knn_logistic": 4.617241123146532 }, "geometry": { "type": "Point", "coordinates": [ 601.948595397177087, 4314.573395114315645 ] } },
{ "type": "Feature", "properties": { "reach": 342, "gravity_logistic": 69.341806392266292, "gravity_exponential": 162.24102187189783, "knn_logistic": 2.8696365353902191 }, "geometry": { "type": "Point", "coordinates": [ 3517.599740487416511, 361.879162075872387 ] } },
{ "type": "Feature", "properties": { "reach": 297, "gravity_logistic": 74.969830772107429, "gravity_exponential": 146.6668825252666, "knn_logistic": 3.3401273298164931 }, "geometry": { "type": "Point", "coordinates": [ 3775.236556120588375, 4179.400018122578331 ] } },
{ "type": "Feature", "properties": { "reach": 505, "gravity_logistic": 108.72297010566223, "gravity_exponential": 240.7005072620687, "knn_logistic": 3.0763960252176568 }, "geometry": { "type": "Point", "coordinates": [ 1211.497743376179642, 2334.493349742759619 ] } },
{ "type": "Feature", "properties": { "reach": 471, "gravity_logistic": 90.744231803907581, "gravity_exponential": 218.32463677906657, "knn_logistic": 3.937371156337929 }, "geometry": { "type": "Point", "coordinates": [ 2891.797735659425598, 3301.601965653025673 ] } },
{ "type": "Feature", "properties": { "reach": 506, "gravity_logistic": 105.8881802922279, "gravity_exponential": 241.06119999434344, "knn_logistic": 1.7958448793116313 }, "geometry": { "type": "Point", "coordinates": [ 1047.161687000399979, 1890.46972473184519 ] } },
{ "type": "Feature", "properties": { "reach": 244, "gravity_logistic": 58.25838418689019, "gravity_exponential": 119.8751296808378, "knn_logistic": 3.0736433960753056 }, "geometry": { "type": "Point", "coordinates": [ 4853.585475022465289, 3699.199704218891384 ] } },
{ "type": "Feature", "properties": { "reach": 370, "gravity_logistic": 92.255332984771144, "gravity_exponential": 181.70400258982045, "knn_logistic": 2.8274539781210661 }, "geometry": { "type": "Point", "coordinates": [ 1979.01963457127431, 3894.0601939108642 ] } },
{ "type": "Feature", "properties": { "reach": 350, "gravity_logistic": 76.767229116015471, "gravity_exponential": 170.28666103677023, "knn_logistic": 2.7590945382866972 }, "geometry": { "type": "Point", "coordinates": [ 4673.705583834018398, 1017.970305812552624 ] } },
{ "type": "Feature", "properties": { "reach": 420, "gravity_logistic": 80.860371466323059, "gravity_exponential": 195.09198657465609, "knn_logistic": 2.30484912637582 }, "geometry": { "type": "Point", "coordinates": [ 1928.407810131782526, 888.101041765322634 ] } },
{ "type": "Feature", "properties": { "reach": 335, "gravity_logistic": 81.318717936045729, "gravity_exponential": 163.31804284569517, "knn_logistic": 3.7550295802559726 }, "geometry": { "type": "Point", "coordinates": [ 3136.12024152343929, 366.38701219480987 ] } },
{ "type": "Feature", "properties": { "reach": 434, "gravity_logistic": 98.300497452381151, "gravity_exponential": 210.7019593579152, "knn_logistic": 3.1762966440029174 }, "geometry": { "type": "Point", "coordinates": [ 4342.82985902688506, 1032.905404963260253 ] } },
{ "type": "Feature", "properties": { "reach": 467, "gravity_logistic": 80.175663710452625, "gravity_exponential": 211.83875916772874, "knn_logistic": 2.0690703605165535 }, "geometry": { "type": "Point", "coordinates": [ 1769.799618619075773, 1483.995507090740375 ] } },
{ "type": "Feature", "properties": { "reach": 344, "gravity_logistic": 86.916326270012561, "gravity_exponential": 169.82576842416975, "knn_logistic": 4.0031383363624764 }, "geometry": { "type": "Point", "coordinates": [ 2563.386628603528152, 4015.872278080763408 ] } },
{ "type": "Feature", "properties": { "reach": 303, "gravity_logistic": 74.745884554205844, "gravity_exponential": 150.73648316714485, "knn_logistic": 3.1328183602801531 }, "geometry": { "type": "Point", "coordinates": [ 4649.160962782100796, 3519.275179366186421 ] } },
{ "type": "Feature", "properties": { "reach": 299, "gravity_logistic": 63.351223926905028, "gravity_exponential": 141.84204896053143, "knn_logistic": 3.0633149568107214 }, "geometry": { "type": "Point", "coordinates": [ 86.943490977980275, 1156.671742545192046 ] } },
{ "type": "Feature", "properties": { "reach": 447, "gravity_logistic": 87.541857119122355, "gravity_exponential": 209.29020484778903, "knn_logistic": 3.1117423316066097 }, "geometry": { "type": "Point", "coordinates": [ 3027.495312040268345, 3092.532453662377975 ] } },
{ "type": "Feature", "properties": { "reach": 313, "gravity_logistic": 75.908584513987321, "gravity_exponential": 153.98807117586387, "knn_logistic": 2.8185399653023699 }, "geometry": { "type": "Point", "coordinates": [ 1647.262025157057678, 376.308908215341035 ] } },
{ "type": "Feature", "properties": { "reach": 335, "gravity_logistic": 83.107576507181278, "gravity_exponential": 164.9605484119233, "knn_logistic": 5.0880135224346912 }, "geometry": { "type": "Point", "coordinates": [ 290.026509962537091, 2252.41088486900253 ] } },
{ "type": "Feature", "properties": { "reach": 457, "gravity_logistic": 90.921788816645602, "gravity_exponential": 213.2694534372626, "knn_logistic": 2.8197934696843632 }, "geometry": { "type": "Point", "coordinates": [ 3420.889351838929542, 2804.804313000584443 ] } },
{ "type": "Feature", "properties": { "reach": 426, "gravity_logistic": 95.140441585868743, "gravity_exponential": 205.31727437523062, "knn_logistic": 2.9984910037244514 }, "geometry": { "type": "Point", "coordinates": [ 452.963065849232805, 1647.879233788284182 ] } },
{ "type": "Feature", "properties": { "reach": 422, "gravity_logistic": 85.312066800684931, "gravity_exponential": 198.33779372925676, "knn_logistic": 1.827129908641705 }, "geometry": { "type": "Point", "coordinates": [ 2087.938369040249654, 1519.166353605152153 ] } },
{ "type": "Feature", "properties": { "reach": 496, "gravity_logistic": 79.632739035210975, "gravity_exponential": 224.52246177057589, "knn_logistic": 4.620841924778369 }, "geometry": { "type": "Point", "coordinates": [ 1481.911104270159285, 1547.734153435403414 ] } },
{ "type": "Feature", "properties": { "reach": 397, "gravity_logistic": 77.25379193407602, "gravity_exponential": 186.15583903794555, "knn_logistic": 2.5466570076034909 }, "geometry": { "type": "Point", "coordinates": [ 960.774789039026359, 3574.212045944318106 ] } },
{ "type": "Feature", "properties": { "reach": 449, "gravity_logistic": 91.15439799388318, "gravity_exponential": 211.14939187407816, "knn_logistic": 3.3669511140162127 }, "geometry": { "type": "Point", "coordinates": [ 3299.167991521105705, 2216.482464617822643 ] } },
{ "type": "Feature", "properties": { "reach": 468, "gravity_logistic": 89.819549853536415, "gravity_exponential": 216.71501853656579, "knn_logistic": 3.1508784847068423 }, "geometry": { "type": "Point", "coordinates": [ 2779.465810769628661, 3298.29088014917852 ] } },
{ "type": "Feature", "properties": { "reach": 389, "gravity_logistic": 83.38988466588367, "gravity_exponential": 184.62846120154163, "knn_logistic": 3.4476237897534423 }, "geometry": { "type": "Point", "coordinates": [ 1457.401174446172718, 3687.532697001361157 ] } },
{ "type": "Feature", "properties": { "reach": 508, "gravity_logistic": 103.29339182329375, "gravity_exponential": 240.53280655480927, "knn_logistic": 3.0532676291406813 }, "geometry": { "type": "Point", "coordinates": [ 1210.962202635714902, 1956.709104387274238 ] } },
{ "type": "Feature", "properties": { "reach": 312, "gravity_logistic": 78.752185232654952, "gravity_exponential": 154.16660302210266, "knn_logistic": 3.2820601948274115 }, "geometry": { "type": "Point", "coordinates": [ 3700.42314479988363, 4125.103766018719398 ] } },
{ "type": "Feature", "properties": { "reach": 465, "gravity_logistic": 84.116009242276419, "gravity_exponential": 214.33580090435186, "knn_logistic": 2.1539057767178935 }, "geometry": { "type": "Point", "coordinates": [ 1098.26609226027881, 2838.802515031497478 ] } },
{ "type": "Feature", "properties": { "reach": 481, "gravity_logistic": 83.274135894537949, "gravity_exponential": 220.2959500829939, "knn_logistic": 4.7267830733850742 }, "geometry": { "type": "Point", "coordinates": [ 1389.332770267824117, 3023.240961766595319 ] } },
{ "type": "Feature", "properties": { "reach": 438, "gravity_logistic": 90.216655249927385, "gravity_exponential": 206.60993976563324, "knn_logistic": 2.3777293674428299 }, "geometry": { "type": "Point", "coordinates": [ 3323.497869298098976, 3630.787596211533128 ] } },
{ "type": "Feature", "properties": { "reach": 517, "gravity_logistic": 90.406178020856771, "gravity_exponential": 236.39331622777615, "knn_logistic": 3.3179842308969976 }, "geometry": { "type": "Point", "coordinates": [ 1430.666499868414576, 1829.781570769861446 ] } },
{ "type": "Feature", "properties": { "reach": 273, "gravity_logistic": 65.694256913065743, "gravity_exponential": 133.35798184281083, "knn_logistic": 4.9004021263678936 }, "geometry": { "type": "Point", "coordinates": [ 2611.661140751776657, 4232.792309634436606 ] } },
{ "type": "Feature", "properties": { "reach": 367, "gravity_logistic": 77.550620461477678, "gravity_exponential": 176.29260303599116, "knn_logistic": 2.3218002636654078 }, "geometry": { "type": "Point", "coordinates": [ 713.233673950015486, 3503.096584463972249 ] } },
{ "type": "Feature", "properties": { "reach": 455, "gravity_logistic": 89.548861775489556, "gravity_exponential": 213.28669833982372, "knn_logistic": 3.5235989607170275 }, "geometry": { "type": "Point", "coordinates": [ 1408.346697539483102, 1045.231233364973605 ] } },
{ "type": "Feature", "properties": { "reach": 526, "gravity_logistic": 95.325685451240133, "gravity_exponential": 242.08471171807568, "knn_logistic": 2.015096918886957 }, "geometry": { "type": "Point", "coordinates": [ 1262.717991278366981, 1777.002387951143419 ] } },
{ "type": "Feature", "properties": { "reach": 289, "gravity_logistic": 70.735550779103619, "gravity_exponential": 140.9368093236279, "knn_logistic": 1.8236346863976745 }, "geometry": { "type": "Point", "coordinates": [ 4677.102061517684888, 3777.807273277825061 ] } },
{ "type": "Feature", "properties": { "reach": 281, "gravity_logistic": 69.060234226304146, "gravity_exponential": 138.87083578327488, "knn_logistic": 3.9624936179995216 }, "geometry": { "type": "Point", "coordinates": [ 4729.741778650500237, 3659.766329719980604 ] } },
{ "type": "Feature", "properties": { "reach": 499, "gravity_logistic": 117.65408605987892, "gravity_exponential": 243.84471867018209, "knn_logistic": 4.5212177177209716 }, "geometry": { "type": "Point", "coordinates": [ 931.363673327469655, 2298.266826975991989 ] } },
{ "type": "Feature", "properties": { "reach": 258, "gravity_logistic": 63.218632013121578, "gravity_exponential": 126.75283831780503, "knn_logistic": 3.9842624349209674 }, "geometry": { "type": "Point", "coordinates": [ 2968.527639209474273, 91.681536570099084 ] } },
{ "type": "Feature", "properties": { "reach": 410, "gravity_logistic": 75.975935918592697, "gravity_exponential": 191.40242433835215, "knn_logistic": 2.4783860519305536 }, "geometry": { "type": "Point", "coordinates": [ 3574.357560468327392, 568.723082637032803 ] } },
{ "type": "Feature", "properties": { "reach": 277, "gravity_logistic": 57.868397720031716, "gravity_exponential": 131.48316360010656, "knn_logistic": 3.4079228307480158 }, "geometry": { "type": "Point", "coordinates": [ 1640.606082400609012, 4181.189112093399672 ] } },
{ "type": "Feature", "properties": { "reach": 338, "gravity_logistic": 84.472431179380251, "gravity_exponential": 166.02820811220926, "knn_logistic": 3.9875193792624595 }, "geometry": { "type": "Point", "coordinates": [ 2758.590516769440001, 4070.188143246928121 ] } },
{ "type": "Feature", "properties": { "reach": 289, "gravity_logistic": 68.429662038572758, "gravity_exponential": 139.58404368430254, "knn_logistic": 3.290795579400958 }, "geometry": { "type": "Point", "coordinates": [ 3574.687971969070077, 4206.688483841583547 ] } },
{ "type": "Feature", "properties": { "reach": 306, "gravity_logistic": 70.591273147824808, "gravity_exponential": 147.77531266091057, "knn_logistic": 2.9507061390854963 }, "geometry": { "type": "Point", "coordinates": [ 2822.608730893678967, 4178.155913170377062 ] } },
{ "type": "Feature", "properties": { "reach": 506, "gravity_logistic": 102.20334588191464, "gravity_exponential": 236.46457356244071, "knn_logistic": 4.3514674094258297 }, "geometry": { "type": "Point", "coordinates": [ 1485.890551238081343, 2106.036281102107296 ] } },
{ "type": "Feature", "properties": { "reach": 452, "gravity_logistic": 90.449329871418485, "gravity_exponential": 211.51033635562413, "knn_logistic": 3.7726574695860342 }, "geometry": { "type": "Point", "coordinates": [ 3628.260906415586305, 2323.214279076359617 ] } },
{ "type": "Feature", "properties": { "reach": 374, "gravity_logistic": 84.492883655684309, "gravity_exponential": 182.33184047258325, "knn_logistic": 2.9626148029110508 }, "geometry": { "type": "Point", "coordinates": [ 1757.161197617503376, 3842.489427803282979 ] } },
{ "type": "Feature", "properties": { "reach": 399, "gravity_logistic": 84.762225634909214, "gravity_exponential": 190.94907095777918, "knn_logistic": 3.5194648299751674 }, "geometry": { "type": "Point", "coordinates": [ 4340.768357007043051, 2221.345643129211112 ] } },
{ "type": "Feature", "properties": { "reach": 420, "gravity_logistic": 86.443006973814832, "gravity_exponential": 197.4243740012441, "knn_logistic": 2.7914758540761904 }, "geometry": { "type": "Point", "coordinates": [ 2129.861511877929388, 1429.829616196713914 ] } },
{ "type": "Feature", "properties": { "reach": 458, "gravity_logistic": 92.902275190630135, "gravity_exponential": 215.55403291532735, "knn_logistic": 2.795087511190447 }, "geometry": { "type": "Point", "coordinates": [ 2180.106205690050956, 2692.06344584173894 ] } },
{ "type": "Feature", "properties": { "reach": 394, "gravity_logistic": 93.652040983484994, "gravity_exponential": 192.39706015018083, "knn_logistic": 3.5726682399584808 }, "geometry": { "type": "Point", "coordinates": [ 2729.4620110993651, 3848.568992239990621 ] } },
{ "type": "Feature", "properties": { "reach": 238, "gravity_logistic": 48.20481404793783, "gravity_exponential": 112.23826543028139, "knn_logistic": 4.6169267255240687 }, "geometry": { "type": "Point", "coordinates": [ 2560.669221823386579, 4346.539678464139797 ] } },
{ "type": "Feature", "properties": { "reach": 425, "gravity_logistic": 87.373842166278038, "gravity_exponential": 200.4842361703661, "knn_logistic": 4.2233695907896527 }, "geometry": { "type": "Point", "coordinates": [ 2765.182347231087078, 932.77989273977812 ] } },
{ "type": "Feature", "properties": { "reach": 434, "gravity_logistic": 109.62484424486227, "gravity_exponential": 215.03822387052358, "knn_logistic": 3.2977709155758768 }, "geometry": { "type": "Point", "coordinates": [ 662.332690573092123, 2392.5477493221033 ] } },
{ "type": "Feature", "properties": { "reach": 230, "gravity_logistic": 73.960192169589675, "gravity_exponential": 121.04698616637388, "knn_logistic": 3.6877856080157176 }, "geometry": { "type": "Point", "coordinates": [ 209.183164239591576, 3737.437673539632669 ] } },
{ "type": "Feature", "properties": { "reach": 457, "gravity_logistic": 86.029834658520485, "gravity_exponential": 211.30010928506516, "knn_logistic": 4.9488105404076546 }, "geometry": { "type": "Point", "coordinates": [ 3794.558641485160933, 2945.935903187711574 ] } },
{ "type": "Feature", "properties": { "reach": 462, "gravity_logistic": 115.3733036741468, "gravity_exponential": 229.47683549529322, "knn_logistic": 2.8756305365363701 }, "geometry": { "type": "Point", "coordinates": [ 772.79449127933151, 2321.941263159490518 ] } },
{ "type": "Feature", "properties": { "reach": 205, "gravity_logistic": 52.026920656587286, "gravity_exponential": 101.92410784353098, "knn_logistic": 2.9036732018941294 }, "geometry": { "type": "Point", "coordinates": [ 4562.475864613618796, 119.869309174850372 ] } },
{ "type": "Feature", "properties": { "reach": 387, "gravity_logistic": 83.835350500095359, "gravity_exponential": 184.20977967524772, "knn_logistic": 3.4499251919023237 }, "geometry": { "type": "Point", "coordinates": [ 1431.168443069074783, 3712.474485481451211 ] } },
{ "type": "Feature", "properties": { "reach": 460, "gravity_logistic": 97.290687941609619, "gravity_exponential": 219.26284797575767, "knn_logistic": 3.9962626580635208 }, "geometry": { "type": "Point", "coordinates": [ 2258.275680856278996, 3487.187666976677519 ] } },
{ "type": "Feature", "properties": { "reach": 446, "gravity_logistic": 84.498603977159192, "gravity_exponential": 207.66802231061914, "knn_logistic": 3.3725588671215192 }, "geometry": { "type": "Point", "coordinates": [ 3409.307267797126315, 3380.138678346813322 ] } },
{ "type": "Feature", "properties": { "reach": 355, "gravity_logistic": 79.52441857088067, "gravity_exponential": 171.84612365375219, "knn_logistic": 2.7375346583448636 }, "geometry": { "type": "Point", "coordinates": [ 1731.330627835069436, 551.534430215777547 ] } },
{ "type": "Feature", "properties": { "reach": 478, "gravity_logistic": 90.59615879143854, "gravity_exponential": 222.68597842138689, "knn_logistic": 3.5297544913373731 }, "geometry": { "type": "Point", "coordinates": [ 3407.479389377195275, 1343.415585842821656 ] } },
{ "type": "Feature", "properties": { "reach": 430, "gravity_logistic": 85.542111375624302, "gravity_exponential": 202.2363560024807, "knn_logistic": 3.0514599366977277 }, "geometry": { "type": "Point", "coordinates": [ 3218.357536265707495, 2726.106134367338655 ] } },
{ "type": "Feature", "properties": { "reach": 417, "gravity_logistic": 83.175817312028599, "gravity_exponential": 196.84099735309684, "knn_logistic": 3.5123740160226213 }, "geometry": { "type": "Point", "coordinates": [ 4259.932164600039869, 3352.337243976829086 ] } },
{ "type": "Feature", "properties": { "reach": 241, "gravity_logistic": 60.436448116223552, "gravity_exponential": 119.34301174198885, "knn_logistic": 3.104889537101351 }, "geometry": { "type": "Point", "coordinates": [ 715.688680975216471, 4110.942378553960225 ] } },
{ "type": "Feature", "properties": { "reach": 452, "gravity_logistic": 90.549996319220298, "gravity_exponential": 211.49481747274609, "knn_logistic": 2.5441619303436456 }, "geometry": { "type": "Point", "coordinates": [ 3280.211943290481486, 937.637803959144662 ] } },
{ "type": "Feature", "properties": { "reach": 427, "gravity_logistic": 81.237473652054433, "gravity_exponential": 196.47055101923661, "knn_logistic": 2.0804836825203621 }, "geometry": { "type": "Point", "coordinates": [ 4324.40996367063417, 2525.820821300169882 ] } },
{ "type": "Feature", "properties": { "reach": 341, "gravity_logistic": 83.213821923610624, "gravity_exponential": 166.47474235872605, "knn_logistic": 4.3262783983918895 }, "geometry": { "type": "Point", "coordinates": [ 2812.409389718993225, 4072.810701621664521 ] } },
{ "type": "Feature", "properties": { "reach": 460, "gravity_logistic": 93.473667963705481, "gravity_exponential": 216.90863013260767, "knn_logistic": 2.1274827014301625 }, "geometry": { "type": "Point", "coordinates": [ 3720.034295070172902, 1153.686284388563308 ] } },
{ "type": "Feature", "properties": { "reach": 434, "gravity_logistic": 91.35935702660251, "gravity_exponential": 205.61614990094358, "knn_logistic": 2.97133570546562 }, "geometry": { "type": "Point", "coordinates": [ 3135.193645535892756, 981.438649298504288 ] } },
{ "type": "Feature", "properties": { "reach": 458, "gravity_logistic": 88.451625276825055, "gravity_exponential": 212.88954555350244, "knn_logistic": 2.2333899419409349 }, "geometry": { "type": "Point", "coordinates": [ 2969.570130856219293, 2814.965370838711806 ] } },
{ "type": "Feature", "properties": { "reach": 360, "gravity_logistic": 93.277643318998287, "gravity_exponential": 178.35441127011475, "knn_logistic": 4.5971899366001425 }, "geometry": { "type": "Point", "coordinates": [ 2886.187489889062817, 495.675225444519072 ] } },
{ "type": "Feature", "properties": { "reach": 367, "gravity_logistic": 80.320326967883858, "gravity_exponential": 174.77335443655559, "knn_logistic": 1.783250677330221 }, "geometry": { "type": "Point", "coordinates": [ 520.84599605887604, 3296.880545826533762 ] } },
{ "type": "Feature", "properties": { "reach": 253, "gravity_logistic": 71.729967442377159, "gravity_exponential": 129.35664262802618, "knn_logistic": 3.4239853058549827 }, "geometry": { "type": "Point", "coordinates": [ 162.19144350621346, 3284.585420846494344 ] } },
{ "type": "Feature", "properties": { "reach": 260, "gravity_logistic": 42.345213844087219, "gravity_exponential": 116.45155509991943, "knn_logistic": 4.2927337349156591 }, "geometry": { "type": "Point", "coordinates": [ 0.19525667534689, 1361.387600572357996 ] } },
{ "type": "Feature", "properties": { "reach": 476, "gravity_logistic": 93.432610104777197, "gravity_exponential": 222.9733145629184, "knn_logistic": 2.0471909881897248 }, "geometry": { "type": "Point", "coordinates": [ 2197.713364352220196, 2487.451652694239328 ] } },
{ "type": "Feature", "properties": { "reach": 303, "gravity_logistic": 75.715912367408066, "gravity_exponential": 149.54714522405669, "knn_logistic": 3.073615526012845 }, "geometry": { "type": "Point", "coordinates": [ 2476.681953831164719, 4152.675238570329384 ] } },
{ "type": "Feature", "properties": { "reach": 393, "gravity_logistic": 103.30153491280336, "gravity_exponential": 196.47160805283227, "knn_logistic": 3.8999011268885631 }, "geometry": { "type": "Point", "coordinates": [ 4467.658733473313077, 1650.921591338579219 ] } },
{ "type": "Feature", "properties": { "reach": 336, "gravity_logistic": 80.456990042929164, "gravity_exponential": 165.60008141713683, "knn_logistic": 3.2297892874269598 }, "geometry": { "type": "Point", "coordinates": [ 4565.374838981180801, 3272.288961504550571 ] } },
{ "type": "Feature", "properties": { "reach": 441, "gravity_logistic": 100.96577271187689, "gravity_exponential": 214.52693326926777, "knn_logistic": 2.6522087450902974 }, "geometry": { "type": "Point", "coordinates": [ 4313.435716174330992, 1102.064522301867783 ] } },
{ "type": "Feature", "properties": { "reach": 443, "gravity_logistic": 98.946048464965486, "gravity_exponential": 213.49687321479897, "knn_logistic": 2.9166318875601194 }, "geometry": { "type": "Point", "coordinates": [ 552.229464054526602, 1400.327739924840898 ] } },
{ "type": "Feature", "properties": { "reach": 441, "gravity_logistic": 87.964672394068756, "gravity_exponential": 206.98735434481372, "knn_logistic": 2.2857201789813519 }, "geometry": { "type": "Point", "coordinates": [ 2640.303334089524469, 1958.496533742330257 ] } },
{ "type": "Feature", "properties": { "reach": 278, "gravity_logistic": 67.472852553898051, "gravity_exponential": 137.24236203172242, "knn_logistic": 2.1925404545004481 }, "geometry": { "type": "Point", "coordinates": [ 716.714749447094505, 3983.054654693167322 ] } },
{ "type": "Feature", "properties": { "reach": 303, "gravity_logistic": 67.258904512507954, "gravity_exponential": 146.63420252252163, "knn_logistic": 3.5518841494956752 }, "geometry": { "type": "Point", "coordinates": [ 3117.237316017159173, 4176.068154976743244 ] } },
{ "type": "Feature", "properties": { "reach": 460, "gravity_logistic": 98.541254337296564, "gravity_exponential": 219.64597650022503, "knn_logistic": 2.1978351619405032 }, "geometry": { "type": "Point", "coordinates": [ 1207.221180634185203, 1023.041238708630544 ] } },
{ "type": "Feature", "properties": { "reach": 453, "gravity_logistic": 91.130415654754415, "gravity_exponential": 213.45040429130881, "knn_logistic": 2.2206324244345752 }, "geometry": { "type": "Point", "coordinates": [ 2626.431187735197909, 3456.077678130018739 ] } },
{ "type": "Feature", "properties": { "reach": 318, "gravity_logistic": 93.382543799442686, "gravity_exponential": 164.4140417435105, "knn_logistic": 2.3294989066777791 }, "geometry": { "type": "Point", "coordinates": [ 287.335044103639802, 718.655584741850816 ] } },
{ "type": "Feature", "properties": { "reach": 479, "gravity_logistic": 93.312528687325553, "gravity_exponential": 223.24415034768896, "knn_logistic": 1.7218975909869896 }, "geometry": { "type": "Point", "coordinates": [ 1858.716083602994559, 2142.849565000013172 ] } },
{ "type": "Feature", "properties": { "reach": 435, "gravity_logistic": 78.441166987564372, "gravity_exponential": 201.20097900523825, "knn_logistic": 1.9951789423176272 }, "geometry": { "type": "Point", "coordinates": [ 3969.582905351881436, 2637.603976796589905 ] } },
{ "type": "Feature", "properties": { "reach": 271, "gravity_logistic": 53.662383404317715, "gravity_exponential": 128.15190980768841, "knn_logistic": 3.4882721717342218 }, "geometry": { "type": "Point", "coordinates": [ 1319.530967689108138, 146.914836548375888 ] } },
{ "type": "Feature", "properties": { "reach": 479, "gravity_logistic": 108.9404689059772, "gravity_exponential": 230.65240115015507, "knn_logistic": 2.8969515983649932 }, "geometry": { "type": "Point", "coordinates": [ 764.514596475715393, 1593.423423453777104 ] } },
{ "type": "Feature", "properties": { "reach": 426, "gravity_logistic": 90.151120141852388, "gravity_exponential": 203.18798381677618, "knn_logistic": 4.1149020939266041 }, "geometry": { "type": "Point", "coordinates": [ 4233.2682117945551, 2112.694180320173928 ] } },
{ "type": "Feature", "properties": { "reach": 342, "gravity_logistic": 78.789966550909824, "gravity_exponential": 165.2440332846717, "knn_logistic": 2.2691666270806983 }, "geometry": { "type": "Point", "coordinates": [ 264.96729514911118, 1922.952108992546755 ] } },
{ "type": "Feature", "properties": { "reach": 209, "gravity_logistic": 55.3981980402164, "gravity_exponential": 105.47181164678338, "knn_logistic": 4.8585568877090974 }, "geometry": { "type": "Point", "coordinates": [ 4972.828376960136666, 716.476386237422616 ] } },
{ "type": "Feature", "properties": { "reach": 380, "gravity_logistic": 92.952975918164, "gravity_exponential": 186.76835093497715, "knn_logistic": 3.1934537452819121 }, "geometry": { "type": "Point", "coordinates": [ 4512.208798046070115, 1862.438235284339726 ] } },
{ "type": "Feature", "properties": { "reach": 443, "gravity_logistic": 82.927616961836776, "gravity_exponential": 204.68060450790264, "knn_logistic": 4.9395275959976264 }, "geometry": { "type": "Point", "coordinates": [ 3824.621328518221162, 3001.93389963664049 ] } },
{ "type": "Feature", "properties": { "reach": 485, "gravity_logistic": 93.613656769648557, "gravity_exponential": 224.87906733855129, "knn_logistic": 3.3511616390600696 }, "geometry": { "type": "Point", "coordinates": [ 1816.882526033674594, 2067.061084033720363 ] } },
{ "type": "Feature", "properties": { "reach": 519, "gravity_logistic": 104.4887984982724, "gravity_exponential": 241.94258704687363, "knn_logistic": 2.7175369850108053 }, "geometry": { "type": "Point", "coordinates": [ 1092.019093669066933, 1374.539218447129315 ] } },
{ "type": "Feature", "properties": { "reach": 451, "gravity_logistic": 101.09043800927986, "gravity_exponential": 217.10952754627968, "knn_logistic": 3.613944271964201 }, "geometry": { "type": "Point", "coordinates": [ 2340.675878905277386, 3573.702648128553392 ] } },
{ "type": "Feature", "properties": { "reach": 386, "gravity_logistic": 87.072840462506761, "gravity_exponential": 184.50486871246233, "knn_logistic": 2.5289667560802407 }, "geometry": { "type": "Point", "coordinates": [ 3914.498676396361589, 499.175115344658195 ] } },
{ "type": "Feature", "properties": { "reach": 495, "gravity_logistic": 111.52881233444462, "gravity_exponential": 238.24972910258953, "knn_logistic": 3.9718759252606017 }, "geometry": { "type": "Point", "coordinates": [ 990.329442054956075, 1119.398265892706604 ] } },
{ "type": "Feature", "properties": { "reach": 311, "gravity_logistic": 86.9801112977039, "gravity_exponential": 160.00007243913248, "knn_logistic": 3.2022371799220291 }, "geometry": { "type": "Point", "coordinates": [ 4357.271166028113839, 436.495890835545083 ] } },
{ "type": "Feature", "properties": { "reach": 342, "gravity_logistic": 66.659008322802009, "gravity_exponential": 160.79402506739464, "knn_logistic": 3.4342340465621479 }, "geometry": { "type": "Point", "coordinates": [ 4676.25373904495882, 2273.740509229293821 ] } },
{ "type": "Feature", "properties": { "reach": 414, "gravity_logistic": 89.110109186008373, "gravity_exponential": 195.12305152946504, "knn_logistic": 2.0566589848124193 }, "geometry": { "type": "Point", "coordinates": [ 2706.929960796867817, 773.799831919047165 ] } },
{ "type": "Feature", "properties": { "reach": 385, "gravity_logistic": 82.315843719919485, "gravity_exponential": 182.1744206334115, "knn_logistic": 1.954673826399653 }, "geometry": { "type": "Point", "coordinates": [ 2255.161532657295993, 536.407268524790425 ] } },
{ "type": "Feature", "properties": { "reach": 481, "gravity_logistic": 98.999084428177326, "gravity_exponential": 227.89325524318679, "knn_logistic": 2.9280081064991035 }, "geometry": { "type": "Point", "coordinates": [ 3849.471372688225983, 1522.865409042005467 ] } },
{ "type": "Feature", "properties": { "reach": 434, "gravity_logistic": 77.844701153727797, "gravity_exponential": 200.32855185484618, "knn_logistic": 3.1641616335902247 }, "geometry": { "type": "Point", "coordinates": [ 4125.637776954004039, 2486.002265798644657 ] } },
{ "type": "Feature", "properties": { "reach": 506, "gravity_logistic": 107.28143367184747, "gravity_exponential": 239.1537976730209, "knn_logistic": 3.9007493053073894 }, "geometry": { "type": "Point", "coordinates": [ 1442.194211696057209, 2486.806413373045871 ] } },
{ "type": "Feature", "properties": { "reach": 244, "gravity_logistic": 49.871040211837304, "gravity_exponential": 114.41443678514844, "knn_logistic": 2.5649621539826777 }, "geometry": { "type": "Point", "coordinates": [ 2331.485120439255752, 4344.660410759193837 ] } },
{ "type": "Feature", "properties": { "reach": 409, "gravity_logistic": 82.115152085635771, "gravity_exponential": 193.65353226024351, "knn_logistic": 1.9528485846606369 }, "geometry": { "type": "Point", "coordinates": [ 4233.809873334719668, 2944.254376515079002 ] } },
{ "type": "Feature", "properties": { "reach": 277, "gravity_logistic": 66.212694717258316, "gravity_exponential": 135.34209470094365, "knn_logistic": 3.3400881909883422 }, "geometry": { "type": "Point", "coordinates": [ 2671.002736799958711, 4234.148383153862596 ] } },
{ "type": "Feature", "properties": { "reach": 224, "gravity_logistic": 60.312542909845547, "gravity_exponential": 112.78419210648333, "knn_logistic": 2.1556377887678351 }, "geometry": { "type": "Point", "coordinates": [ 636.505479275355583, 4126.837482533212096 ] } },
{ "type": "Feature", "properties": { "reach": 329, "gravity_logistic": 78.957078337743454, "gravity_exponential": 162.06376656028186, "knn_logistic": 3.0471603009999519 }, "geometry": { "type": "Point", "coordinates": [ 1773.232262912954639, 440.790269991318041 ] } },
{ "type": "Feature", "properties": { "reach": 475, "gravity_logistic": 93.190363988722652, "gravity_exponential": 223.30636713310213, "knn_logistic": 3.8085983353263382 }, "geometry": { "type": "Point", "coordinates": [ 2253.499669466700652, 3206.806306537129331 ] } },
{ "type": "Feature", "properties": { "reach": 471, "gravity_logistic": 108.39016207828936, "gravity_exponential": 229.44932128952374, "knn_logistic": 2.9220466188810872 }, "geometry": { "type": "Point", "coordinates": [ 715.91999672348561, 1237.42239361918314 ] } },
{ "type": "Feature", "properties": { "reach": 320, "gravity_logistic": 83.200763285364047, "gravity_exponential": 158.40008398774441, "knn_logistic": 1.8723393835769495 }, "geometry": { "type": "Point", "coordinates": [ 4682.324793076108108, 3082.729190981929605 ] } },
{ "type": "Feature", "properties": { "reach": 485, "gravity_logistic": 92.790681242882272, "gravity_exponential": 226.04861124071573, "knn_logistic": 5.0613947109198207 }, "geometry": { "type": "Point", "coordinates": [ 1038.821636795494669, 2692.022007892296642 ] } },
{ "type": "Feature", "properties": { "reach": 275, "gravity_logistic": 65.298642224503368, "gravity_exponential": 133.78949142357095, "knn_logistic": 4.3087571704824876 }, "geometry": { "type": "Point", "coordinates": [ 2531.431073204143104, 4244.025374934759384 ] } },
{ "type": "Feature", "properties": { "reach": 409, "gravity_logistic": 91.015536600546298, "gravity_exponential": 197.72703648855281, "knn_logistic": 3.024597449256865 }, "geometry": { "type": "Point", "coordinates": [ 4095.224171866098004, 3576.141357215834432 ] } },
{ "type": "Feature", "properties": { "reach": 441, "gravity_logistic": 98.275525101435861, "gravity_exponential": 212.6773846521254, "knn_logistic": 4.2542119982986684 }, "geometry": { "type": "Point", "coordinates": [ 4275.253876074809341, 1029.096534205411672 ] } },
{ "type": "Feature", "properties": { "reach": 483, "gravity_logistic": 89.924754076868211, "gravity_exponential": 223.34282760460437, "knn_logistic": 2.9448115044690475 }, "geometry": { "type": "Point", "coordinates": [ 3300.673727455284734, 1338.571506978021944 ] } },
{ "type": "Feature", "properties": { "reach": 501, "gravity_logistic": 80.912365998836691, "gravity_exponential": 226.05786523974734, "knn_logistic": 3.2118861656509963 }, "geometry": { "type": "Point", "coordinates": [ 1578.615971372662898, 1705.319087784789872 ] } },
{ "type": "Feature", "properties": { "reach": 511, "gravity_logistic": 91.471313926338112, "gravity_exponential": 234.46136906164617, "knn_logistic": 2.5033871836477779 }, "geometry": { "type": "Point", "coordinates": [ 1462.523443132188277, 1871.154711266728327 ] } },
{ "type": "Feature", "properties": { "reach": 423, "gravity_logistic": 86.121702124780711, "gravity_exponential": 202.34024267023955, "knn_logistic": 2.6388817790968671 }, "geometry": { "type": "Point", "coordinates": [ 3571.80085669343498, 3669.529836138784049 ] } },
{ "type": "Feature", "properties": { "reach": 456, "gravity_logistic": 85.314379430643314, "gravity_exponential": 211.00520558854731, "knn_logistic": 3.6135152726233537 }, "geometry": { "type": "Point", "coordinates": [ 2953.066131618152667, 2020.302148813027543 ] } },
{ "type": "Feature", "properties": { "reach": 460, "gravity_logistic": 87.163215190364468, "gravity_exponential": 215.13774456680491, "knn_logistic": 4.3553196235441973 }, "geometry": { "type": "Point", "coordinates": [ 2530.718972382092488, 3009.823114069028179 ] } },
{ "type": "Feature", "properties": { "reach": 455, "gravity_logistic": 110.99729003148781, "gravity_exponential": 223.64586124372408, "knn_logistic": 2.9828419387756471 }, "geometry": { "type": "Point", "coordinates": [ 883.290862819755262, 837.074908334544489 ] } },
{ "type": "Feature", "properties": { "reach": 446, "gravity_logistic": 87.626082755105671, "gravity_exponential": 207.48632565030331, "knn_logistic": 4.2142671420209306 }, "geometry": { "type": "Point", "coordinates": [ 2186.142219199820374, 1701.837995157929072 ] } },
{ "type": "Feature", "properties": { "reach": 247, "gravity_logistic": 45.594556286189977, "gravity_exponential": 113.90673580731918, "knn_logistic": 3.3665373857821268 }, "geometry": { "type": "Point", "coordinates": [ 1669.70391822999477, 4291.563237741269404 ] } },
{ "type": "Feature", "properties": { "reach": 477, "gravity_logistic": 88.708762871227506, "gravity_exponential": 219.22316029231052, "knn_logistic": 1.9706806485557535 }, "geometry": { "type": "Point", "coordinates": [ 2636.998182512532367, 2703.20092055392206 ] } },
{ "type": "Feature", "properties": { "reach": 332, "gravity_logistic": 83.970514451072276, "gravity_exponential": 164.47739258247915, "knn_logistic": 3.6365867758475039 }, "geometry": { "type": "Point", "coordinates": [ 2530.381009780802742, 4044.183385222901506 ] } },
{ "type": "Feature", "properties": { "reach": 324, "gravity_logistic": 72.270764972501397, "gravity_exponential": 154.61163501463892, "knn_logistic": 4.9816116298935915 }, "geometry": { "type": "Point", "coordinates": [ 221.516878219353146, 2358.746390193171919 ] } },
{ "type": "Feature", "properties": { "reach": 433, "gravity_logistic": 87.130247467535938, "gravity_exponential": 202.8890847162568, "knn_logistic": 2.2992283434423211 }, "geometry": { "type": "Point", "coordinates": [ 2231.506784464555494, 1648.070011046943591 ] } },
{ "type": "Feature", "properties": { "reach": 453, "gravity_logistic": 96.98786585877545, "gravity_exponential": 214.98861995025754, "knn_logistic": 3.271390332277484 }, "geometry": { "type": "Point", "coordinates": [ 3355.894366549791812, 1840.064048196745716 ] } },
{ "type": "Feature", "properties": { "reach": 425, "gravity_logistic": 97.510107134838407, "gravity_exponential": 204.73685448429299, "knn_logistic": 2.6679949066190409 }, "geometry": { "type": "Point", "coordinates": [ 1758.047381416506369, 3542.232369211784771 ] } },
{ "type": "Feature", "properties": { "reach": 357, "gravity_logistic": 78.774727313511278, "gravity_exponential": 171.11098102169944, "knn_logistic": 2.4916153328626911 }, "geometry": { "type": "Point", "coordinates": [ 331.523203785212388, 2566.310734527299701 ] } },
{ "type": "Feature", "properties": { "reach": 440, "gravity_logistic": 83.16789321154873, "gravity_exponential": 203.72431315269981, "knn_logistic": 1.4582871157143469 }, "geometry": { "type": "Point", "coordinates": [ 769.012021999400076, 2884.007374508388239 ] } },
{ "type": "Feature", "properties": { "reach": 487, "gravity_logistic": 90.021577243618921, "gravity_exponential": 224.77567618796846, "knn_logistic": 3.4982890398725104 }, "geometry": { "type": "Point", "coordinates": [ 3467.630409784628227, 1342.735723364901332 ] } },
{ "type": "Feature", "properties": { "reach": 432, "gravity_logistic": 86.347564644799164, "gravity_exponential": 202.74993952074465, "knn_logistic": 1.9258425227927087 }, "geometry": { "type": "Point", "coordinates": [ 2573.848753519849197, 1650.704863184006854 ] } },
{ "type": "Feature", "properties": { "reach": 484, "gravity_logistic": 105.35387115312979, "gravity_exponential": 230.27838838225614, "knn_logistic": 4.1707084950847726 }, "geometry": { "type": "Point", "coordinates": [ 1692.512306789217064, 2473.542749623022701 ] } },
{ "type": "Feature", "properties": { "reach": 449, "gravity_logistic": 91.363566762904881, "gravity_exponential": 211.33001496081744, "knn_logistic": 2.0960479189631358 }, "geometry": { "type": "Point", "coordinates": [ 3903.789643516784963, 3319.634772213531051 ] } },
{ "type": "Feature", "properties": { "reach": 268, "gravity_logistic": 63.543993624875213, "gravity_exponential": 130.5724409042827, "knn_logistic": 2.8526997804735683 }, "geometry": { "type": "Point", "coordinates": [ 2825.023084384354661, 112.90693587962393 ] } },
{ "type": "Feature", "properties": { "reach": 250, "gravity_logistic": 56.314866007577628, "gravity_exponential": 120.13394852488243, "knn_logistic": 1.9891023284588676 }, "geometry": { "type": "Point", "coordinates": [ 3731.066632523287808, 113.490014749127425 ] } },
{ "type": "Feature", "properties": { "reach": 442, "gravity_logistic": 79.98371825922159, "gravity_exponential": 203.45206025984027, "knn_logistic": 3.3538095813287385 }, "geometry": { "type": "Point", "coordinates": [ 2366.91254963024403, 1093.196866412959025 ] } },
{ "type": "Feature", "properties": { "reach": 451, "gravity_logistic": 88.006761272098117, "gravity_exponential": 210.27020840410219, "knn_logistic": 2.9909955728611308 }, "geometry": { "type": "Point", "coordinates": [ 3352.530241702068906, 3216.388398482221419 ] } },
{ "type": "Feature", "properties": { "reach": 324, "gravity_logistic": 82.483500254508243, "gravity_exponential": 160.3178657509568, "knn_logistic": 2.7419066616429912 }, "geometry": { "type": "Point", "coordinates": [ 2606.77895475623518, 4068.74079217779672 ] } },
{ "type": "Feature", "properties": { "reach": 464, "gravity_logistic": 90.269578444913279, "gravity_exponential": 217.46018083100651, "knn_logistic": 2.0246330408279705 }, "geometry": { "type": "Point", "coordinates": [ 1677.689435447897495, 3136.111751145795097 ] } },
{ "type": "Feature", "properties": { "reach": 324, "gravity_logistic": 74.694690018702929, "gravity_exponential": 156.29558247969305, "knn_logistic": 5.1036320771828469 }, "geometry": { "type": "Point", "coordinates": [ 231.779234738159545, 2308.784649848701065 ] } },
{ "type": "Feature", "properties": { "reach": 455, "gravity_logistic": 89.946513689807887, "gravity_exponential": 212.26151896144165, "knn_logistic": 3.0772060139077499 }, "geometry": { "type": "Point", "coordinates": [ 4011.283363721965998, 3442.724794045608633 ] } },
{ "type": "Feature", "properties": { "reach": 486, "gravity_logistic": 83.145624374804157, "gravity_exponential": 221.60870275001611, "knn_logistic": 4.2069245715681927 }, "geometry": { "type": "Point", "coordinates": [ 1418.423110795735283, 3021.879773574715273 ] } },
{ "type": "Feature", "properties": { "reach": 433, "gravity_logistic": 77.997096333424466, "gravity_exponential": 200.18245436515687, "knn_logistic": 5.1190479727859541 }, "geometry": { "type": "Point", "coordinates": [ 935.623801790883249, 3365.586572615277873 ] } },
{ "type": "Feature", "properties": { "reach": 379, "gravity_logistic": 77.122160979573295, "gravity_exponential": 179.88567298458872, "knn_logistic": 2.5519349972755618 }, "geometry": { "type": "Point", "coordinates": [ 492.330024110994543, 2902.798815932847901 ] } },
{ "type": "Feature", "properties": { "reach": 438, "gravity_logistic": 91.52877850080624, "gravity_exponential": 208.47297123821335, "knn_logistic": 3.2433433429515328 }, "geometry": { "type": "Point", "coordinates": [ 2788.557304435547394, 3558.933815949949803 ] } },
{ "type": "Feature", "properties": { "reach": 452, "gravity_logistic": 84.075954866919545, "gravity_exponential": 208.40195348804414, "knn_logistic": 3.0170290545041762 }, "geometry": { "type": "Point", "coordinates": [ 4180.398370128555143, 3212.598732223035768 ] } },
{ "type": "Feature", "properties": { "reach": 332, "gravity_logistic": 73.621321385915124, "gravity_exponential": 158.96562017938979, "knn_logistic": 2.263447798532507 }, "geometry": { "type": "Point", "coordinates": [ 1262.601049866135099, 3917.896475578063928 ] } },
{ "type": "Feature", "properties": { "reach": 330, "gravity_logistic": 81.436072529091462, "gravity_exponential": 161.67348444446623, "knn_logistic": 2.9424076877174792 }, "geometry": { "type": "Point", "coordinates": [ 4615.952399185625836, 725.212643908310156 ] } },
{ "type": "Feature", "properties": { "reach": 491, "gravity_logistic": 106.25435495767353, "gravity_exponential": 233.56434346621026, "knn_logistic": 2.3614135768696087 }, "geometry": { "type": "Point", "coordinates": [ 1537.794433563990879, 2382.809715098783272 ] } },
{ "type": "Feature", "properties": { "reach": 442, "gravity_logistic": 85.173893779952536, "gravity_exponential": 206.52545852947864, "knn_logistic": 2.1793416075762679 }, "geometry": { "type": "Point", "coordinates": [ 2896.870607693456805, 2093.07586177631083 ] } },
{ "type": "Feature", "properties": { "reach": 456, "gravity_logistic": 86.082478596993482, "gravity_exponential": 210.81280997350675, "knn_logistic": 3.1002358965975096 }, "geometry": { "type": "Point", "coordinates": [ 3354.647212799380668, 3493.062681183519544 ] } },
{ "type": "Feature", "properties": { "reach": 467, "gravity_logistic": 96.032679939068814, "gravity_exponential": 219.2321167966173, "knn_logistic": 4.825948123412549 }, "geometry": { "type": "Point", "coordinates": [ 3292.965098168530858, 1816.20392744269634 ] } },
{ "type": "Feature", "properties": { "reach": 356, "gravity_logistic": 81.341737955142463, "gravity_exponential": 172.71314721991362, "knn_logistic": 3.5687854845210998 }, "geometry": { "type": "Point", "coordinates": [ 4510.570324336285921, 3268.627200682855801 ] } },
{ "type": "Feature", "properties": { "reach": 199, "gravity_logistic": 65.229957004331808, "gravity_exponential": 104.76459536295029, "knn_logistic": 3.97667555170184 }, "geometry": { "type": "Point", "coordinates": [ 151.942222953886755, 3848.10204768257654 ] } },
{ "type": "Feature", "properties": { "reach": 469, "gravity_logistic": 89.239782581421537, "gravity_exponential": 217.13597620725761, "knn_logistic": 2.7097770557986323 }, "geometry": { "type": "Point", "coordinates": [ 3101.202248151118511, 3406.194455888000903 ] } },
{ "type": "Feature", "properties": { "reach": 375, "gravity_logistic": 82.21382055466924, "gravity_exponential": 179.41891019912748, "knn_logistic": 2.1109015073380211 }, "geometry": { "type": "Point", "coordinates": [ 1347.180765597510799, 3742.019541609796761 ] } },
{ "type": "Feature", "properties": { "reach": 438, "gravity_logistic": 95.347079448503919, "gravity_exponential": 210.26871481349269, "knn_logistic": 2.339868386675287 }, "geometry": { "type": "Point", "coordinates": [ 2640.870046074909169, 3646.33536490096094 ] } },
{ "type": "Feature", "properties": { "reach": 298, "gravity_logistic": 71.901685023082692, "gravity_exponential": 145.61883650499252, "knn_logistic": 3.3801383201691366 }, "geometry": { "type": "Point", "coordinates": [ 2331.673393091079106, 236.407770781464052 ] } },
{ "type": "Feature", "properties": { "reach": 415, "gravity_logistic": 83.469468273733412, "gravity_exponential": 195.65459095489615, "knn_logistic": 2.9071095074919171 }, "geometry": { "type": "Point", "coordinates": [ 3351.019027929524782, 740.722523531782031 ] } },
{ "type": "Feature", "properties": { "reach": 317, "gravity_logistic": 80.629007915907096, "gravity_exponential": 155.51552310004249, "knn_logistic": 3.0224585113351816 }, "geometry": { "type": "Point", "coordinates": [ 593.062483137264508, 331.075837539625468 ] } },
{ "type": "Feature", "properties": { "reach": 484, "gravity_logistic": 87.65144171312599, "gravity_exponential": 223.08088929165132, "knn_logistic": 3.1372367678329605 }, "geometry": { "type": "Point", "coordinates": [ 1537.445178611988013, 2949.984854948448174 ] } },
{ "type": "Feature", "properties": { "reach": 409, "gravity_logistic": 96.880778819266212, "gravity_exponential": 201.83309469612212, "knn_logistic": 3.9481366859597671 }, "geometry": { "type": "Point", "coordinates": [ 991.479285568133037, 643.003759077461268 ] } },
{ "type": "Feature", "properties": { "reach": 490, "gravity_logistic": 114.8257907423676, "gravity_exponential": 239.84505748229992, "knn_logistic": 3.7209164691996657 }, "geometry": { "type": "Point", "coordinates": [ 907.713941701528825, 2119.794355393487876 ] } },
{ "type": "Feature", "properties": { "reach": 454, "gravity_logistic": 116.00421838401854, "gravity_exponential": 225.73150406739103, "knn_logistic": 3.9625864257590893 }, "geometry": { "type": "Point", "coordinates": [ 696.510241112477729, 2198.161460839256961 ] } },
{ "type": "Feature", "properties": { "reach": 438, "gravity_logistic": 89.824452553237521, "gravity_exponential": 205.16357662689964, "knn_logistic": 3.93674722546108 }, "geometry": { "type": "Point", "coordinates": [ 2466.172159212645056, 1760.433086022729185 ] } },
{ "type": "Feature", "properties": { "reach": 365, "gravity_logistic": 77.838296812737696, "gravity_exponential": 174.55119411395444, "knn_logistic": 3.5025477996800918 }, "geometry": { "type": "Point", "coordinates": [ 1096.205798826124237, 3712.395951434772087 ] } },
{ "type": "Feature", "properties": { "reach": 241, "gravity_logistic": 57.870200841209297, "gravity_exponential": 118.76112996162801, "knn_logistic": 4.2549639335589173 }, "geometry": { "type": "Point", "coordinates": [ 4897.237861996185529, 3550.511788821584105 ] } },
{ "type": "Feature", "properties": { "reach": 371, "gravity_logistic": 80.255565687484989, "gravity_exponential": 176.66421717645824, "knn_logistic": 3.1332983319550727 }, "geometry": { "type": "Point", "coordinates": [ 1372.817998372907368, 3763.753869820387081 ] } },
{ "type": "Feature", "properties": { "reach": 352, "gravity_logistic": 90.888798663972906, "gravity_exponential": 174.7400407290767, "knn_logistic": 2.8067875724675981 }, "geometry": { "type": "Point", "coordinates": [ 2804.018869099609674, 469.105740607835514 ] } },
{ "type": "Feature", "properties": { "reach": 447, "gravity_logistic": 86.753621162547518, "gravity_exponential": 209.64696164138925, "knn_logistic": 2.8751648343602056 }, "geometry": { "type": "Point", "coordinates": [ 3160.503717319225871, 3189.612789988891564 ] } },
{ "type": "Feature", "properties": { "reach": 446, "gravity_logistic": 92.114027794837028, "gravity_exponential": 209.63309744987831, "knn_logistic": 3.4913339997453079 }, "geometry": { "type": "Point", "coordinates": [ 3355.325820512633072, 3010.10205115332019 ] } },
{ "type": "Feature", "properties": { "reach": 420, "gravity_logistic": 81.769067255439779, "gravity_exponential": 195.41728811473655, "knn_logistic": 2.484783518538376 }, "geometry": { "type": "Point", "coordinates": [ 2316.571875770892348, 1207.772764905289478 ] } },
{ "type": "Feature", "properties": { "reach": 309, "gravity_logistic": 75.807271302660311, "gravity_exponential": 151.34850861469332, "knn_logistic": 2.3068931164007029 }, "geometry": { "type": "Point", "coordinates": [ 649.614422211228316, 274.593301580227092 ] } },
{ "type": "Feature", "properties": { "reach": 387, "gravity_logistic": 88.994739900157271, "gravity_exponential": 185.27613257364234, "knn_logistic": 1.8952375175717096 }, "geometry": { "type": "Point", "coordinates": [ 3958.821931348104044, 511.79935633320207 ] } },
{ "type": "Feature", "properties": { "reach": 433, "gravity_logistic": 80.38784174664714, "gravity_exponential": 200.92682007783139, "knn_logistic": 3.94118563528101 }, "geometry": { "type": "Point", "coordinates": [ 4231.165392505057753, 2346.690098326884254 ] } },
{ "type": "Feature", "properties": { "reach": 376, "gravity_logistic": 85.235138424655474, "gravity_exponential": 180.10647800247372, "knn_logistic": 2.5224244459447265 }, "geometry": { "type": "Point", "coordinates": [ 3906.58439510139533, 481.611178945216523 ] } },
{ "type": "Feature", "properties": { "reach": 462, "gravity_logistic": 112.35474947534671, "gravity_exponential": 226.89719400740924, "knn_logistic": 2.7477463293295403 }, "geometry": { "type": "Point", "coordinates": [ 4071.044902476825428, 1519.196589341994695 ] } },
{ "type": "Feature", "properties": { "reach": 374, "gravity_logistic": 91.605926737041628, "gravity_exponential": 184.22878359202761, "knn_logistic": 3.3948116684824878 }, "geometry": { "type": "Point", "coordinates": [ 3078.63816232385625, 569.997470727770974 ] } },
{ "type": "Feature", "properties": { "reach": 480, "gravity_logistic": 99.042299698770393, "gravity_exponential": 225.37809523735424, "knn_logistic": 1.5368931907229286 }, "geometry": { "type": "Point", "coordinates": [ 1923.240867512508885, 3042.567839394796465 ] } },
{ "type": "Feature", "properties": { "reach": 460, "gravity_logistic": 83.751817842813296, "gravity_exponential": 211.72606520869579, "knn_logistic": 2.9251570622913188 }, "geometry": { "type": "Point", "coordinates": [ 1923.560041569470059, 1829.294351600977052 ] } },
{ "type": "Feature", "properties": { "reach": 437, "gravity_logistic": 80.103866012193549, "gravity_exponential": 201.78017882975638, "knn_logistic": 3.9439237291243354 }, "geometry": { "type": "Point", "coordinates": [ 4178.795115018974684, 2675.201916413544495 ] } },
{ "type": "Feature", "properties": { "reach": 338, "gravity_logistic": 77.126150655882512, "gravity_exponential": 164.61372882536054, "knn_logistic": 2.8663830900231777 }, "geometry": { "type": "Point", "coordinates": [ 689.151547878360816, 3684.313696164591875 ] } },
{ "type": "Feature", "properties": { "reach": 471, "gravity_logistic": 92.76657649422522, "gravity_exponential": 219.60791252560313, "knn_logistic": 3.2752521239092545 }, "geometry": { "type": "Point", "coordinates": [ 2200.658728054490894, 2827.429434453989415 ] } },
{ "type": "Feature", "properties": { "reach": 392, "gravity_logistic": 82.508828742721988, "gravity_exponential": 184.14741228762446, "knn_logistic": 3.1487924835635686 }, "geometry": { "type": "Point", "coordinates": [ 4457.150370240564371, 2546.480688518920033 ] } },
{ "type": "Feature", "properties": { "reach": 343, "gravity_logistic": 81.79566733405386, "gravity_exponential": 165.09947524182687, "knn_logistic": 2.5872202607553803 }, "geometry": { "type": "Point", "coordinates": [ 2142.674374772625015, 368.691864542027247 ] } },
{ "type": "Feature", "properties": { "reach": 196, "gravity_logistic": 43.19394109851067, "gravity_exponential": 94.84015574796959, "knn_logistic": 3.6657307864176287 }, "geometry": { "type": "Point", "coordinates": [ 482.803010689490861, -1.360459497763005 ] } },
{ "type": "Feature", "properties": { "reach": 295, "gravity_logistic": 65.331873884584084, "gravity_exponential": 141.31745918257437, "knn_logistic": 2.5036907137702586 }, "geometry": { "type": "Point", "coordinates": [ 3720.816497157664344, 221.874481799842357 ] } },
{ "type": "Feature", "properties": { "reach": 167, "gravity_logistic": 47.122125944158, "gravity_exponential": 85.634248821101011, "knn_logistic": 3.8977498471904837 }, "geometry": { "type": "Point", "coordinates": [ 2.240704261127525, 3891.060201443334336 ] } },
{ "type": "Feature", "properties": { "reach": 349, "gravity_logistic": 78.361991187562793, "gravity_exponential": 167.97526409976052, "knn_logistic": 4.1020101862142191 }, "geometry": { "type": "Point", "coordinates": [ 3849.546553185858102, 399.55306402605737 ] } },
{ "type": "Feature", "properties": { "reach": 473, "gravity_logistic": 81.824118443801297, "gravity_exponential": 214.50214174643361, "knn_logistic": 1.8732887044655673 }, "geometry": { "type": "Point", "coordinates": [ 1696.40118542207415, 1318.068063374963913 ] } },
{ "type": "Feature", "properties": { "reach": 233, "gravity_logistic": 46.332350318979309, "gravity_exponential": 109.08579182334823, "knn_logistic": 2.737762645781471 }, "geometry": { "type": "Point", "coordinates": [ 1296.60840330478095, 4268.858616924694616 ] } },
{ "type": "Feature", "properties": { "reach": 433, "gravity_logistic": 85.594746918856401, "gravity_exponential": 202.28071578492126, "knn_logistic": 3.1955380603359305 }, "geometry": { "type": "Point", "coordinates": [ 2107.249166612039971, 1647.664651750656276 ] } },
{ "type": "Feature", "properties": { "reach": 239, "gravity_logistic": 52.904166991892879, "gravity_exponential": 115.22517062865124, "knn_logistic": 3.7160264303850878 }, "geometry": { "type": "Point", "coordinates": [ 2417.671059027501087, 67.128998957841006 ] } },
{ "type": "Feature", "properties": { "reach": 434, "gravity_logistic": 83.534371678829189, "gravity_exponential": 200.53902985961446, "knn_logistic": 3.5436373286817586 }, "geometry": { "type": "Point", "coordinates": [ 2364.613963361783135, 1297.790767130364202 ] } },
{ "type": "Feature", "properties": { "reach": 440, "gravity_logistic": 90.829037674171985, "gravity_exponential": 207.82803162119347, "knn_logistic": 2.1787217056093073 }, "geometry": { "type": "Point", "coordinates": [ 3807.567550619013673, 3351.894534150461368 ] } },
{ "type": "Feature", "properties": { "reach": 271, "gravity_logistic": 57.244020481127535, "gravity_exponential": 129.39215299425237, "knn_logistic": 3.3209109088932625 }, "geometry": { "type": "Point", "coordinates": [ 2089.58218072044383, 4252.439310889867556 ] } },
{ "type": "Feature", "properties": { "reach": 356, "gravity_logistic": 92.177593128180092, "gravity_exponential": 177.44316324874382, "knn_logistic": 3.6677757415199439 }, "geometry": { "type": "Point", "coordinates": [ 4596.93593079312177, 1653.605161418433227 ] } },
{ "type": "Feature", "properties": { "reach": 444, "gravity_logistic": 100.88044783286544, "gravity_exponential": 214.93370236307311, "knn_logistic": 2.1449364625421228 }, "geometry": { "type": "Point", "coordinates": [ 4158.085408868389095, 935.815135162862816 ] } },
{ "type": "Feature", "properties": { "reach": 319, "gravity_logistic": 75.197629989359399, "gravity_exponential": 155.52024832752551, "knn_logistic": 2.1209419292579943 }, "geometry": { "type": "Point", "coordinates": [ 167.313967713379895, 1070.952207801033865 ] } },
{ "type": "Feature", "properties": { "reach": 497, "gravity_logistic": 99.509424218373908, "gravity_exponential": 232.56241699493435, "knn_logistic": 3.7615098538140836 }, "geometry": { "type": "Point", "coordinates": [ 1182.243423946678149, 1261.831444750601349 ] } },
{ "type": "Feature", "properties": { "reach": 500, "gravity_logistic": 100.40273559659347, "gravity_exponential": 235.01874763095819, "knn_logistic": 3.2537909946993406 }, "geometry": { "type": "Point", "coordinates": [ 1045.786124108562262, 2545.031494017721343 ] } },
{ "type": "Feature", "properties": { "reach": 367, "gravity_logistic": 80.560638343372446, "gravity_exponential": 175.87281862750953, "knn_logistic": 1.7333708851623195 }, "geometry": { "type": "Point", "coordinates": [ 1963.30848224280362, 547.916428290620502 ] } },
{ "type": "Feature", "properties": { "reach": 474, "gravity_logistic": 99.469373580474155, "gravity_exponential": 224.9043975458813, "knn_logistic": 2.5336104688530119 }, "geometry": { "type": "Point", "coordinates": [ 1201.721410246524783, 1095.906555093899897 ] } },
{ "type": "Feature", "properties": { "reach": 377, "gravity_logistic": 92.421482342871727, "gravity_exponential": 186.02775819741518, "knn_logistic": 2.703280464430871 }, "geometry": { "type": "Point", "coordinates": [ 2623.894599473672315, 3889.611106593268687 ] } },
{ "type": "Feature", "properties": { "reach": 496, "gravity_logistic": 80.887076108748019, "gravity_exponential": 224.65421804921186, "knn_logistic": 2.6781266228213569 }, "geometry": { "type": "Point", "coordinates": [ 1609.750525621915131, 1652.05358478322205 ] } },
{ "type": "Feature", "properties": { "reach": 367, "gravity_logistic": 91.128040181684966, "gravity_exponential": 182.70677487730373, "knn_logistic": 4.7242075374285495 }, "geometry": { "type": "Point", "coordinates": [ 4205.526439162399583, 3740.378501386597236 ] } },
{ "type": "Feature", "properties": { "reach": 228, "gravity_logistic": 56.908586240969136, "gravity_exponential": 113.06443167073056, "knn_logistic": 3.4563463700462105 }, "geometry": { "type": "Point", "coordinates": [ 469.533065112488771, 108.667727038086326 ] } },
{ "type": "Feature", "properties": { "reach": 455, "gravity_logistic": 86.104670657380368, "gravity_exponential": 210.97838320897398, "knn_logistic": 3.5329361429224075 }, "geometry": { "type": "Point", "coordinates": [ 3302.255815502671339, 3429.382382266245713 ] } },
{ "type": "Feature", "properties": { "reach": 436, "gravity_logistic": 85.595718164812695, "gravity_exponential": 205.16963164674959, "knn_logistic": 1.8394038921080715 }, "geometry": { "type": "Point", "coordinates": [ 2752.683511987444945, 2129.556058672717882 ] } },
{ "type": "Feature", "properties": { "reach": 436, "gravity_logistic": 86.435644738506625, "gravity_exponential": 204.8283014066657, "knn_logistic": 3.5602386372842187 }, "geometry": { "type": "Point", "coordinates": [ 2796.385412342740892, 1041.794536425055867 ] } },
{ "type": "Feature", "properties": { "reach": 460, "gravity_logistic": 90.227568509603117, "gravity_exponential": 214.93042388159898, "knn_logistic": 4.0608500121777755 }, "geometry": { "type": "Point", "coordinates": [ 3111.620489133298179, 1926.502129887330739 ] } },
{ "type": "Feature", "properties": { "reach": 461, "gravity_logistic": 86.729071873175343, "gravity_exponential": 213.64254425151034, "knn_logistic": 3.3641891551546674 }, "geometry": { "type": "Point", "coordinates": [ 2899.958244770166857, 2746.103091439543277 ] } },
{ "type": "Feature", "properties": { "reach": 436, "gravity_logistic": 87.610600992503024, "gravity_exponential": 204.28840499380468, "knn_logistic": 3.0303534572435735 }, "geometry": { "type": "Point", "coordinates": [ 3277.231227469075748, 2505.528889218195673 ] } },
{ "type": "Feature", "properties": { "reach": 401, "gravity_logistic": 76.265207349435869, "gravity_exponential": 187.29244955166854, "knn_logistic": 3.6475486821488121 }, "geometry": { "type": "Point", "coordinates": [ 649.337439141749201, 3137.399096832296891 ] } },
{ "type": "Feature", "properties": { "reach": 456, "gravity_logistic": 87.568347045848014, "gravity_exponential": 211.51711296226622, "knn_logistic": 4.55534156462517 }, "geometry": { "type": "Point", "coordinates": [ 2669.561610677225417, 2363.88971439272791 ] } },
{ "type": "Feature", "properties": { "reach": 349, "gravity_logistic": 86.967057681338702, "gravity_exponential": 171.61839526644135, "knn_logistic": 3.2364207576908077 }, "geometry": { "type": "Point", "coordinates": [ 315.262851022375855, 2032.184294817948512 ] } },
{ "type": "Feature", "properties": { "reach": 410, "gravity_logistic": 83.002368845204614, "gravity_exponential": 194.24653830144578, "knn_logistic": 3.7619851833319351 }, "geometry": { "type": "Point", "coordinates": [ 1651.491339193066551, 862.469824902465575 ] } },
{ "type": "Feature", "properties": { "reach": 410, "gravity_logistic": 84.118157393830685, "gravity_exponential": 191.010130757572, "knn_logistic": 3.4912104449450481 }, "geometry": { "type": "Point", "coordinates": [ 4400.245406720162464, 2591.854533050707687 ] } },
{ "type": "Feature", "properties": { "reach": 259, "gravity_logistic": 77.289794774902944, "gravity_exponential": 133.71287983782472, "knn_logistic": 1.8862167022544392 }, "geometry": { "type": "Point", "coordinates": [ 4633.991852005307919, 436.020048208576611 ] } },
{ "type": "Feature", "properties": { "reach": 435, "gravity_logistic": 112.5895013559484, "gravity_exponential": 216.52411201595748, "knn_logistic": 2.3148656779301393 }, "geometry": { "type": "Point", "coordinates": [ 623.032051905910407, 2309.554018653773255 ] } },
{ "type": "Feature", "properties": { "reach": 289, "gravity_logistic": 56.562115765562986, "gravity_exponential": 134.94392083970499, "knn_logistic": 3.9155181478393954 }, "geometry": { "type": "Point", "coordinates": [ 108.322015768685702, 2540.457222855474811 ] } },
{ "type": "Feature", "properties": { "reach": 418, "gravity_logistic": 89.362841696316281, "gravity_exponential": 200.04563473437511, "knn_logistic": 4.6671308589658391 }, "geometry": { "type": "Point", "coordinates": [ 3078.659459002058611, 852.767532948923645 ] } },
{ "type": "Feature", "properties": { "reach": 248, "gravity_logistic": 46.18517080288666, "gravity_exponential": 115.05635761038282, "knn_logistic": 3.4844100691270476 }, "geometry": { "type": "Point", "coordinates": [ 2127.916633479931988, 4328.199015827083713 ] } },
{ "type": "Feature", "properties": { "reach": 443, "gravity_logistic": 79.842507160636373, "gravity_exponential": 202.64956535399847, "knn_logistic": 3.1506848028746282 }, "geometry": { "type": "Point", "coordinates": [ 898.60840475156806, 3081.565837445411944 ] } },
{ "type": "Feature", "properties": { "reach": 440, "gravity_logistic": 93.251244007494293, "gravity_exponential": 207.88525460435056, "knn_logistic": 3.2714278111363813 }, "geometry": { "type": "Point", "coordinates": [ 1670.963785047085139, 3466.232023929346724 ] } },
{ "type": "Feature", "properties": { "reach": 406, "gravity_logistic": 92.563130411971215, "gravity_exponential": 195.65381749705304, "knn_logistic": 3.2614687616854985 }, "geometry": { "type": "Point", "coordinates": [ 2857.227193028763395, 785.113078500842562 ] } },
{ "type": "Feature", "properties": { "reach": 276, "gravity_logistic": 60.144788795508788, "gravity_exponential": 132.15713898378215, "knn_logistic": 1.9082957803739438 }, "geometry": { "type": "Point", "coordinates": [ 153.534416169081823, 2860.508481514312734 ] } },
{ "type": "Feature", "properties": { "reach": 191, "gravity_logistic": 50.160174798860425, "gravity_exponential": 94.467275966461898, "knn_logistic": 3.0029407162480699 }, "geometry": { "type": "Point", "coordinates": [ 272.407135523065392, 73.749141354773698 ] } },
{ "type": "Feature", "properties": { "reach": 281, "gravity_logistic": 62.937522520350441, "gravity_exponential": 135.39810661872968, "knn_logistic": 1.8828645284774721 }, "geometry": { "type": "Point", "coordinates": [ 992.197511882524395, 4037.887489642496803 ] } },
{ "type": "Feature", "properties": { "reach": 251, "gravity_logistic": 52.338949567805017, "gravity_exponential": 119.78159150740153, "knn_logistic": 3.2954163818027871 }, "geometry": { "type": "Point", "coordinates": [ 2807.573359346426514, 4317.148650650331547 ] } },
{ "type": "Feature", "properties": { "reach": 447, "gravity_logistic": 87.933268450785505, "gravity_exponential": 207.43756072756759, "knn_logistic": 2.6740452779342951 }, "geometry": { "type": "Point", "coordinates": [ 2419.633550821364224, 1954.966585658541135 ] } },
{ "type": "Feature", "properties": { "reach": 457, "gravity_logistic": 88.756315503254825, "gravity_exponential": 214.3207180309949, "knn_logistic": 2.7596360040221173 }, "geometry": { "type": "Point", "coordinates": [ 2050.464721744959661, 2035.368540476466706 ] } },
{ "type": "Feature", "properties": { "reach": 359, "gravity_logistic": 91.535083946876952, "gravity_exponential": 180.20756134509151, "knn_logistic": 3.153487618381587 }, "geometry": { "type": "Point", "coordinates": [ 4266.439863573194998, 603.565339744495986 ] } },
{ "type": "Feature", "properties": { "reach": 452, "gravity_logistic": 93.896088786571497, "gravity_exponential": 214.35911895665831, "knn_logistic": 3.6842068055516943 }, "geometry": { "type": "Point", "coordinates": [ 2581.847074858177621, 3531.757009676868165 ] } },
{ "type": "Feature", "properties": { "reach": 258, "gravity_logistic": 60.979352727463208, "gravity_exponential": 126.52254851562681, "knn_logistic": 3.1056383461705535 }, "geometry": { "type": "Point", "coordinates": [ 880.45738676135727, 4086.003303494446754 ] } },
{ "type": "Feature", "properties": { "reach": 478, "gravity_logistic": 87.575809477658112, "gravity_exponential": 218.86150700036751, "knn_logistic": 3.4979097496645366 }, "geometry": { "type": "Point", "coordinates": [ 2786.103096783328056, 3026.389486869195025 ] } },
{ "type": "Feature", "properties": { "reach": 429, "gravity_logistic": 86.81463051580198, "gravity_exponential": 199.7546251870551, "knn_logistic": 1.3066847784586679 }, "geometry": { "type": "Point", "coordinates": [ 2312.731769933210671, 1333.359940545123891 ] } },
{ "type": "Feature", "properties": { "reach": 211, "gravity_logistic": 61.677272745490328, "gravity_exponential": 107.54161829058371, "knn_logistic": 1.9442415867002771 }, "geometry": { "type": "Point", "coordinates": [ 382.857752829618335, 4105.999414146705021 ] } },
{ "type": "Feature", "properties": { "reach": 309, "gravity_logistic": 61.740709709367124, "gravity_exponential": 144.7225369247071, "knn_logistic": 1.6783357185220509 }, "geometry": { "type": "Point", "coordinates": [ 161.01107363187927, 2674.499003115453888 ] } },
{ "type": "Feature", "properties": { "reach": 362, "gravity_logistic": 79.643920175179119, "gravity_exponential": 172.67689363824104, "knn_logistic": 1.6155280002314607 }, "geometry": { "type": "Point", "coordinates": [ 1241.589372248355858, 438.806135726648563 ] } },
{ "type": "Feature", "properties": { "reach": 248, "gravity_logistic": 52.407558192986691, "gravity_exponential": 116.94930669784854, "knn_logistic": 2.1028491749968379 }, "geometry": { "type": "Point", "coordinates": [ 1180.682341414955999, 4232.011928906421417 ] } },
{ "type": "Feature", "properties": { "reach": 484, "gravity_logistic": 97.933637044261332, "gravity_exponential": 226.67969390923858, "knn_logistic": 2.4625110909270562 }, "geometry": { "type": "Point", "coordinates": [ 1887.267018830902998, 2532.645030901113842 ] } },
{ "type": "Feature", "properties": { "reach": 525, "gravity_logistic": 108.05739966809094, "gravity_exponential": 247.12778394814362, "knn_logistic": 2.0011866261343765 }, "geometry": { "type": "Point", "coordinates": [ 1210.314059474522992, 2436.240968213108772 ] } },
{ "type": "Feature", "properties": { "reach": 486, "gravity_logistic": 102.89164138208243, "gravity_exponential": 230.65471062302035, "knn_logistic": 3.740041687519462 }, "geometry": { "type": "Point", "coordinates": [ 1716.490880299067385, 2257.50288481123016 ] } },
{ "type": "Feature", "properties": { "reach": 392, "gravity_logistic": 97.216011856527075, "gravity_exponential": 191.63659797919422, "knn_logistic": 2.951692380104455 }, "geometry": { "type": "Point", "coordinates": [ 4537.017492569745627, 1426.609882759240691 ] } },
{ "type": "Feature", "properties": { "reach": 189, "gravity_logistic": 57.878433166832785, "gravity_exponential": 99.329383514359691, "knn_logistic": 2.8607865825040415 }, "geometry": { "type": "Point", "coordinates": [ 190.097406368353603, 4013.865153579564776 ] } },
{ "type": "Feature", "properties": { "reach": 474, "gravity_logistic": 88.330387040291825, "gravity_exponential": 218.8860720960453, "knn_logistic": 2.584900939292885 }, "geometry": { "type": "Point", "coordinates": [ 1890.623394600180973, 2106.050027829602186 ] } },
{ "type": "Feature", "properties": { "reach": 464, "gravity_logistic": 96.29246798400743, "gravity_exponential": 219.60383553661998, "knn_logistic": 2.5962209392691005 }, "geometry": { "type": "Point", "coordinates": [ 3921.023428260443325, 1004.794622734997006 ] } },
{ "type": "Feature", "properties": { "reach": 472, "gravity_logistic": 87.452800660275813, "gravity_exponential": 217.4367503763246, "knn_logistic": 4.8272086767443154 }, "geometry": { "type": "Point", "coordinates": [ 2749.962248757218731, 2675.111799519278065 ] } },
{ "type": "Feature", "properties": { "reach": 461, "gravity_logistic": 88.08231581940359, "gravity_exponential": 215.00084828517046, "knn_logistic": 3.4081870782779378 }, "geometry": { "type": "Point", "coordinates": [ 2037.12789269545874, 2012.328896993479475 ] } },
{ "type": "Feature", "properties": { "reach": 476, "gravity_logistic": 98.085026982276318, "gravity_exponential": 224.82142091603239, "knn_logistic": 3.578026791942551 }, "geometry": { "type": "Point", "coordinates": [ 2088.919056359333354, 3283.565943896147473 ] } },
{ "type": "Feature", "properties": { "reach": 444, "gravity_logistic": 111.32642339847891, "gravity_exponential": 219.01111552183201, "knn_logistic": 3.8494132967758858 }, "geometry": { "type": "Point", "coordinates": [ 4240.25634819568586, 1773.213726923918784 ] } },
{ "type": "Feature", "properties": { "reach": 296, "gravity_logistic": 67.77881376260963, "gravity_exponential": 143.50357772356722, "knn_logistic": 4.2195838622106416 }, "geometry": { "type": "Point", "coordinates": [ 4728.01328678912796, 2577.621459168102319 ] } },
{ "type": "Feature", "properties": { "reach": 292, "gravity_logistic": 55.097972436243317, "gravity_exponential": 135.24994143709949, "knn_logistic": 2.2386417482426477 }, "geometry": { "type": "Point", "coordinates": [ 1068.518223423008749, 164.368865709583844 ] } },
{ "type": "Feature", "properties": { "reach": 466, "gravity_logistic": 100.67032347269713, "gravity_exponential": 223.67661967589399, "knn_logistic": 4.189608458429511 }, "geometry": { "type": "Point", "coordinates": [ 2089.052827757112482, 3433.283306926975456 ] } },
{ "type": "Feature", "properties": { "reach": 350, "gravity_logistic": 91.570358880491852, "gravity_exponential": 173.6364585420641, "knn_logistic": 2.8629385859583167 }, "geometry": { "type": "Point", "coordinates": [ 4127.40962553376994, 471.163417021745829 ] } },
{ "type": "Feature", "properties": { "reach": 302, "gravity_logistic": 68.175390264495874, "gravity_exponential": 145.5009604534248, "knn_logistic": 2.7183400612121016 }, "geometry": { "type": "Point", "coordinates": [ 1464.817244312515413, 273.714853664259181 ] } },
{ "type": "Feature", "properties": { "reach": 423, "gravity_logistic": 82.401685597549303, "gravity_exponential": 198.25228250121822, "knn_logistic": 3.676121323399403 }, "geometry": { "type": "Point", "coordinates": [ 1651.929202308921049, 908.716646016323693 ] } },
{ "type": "Feature", "properties": { "reach": 370, "gravity_logistic": 81.654198442929612, "gravity_exponential": 177.9395632974942, "knn_logistic": 2.9938760997807075 }, "geometry": { "type": "Point", "coordinates": [ 1817.237448383785022, 617.247529822954561 ] } },
{ "type": "Feature", "properties": { "reach": 469, "gravity_logistic": 91.802090140280512, "gravity_exponential": 219.26229941830732, "knn_logistic": 3.4282401979873067 }, "geometry": { "type": "Point", "coordinates": [ 2309.029109449235875, 2294.778452536743771 ] } },
{ "type": "Feature", "properties": { "reach": 448, "gravity_logistic": 85.091369309504245, "gravity_exponential": 207.68025767218734, "knn_logistic": 2.3790242468688403 }, "geometry": { "type": "Point", "coordinates": [ 835.14696695934083, 2871.586740807882961 ] } },
{ "type": "Feature", "properties": { "reach": 436, "gravity_logistic": 90.531137589634923, "gravity_exponential": 205.53248461197239, "knn_logistic": 3.3200045694968034 }, "geometry": { "type": "Point", "coordinates": [ 3080.05741795844142, 1019.44933463741063 ] } },
{ "type": "Feature", "properties": { "reach": 341, "gravity_logistic": 77.26261833562765, "gravity_exponential": 165.53779348968942, "knn_logistic": 2.6752522551915519 }, "geometry": { "type": "Point", "coordinates": [ 700.610478268292809, 3683.973444030536484 ] } },
{ "type": "Feature", "properties": { "reach": 231, "gravity_logistic": 52.645929987087086, "gravity_exponential": 111.4313569840609, "knn_logistic": 2.4203831361245118 }, "geometry": { "type": "Point", "coordinates": [ 4237.451065395878686, 45.322419755272932 ] } },
{ "type": "Feature", "properties": { "reach": 262, "gravity_logistic": 50.586333770723876, "gravity_exponential": 121.87832951601183, "knn_logistic": 3.421105040183829 }, "geometry": { "type": "Point", "coordinates": [ 4976.249828967142093, 1045.830359027791474 ] } },
{ "type": "Feature", "properties": { "reach": 373, "gravity_logistic": 79.624835589343931, "gravity_exponential": 178.19390392157118, "knn_logistic": 2.9400956319899256 }, "geometry": { "type": "Point", "coordinates": [ 4453.973322153855406, 3507.554580218776664 ] } },
{ "type": "Feature", "properties": { "reach": 480, "gravity_logistic": 118.11540512183907, "gravity_exponential": 236.36917792374192, "knn_logistic": 3.6258173129081586 }, "geometry": { "type": "Point", "coordinates": [ 767.86160547645602, 2240.011060685267694 ] } },
{ "type": "Feature", "properties": { "reach": 472, "gravity_logistic": 110.54253467476828, "gravity_exponential": 231.24567085170634, "knn_logistic": 3.767558372951838 }, "geometry": { "type": "Point", "coordinates": [ 778.734218841065058, 1762.117408331294428 ] } },
{ "type": "Feature", "properties": { "reach": 250, "gravity_logistic": 48.165204934552293, "gravity_exponential": 116.77141802326196, "knn_logistic": 1.2019561675113617 }, "geometry": { "type": "Point", "coordinates": [ 3354.796552845076349, 4324.555608683457649 ] } },
{ "type": "Feature", "properties": { "reach": 324, "gravity_logistic": 83.011896354490077, "gravity_exponential": 161.53093116679699, "knn_logistic": 2.8641180002028128 }, "geometry": { "type": "Point", "coordinates": [ 2461.793325450006705, 4072.288801638021141 ] } },
{ "type": "Feature", "properties": { "reach": 285, "gravity_logistic": 63.559144162143276, "gravity_exponential": 137.26612966899634, "knn_logistic": 3.6618572510446112 }, "geometry": { "type": "Point", "coordinates": [ 767.104838561655356, 194.480750359839476 ] } },
{ "type": "Feature", "properties": { "reach": 160, "gravity_logistic": 31.030432313476052, "gravity_exponential": 74.578792189560133, "knn_logistic": 1.6202339528054628 }, "geometry": { "type": "Point", "coordinates": [ 4784.587829051825793, 4336.250338533501235 ] } },
{ "type": "Feature", "properties": { "reach": 456, "gravity_logistic": 83.545305691850942, "gravity_exponential": 209.37898076440499, "knn_logistic": 2.9176284434054156 }, "geometry": { "type": "Point", "coordinates": [ 3904.147934110660572, 3044.30848993603513 ] } },
{ "type": "Feature", "properties": { "reach": 451, "gravity_logistic": 104.81608907938532, "gravity_exponential": 218.44001931195416, "knn_logistic": 2.1386244947213831 }, "geometry": { "type": "Point", "coordinates": [ 602.482099716744983, 1472.498787421246561 ] } },
{ "type": "Feature", "properties": { "reach": 386, "gravity_logistic": 83.750316654493673, "gravity_exponential": 183.17993731661363, "knn_logistic": 2.7282265805024344 }, "geometry": { "type": "Point", "coordinates": [ 1356.214139393591495, 545.786457809598687 ] } },
{ "type": "Feature", "properties": { "reach": 447, "gravity_logistic": 86.163585079494794, "gravity_exponential": 208.22661670739367, "knn_logistic": 3.2328750965922408 }, "geometry": { "type": "Point", "coordinates": [ 2723.189791862801485, 2255.208342942572926 ] } },
{ "type": "Feature", "properties": { "reach": 429, "gravity_logistic": 93.39197137694218, "gravity_exponential": 203.61535602475149, "knn_logistic": 3.0672667531047075 }, "geometry": { "type": "Point", "coordinates": [ 1689.107331099247403, 3523.134215416208917 ] } },
{ "type": "Feature", "properties": { "reach": 252, "gravity_logistic": 38.8850770789305, "gravity_exponential": 112.49569880541647, "knn_logistic": 2.0977946680216104 }, "geometry": { "type": "Point", "coordinates": [ 1.892170625507184, 1993.81036551423108 ] } },
{ "type": "Feature", "properties": { "reach": 443, "gravity_logistic": 101.29299540469178, "gravity_exponential": 215.54852173557683, "knn_logistic": 2.7384379920797768 }, "geometry": { "type": "Point", "coordinates": [ 4307.576609682661001, 1102.01240301050484 ] } },
{ "type": "Feature", "properties": { "reach": 419, "gravity_logistic": 105.21530558748741, "gravity_exponential": 204.84280504260238, "knn_logistic": 2.268634647623025 }, "geometry": { "type": "Point", "coordinates": [ 497.869628449868287, 1967.691916663495476 ] } },
{ "type": "Feature", "properties": { "reach": 271, "gravity_logistic": 64.931334823622706, "gravity_exponential": 133.35056896089901, "knn_logistic": 2.1953687111830895 }, "geometry": { "type": "Point", "coordinates": [ 2354.933764637747572, 4234.5483558127371 ] } },
{ "type": "Feature", "properties": { "reach": 331, "gravity_logistic": 77.079506146955481, "gravity_exponential": 161.46432546822027, "knn_logistic": 3.3473809273487385 }, "geometry": { "type": "Point", "coordinates": [ 1636.619174169445159, 437.197544386573441 ] } },
{ "type": "Feature", "properties": { "reach": 330, "gravity_logistic": 88.244501128081893, "gravity_exponential": 165.08243835987011, "knn_logistic": 2.6726463288612292 }, "geometry": { "type": "Point", "coordinates": [ 4148.477218427159642, 386.810813626688514 ] } },
{ "type": "Feature", "properties": { "reach": 371, "gravity_logistic": 91.888587326381725, "gravity_exponential": 184.05489788157377, "knn_logistic": 4.7518316556528006 }, "geometry": { "type": "Point", "coordinates": [ 4193.271356905756875, 3738.915508187772502 ] } },
{ "type": "Feature", "properties": { "reach": 170, "gravity_logistic": 40.66313498712644, "gravity_exponential": 81.876800161546058, "knn_logistic": 2.2514765553553868 }, "geometry": { "type": "Point", "coordinates": [ 248.375815965088407, -0.627417143878047 ] } },
{ "type": "Feature", "properties": { "reach": 259, "gravity_logistic": 53.957951164125518, "gravity_exponential": 122.35767512358194, "knn_logistic": 1.8514403324723103 }, "geometry": { "type": "Point", "coordinates": [ 3536.955574869692555, 109.108939120819002 ] } },
{ "type": "Feature", "properties": { "reach": 345, "gravity_logistic": 84.936890700248256, "gravity_exponential": 169.43635566200186, "knn_logistic": 2.8022514361369044 }, "geometry": { "type": "Point", "coordinates": [ 4565.528309673760305, 2981.509358286529732 ] } },
{ "type": "Feature", "properties": { "reach": 451, "gravity_logistic": 84.693352361235924, "gravity_exponential": 208.27050301758936, "knn_logistic": 2.104222363342541 }, "geometry": { "type": "Point", "coordinates": [ 3776.445013803170241, 2860.315351910953268 ] } },
{ "type": "Feature", "properties": { "reach": 250, "gravity_logistic": 70.442646248854103, "gravity_exponential": 126.04335885019347, "knn_logistic": 2.3444462665135428 }, "geometry": { "type": "Point", "coordinates": [ 85.984850892772783, 606.720021762648685 ] } },
{ "type": "Feature", "properties": { "reach": 418, "gravity_logistic": 80.809772780119545, "gravity_exponential": 194.27818213859598, "knn_logistic": 2.3028849183270554 }, "geometry": { "type": "Point", "coordinates": [ 1928.051754716226696, 892.602532954018329 ] } },
{ "type": "Feature", "properties": { "reach": 491, "gravity_logistic": 87.459857933116581, "gravity_exponential": 224.03766552134718, "knn_logistic": 1.6975080938069449 }, "geometry": { "type": "Point", "coordinates": [ 3848.817092086985667, 2024.237192110432716 ] } },
{ "type": "Feature", "properties": { "reach": 382, "gravity_logistic": 85.144487617204348, "gravity_exponential": 185.20879198410492, "knn_logistic": 4.9971143285840744 }, "geometry": { "type": "Point", "coordinates": [ 329.887309125854642, 1350.199593392044335 ] } },
{ "type": "Feature", "properties": { "reach": 451, "gravity_logistic": 85.20295080159849, "gravity_exponential": 208.49335348801284, "knn_logistic": 2.2237825516861558 }, "geometry": { "type": "Point", "coordinates": [ 3822.126788035802747, 2250.905803563577592 ] } },
{ "type": "Feature", "properties": { "reach": 460, "gravity_logistic": 104.51102758274483, "gravity_exponential": 222.64185501423842, "knn_logistic": 4.3975327330058818 }, "geometry": { "type": "Point", "coordinates": [ 3982.197862236695073, 1374.275380607244415 ] } },
{ "type": "Feature", "properties": { "reach": 495, "gravity_logistic": 106.60831340116906, "gravity_exponential": 235.41707205323473, "knn_logistic": 3.3767452796030457 }, "geometry": { "type": "Point", "coordinates": [ 1536.398346920714403, 2350.075815657851763 ] } },
{ "type": "Feature", "properties": { "reach": 354, "gravity_logistic": 72.405552679774146, "gravity_exponential": 168.4617448906823, "knn_logistic": 3.8545892355849376 }, "geometry": { "type": "Point", "coordinates": [ 4692.47310631343953, 1168.699090329692808 ] } },
{ "type": "Feature", "properties": { "reach": 254, "gravity_logistic": 62.620346832845492, "gravity_exponential": 124.89339337312398, "knn_logistic": 3.0270163540683925 }, "geometry": { "type": "Point", "coordinates": [ 4909.03353757721834, 3297.205879893997007 ] } },
{ "type": "Feature", "properties": { "reach": 316, "gravity_logistic": 87.027931423689537, "gravity_exponential": 158.75007170352669, "knn_logistic": 2.2111859898521256 }, "geometry": { "type": "Point", "coordinates": [ 526.920676574114395, 383.73330312715558 ] } },
{ "type": "Feature", "properties": { "reach": 340, "gravity_logistic": 79.09604131998563, "gravity_exponential": 165.1335624834592, "knn_logistic": 3.0843904836940799 }, "geometry": { "type": "Point", "coordinates": [ 2978.72457613455208, 4069.166950153081871 ] } },
{ "type": "Feature", "properties": { "reach": 435, "gravity_logistic": 90.862242356338186, "gravity_exponential": 206.08590661707564, "knn_logistic": 3.1028776577760899 }, "geometry": { "type": "Point", "coordinates": [ 2968.131315083341633, 1005.246711589393612 ] } },
{ "type": "Feature", "properties": { "reach": 295, "gravity_logistic": 65.097083140873323, "gravity_exponential": 141.0123939028507, "knn_logistic": 3.0806302628693722 }, "geometry": { "type": "Point", "coordinates": [ 1151.879354640952442, 4058.696574815095573 ] } },
{ "type": "Feature", "properties": { "reach": 372, "gravity_logistic": 98.442705641390305, "gravity_exponential": 186.42972535299887, "knn_logistic": 3.9631537438622741 }, "geometry": { "type": "Point", "coordinates": [ 4028.991744124821707, 3796.998548640354329 ] } },
{ "type": "Feature", "properties": { "reach": 387, "gravity_logistic": 100.38656251442319, "gravity_exponential": 193.74776055706405, "knn_logistic": 2.5383011449198389 }, "geometry": { "type": "Point", "coordinates": [ 4455.696941099683499, 1727.236730565073231 ] } },
{ "type": "Feature", "properties": { "reach": 193, "gravity_logistic": 59.300390847266797, "gravity_exponential": 100.08928345265836, "knn_logistic": 4.158236683287055 }, "geometry": { "type": "Point", "coordinates": [ 76.29507113201916, 3798.677235001747704 ] } },
{ "type": "Feature", "properties": { "reach": 273, "gravity_logistic": 56.074801411013979, "gravity_exponential": 128.31779347003737, "knn_logistic": 2.3387101429112791 }, "geometry": { "type": "Point", "coordinates": [ 4937.378408588878301, 989.581576681184174 ] } },
{ "type": "Feature", "properties": { "reach": 433, "gravity_logistic": 91.448845599568259, "gravity_exponential": 207.63367377165613, "knn_logistic": 2.6914790084937787 }, "geometry": { "type": "Point", "coordinates": [ 3560.314104907555247, 3395.503270164052537 ] } },
{ "type": "Feature", "properties": { "reach": 461, "gravity_logistic": 84.916137689532135, "gravity_exponential": 213.53511984844684, "knn_logistic": 3.904544723013426 }, "geometry": { "type": "Point", "coordinates": [ 3607.897834901092665, 1132.711892984126735 ] } },
{ "type": "Feature", "properties": { "reach": 365, "gravity_logistic": 82.003234961074369, "gravity_exponential": 176.27611868142378, "knn_logistic": 2.9403113956445894 }, "geometry": { "type": "Point", "coordinates": [ 1627.695296650234695, 3849.518936905617466 ] } },
{ "type": "Feature", "properties": { "reach": 473, "gravity_logistic": 91.463368732940978, "gravity_exponential": 218.62298154938739, "knn_logistic": 3.3708545739469447 }, "geometry": { "type": "Point", "coordinates": [ 2394.641700930764728, 2640.636464961116872 ] } },
{ "type": "Feature", "properties": { "reach": 353, "gravity_logistic": 75.690404714085901, "gravity_exponential": 166.75990208458239, "knn_logistic": 2.991657822184473 }, "geometry": { "type": "Point", "coordinates": [ 1317.820389369885788, 394.264322183997137 ] } },
{ "type": "Feature", "properties": { "reach": 455, "gravity_logistic": 88.352534695126892, "gravity_exponential": 211.62236031083302, "knn_logistic": 2.0863275380504884 }, "geometry": { "type": "Point", "coordinates": [ 3024.294245648248307, 2953.521409955917079 ] } },
{ "type": "Feature", "properties": { "reach": 276, "gravity_logistic": 81.267933633973598, "gravity_exponential": 140.95602219258188, "knn_logistic": 3.0124602378742624 }, "geometry": { "type": "Point", "coordinates": [ 4287.734754287603209, 4097.898685334394941 ] } },
{ "type": "Feature", "properties": { "reach": 295, "gravity_logistic": 65.298791979714451, "gravity_exponential": 142.13113773798921, "knn_logistic": 2.0644291742056886 }, "geometry": { "type": "Point", "coordinates": [ 1927.277924900992275, 4156.234425860404372 ] } },
{ "type": "Feature", "properties": { "reach": 475, "gravity_logistic": 91.904699592826091, "gravity_exponential": 219.16246010092044, "knn_logistic": 1.9182325119647183 }, "geometry": { "type": "Point", "coordinates": [ 2572.888360478151299, 2570.235775329269018 ] } },
{ "type": "Feature", "properties": { "reach": 404, "gravity_logistic": 91.576295059585718, "gravity_exponential": 193.53673870255963, "knn_logistic": 3.1646925497441698 }, "geometry": { "type": "Point", "coordinates": [ 2791.044177317990034, 772.033808464871754 ] } },
{ "type": "Feature", "properties": { "reach": 436, "gravity_logistic": 90.118833446650058, "gravity_exponential": 205.50937085074756, "knn_logistic": 2.8635847497947267 }, "geometry": { "type": "Point", "coordinates": [ 3057.498400570691956, 987.776448470265677 ] } },
{ "type": "Feature", "properties": { "reach": 463, "gravity_logistic": 108.16077348005773, "gravity_exponential": 226.06818243154362, "knn_logistic": 4.4210129145762629 }, "geometry": { "type": "Point", "coordinates": [ 4033.816804953137307, 1375.644304931705847 ] } },
{ "type": "Feature", "properties": { "reach": 498, "gravity_logistic": 104.59959607119583, "gravity_exponential": 235.4616152977446, "knn_logistic": 4.3016875647454436 }, "geometry": { "type": "Point", "coordinates": [ 1611.937961528512915, 2252.902640607657759 ] } },
{ "type": "Feature", "properties": { "reach": 399, "gravity_logistic": 76.157384592910759, "gravity_exponential": 186.71447141405952, "knn_logistic": 3.6461596826805556 }, "geometry": { "type": "Point", "coordinates": [ 644.108249855343502, 3137.390498959019169 ] } },
{ "type": "Feature", "properties": { "reach": 435, "gravity_logistic": 82.257881550900663, "gravity_exponential": 202.1533096083449, "knn_logistic": 2.7802329338471172 }, "geometry": { "type": "Point", "coordinates": [ 2411.891948391272763, 1212.186960386869941 ] } },
{ "type": "Feature", "properties": { "reach": 339, "gravity_logistic": 79.907374848390262, "gravity_exponential": 166.61440820317628, "knn_logistic": 2.7846129480136987 }, "geometry": { "type": "Point", "coordinates": [ 4547.796558053150875, 3301.017788025667869 ] } },
{ "type": "Feature", "properties": { "reach": 189, "gravity_logistic": 37.738137660239957, "gravity_exponential": 89.46882083023273, "knn_logistic": 2.8213339927381629 }, "geometry": { "type": "Point", "coordinates": [ 4525.971367480741719, 1.40196688018527 ] } },
{ "type": "Feature", "properties": { "reach": 480, "gravity_logistic": 90.900018918897743, "gravity_exponential": 222.12234250553342, "knn_logistic": 3.0926631571830634 }, "geometry": { "type": "Point", "coordinates": [ 3245.748806838186738, 1366.964563081132837 ] } },
{ "type": "Feature", "properties": { "reach": 410, "gravity_logistic": 90.496456354257219, "gravity_exponential": 196.39859765567803, "knn_logistic": 4.2886361341065022 }, "geometry": { "type": "Point", "coordinates": [ 3243.598124754228593, 3698.852622648689703 ] } },
{ "type": "Feature", "properties": { "reach": 443, "gravity_logistic": 101.17689642516471, "gravity_exponential": 213.89083798993127, "knn_logistic": 3.9139159751677552 }, "geometry": { "type": "Point", "coordinates": [ 1847.916684827288236, 3465.485969686822955 ] } },
{ "type": "Feature", "properties": { "reach": 324, "gravity_logistic": 76.582219842655149, "gravity_exponential": 159.12823976526138, "knn_logistic": 2.7849942203827682 }, "geometry": { "type": "Point", "coordinates": [ 3218.832780909894609, 4070.801395431303263 ] } },
{ "type": "Feature", "properties": { "reach": 314, "gravity_logistic": 70.956033725012958, "gravity_exponential": 152.89631423308597, "knn_logistic": 2.9878822107638401 }, "geometry": { "type": "Point", "coordinates": [ 4788.02082991113366, 1384.20509101219136 ] } },
{ "type": "Feature", "properties": { "reach": 312, "gravity_logistic": 85.051378025451058, "gravity_exponential": 157.25780551188683, "knn_logistic": 2.9925351511992728 }, "geometry": { "type": "Point", "coordinates": [ 2891.999195046240402, 329.341345092357187 ] } },
{ "type": "Feature", "properties": { "reach": 332, "gravity_logistic": 75.864808557715989, "gravity_exponential": 159.02960666222461, "knn_logistic": 2.0744770446508927 }, "geometry": { "type": "Point", "coordinates": [ 4621.283260765178966, 2616.458357531752426 ] } },
{ "type": "Feature", "properties": { "reach": 463, "gravity_logistic": 88.381356081302243, "gravity_exponential": 215.00773580917976, "knn_logistic": 2.9548232495955147 }, "geometry": { "type": "Point", "coordinates": [ 3008.621475843459393, 3353.460083584348013 ] } },
{ "type": "Feature", "properties": { "reach": 243, "gravity_logistic": 73.67541722999519, "gravity_exponential": 125.94512846682279, "knn_logistic": 2.676895493649659 }, "geometry": { "type": "Point", "coordinates": [ 188.80155522904704, 3540.415735377795954 ] } },
{ "type": "Feature", "properties": { "reach": 396, "gravity_logistic": 92.578486827849588, "gravity_exponential": 193.13566909145408, "knn_logistic": 2.6445300914995937 }, "geometry": { "type": "Point", "coordinates": [ 533.054663301029109, 2585.909542920697277 ] } },
{ "type": "Feature", "properties": { "reach": 171, "gravity_logistic": 47.700746650912976, "gravity_exponential": 87.140930320039587, "knn_logistic": 3.8793662348689737 }, "geometry": { "type": "Point", "coordinates": [ 22.461421412628852, 3906.397218002905902 ] } },
{ "type": "Feature", "properties": { "reach": 452, "gravity_logistic": 93.735009859601149, "gravity_exponential": 213.21310790958017, "knn_logistic": 2.1147240189986594 }, "geometry": { "type": "Point", "coordinates": [ 825.126826003962037, 2727.836898442989877 ] } },
{ "type": "Feature", "properties": { "reach": 274, "gravity_logistic": 74.534029841843719, "gravity_exponential": 139.89190281557998, "knn_logistic": 3.0478848113081596 }, "geometry": { "type": "Point", "coordinates": [ 456.491536996423179, 3796.338534261050427 ] } },
{ "type": "Feature", "properties": { "reach": 498, "gravity_logistic": 104.62193238407316, "gravity_exponential": 237.94085232172566, "knn_logistic": 3.1809528880702382 }, "geometry": { "type": "Point", "coordinates": [ 1143.227508627683846, 1923.415953122589826 ] } },
{ "type": "Feature", "properties": { "reach": 467, "gravity_logistic": 82.666174343043082, "gravity_exponential": 212.48187262249138, "knn_logistic": 3.4136040341535114 }, "geometry": { "type": "Point", "coordinates": [ 1724.059056358062207, 1207.259447257947386 ] } },
{ "type": "Feature", "properties": { "reach": 317, "gravity_logistic": 90.661440585106732, "gravity_exponential": 162.55430936625004, "knn_logistic": 2.3975143443711158 }, "geometry": { "type": "Point", "coordinates": [ 4236.328350531727665, 3920.921582460127865 ] } },
{ "type": "Feature", "properties": { "reach": 393, "gravity_logistic": 89.649258783878693, "gravity_exponential": 191.53111153049463, "knn_logistic": 3.3605074582932284 }, "geometry": { "type": "Point", "coordinates": [ 4202.853839060406244, 3631.857880913904864 ] } },
{ "type": "Feature", "properties": { "reach": 262, "gravity_logistic": 77.245384490323119, "gravity_exponential": 134.66917271144678, "knn_logistic": 3.1183137341798624 }, "geometry": { "type": "Point", "coordinates": [ 339.644795984052962, 325.858243440561012 ] } },
{ "type": "Feature", "properties": { "reach": 341, "gravity_logistic": 87.420618998894795, "gravity_exponential": 169.29878087936601, "knn_logistic": 3.1316057595053888 }, "geometry": { "type": "Point", "coordinates": [ 315.184933491139475, 2202.449316403788998 ] } },
{ "type": "Feature", "properties": { "reach": 187, "gravity_logistic": 41.682286159361361, "gravity_exponential": 90.412246874967721, "knn_logistic": 2.2512923594308138 }, "geometry": { "type": "Point", "coordinates": [ 5001.712489476944029, 3817.990024966324199 ] } },
{ "type": "Feature", "properties": { "reach": 445, "gravity_logistic": 96.890132506467509, "gravity_exponential": 213.09355394172755, "knn_logistic": 3.1174428505989287 }, "geometry": { "type": "Point", "coordinates": [ 2541.481911836118798, 3641.494264057044802 ] } },
{ "type": "Feature", "properties": { "reach": 505, "gravity_logistic": 102.7208235442537, "gravity_exponential": 238.02798618201183, "knn_logistic": 3.4909765967881734 }, "geometry": { "type": "Point", "coordinates": [ 1387.062163216899307, 2087.500081947067883 ] } },
{ "type": "Feature", "properties": { "reach": 353, "gravity_logistic": 73.958213670540019, "gravity_exponential": 167.3271412933187, "knn_logistic": 3.2533650647549703 }, "geometry": { "type": "Point", "coordinates": [ 226.889663623280484, 1323.199155824336913 ] } },
{ "type": "Feature", "properties": { "reach": 311, "gravity_logistic": 70.570254476667799, "gravity_exponential": 150.15181567734655, "knn_logistic": 3.6185646663361815 }, "geometry": { "type": "Point", "coordinates": [ 4675.048026710371232, 2564.768766862051052 ] } },
{ "type": "Feature", "properties": { "reach": 476, "gravity_logistic": 95.704563588057368, "gravity_exponential": 223.16658172723649, "knn_logistic": 3.1811389363100027 }, "geometry": { "type": "Point", "coordinates": [ 1933.117176189475231, 2476.659415129843183 ] } },
{ "type": "Feature", "properties": { "reach": 450, "gravity_logistic": 86.782548373909677, "gravity_exponential": 210.95112959857178, "knn_logistic": 3.1000750844700988 }, "geometry": { "type": "Point", "coordinates": [ 2989.097253429757529, 2584.552433397638652 ] } },
{ "type": "Feature", "properties": { "reach": 279, "gravity_logistic": 60.782981942596791, "gravity_exponential": 133.52995602484592, "knn_logistic": 1.5012247945230544 }, "geometry": { "type": "Point", "coordinates": [ 3576.039600514747235, 196.667646600041849 ] } },
{ "type": "Feature", "properties": { "reach": 410, "gravity_logistic": 89.917308703040391, "gravity_exponential": 196.36892901258821, "knn_logistic": 2.5272950108518555 }, "geometry": { "type": "Point", "coordinates": [ 1353.757346003614657, 714.987812160725639 ] } },
{ "type": "Feature", "properties": { "reach": 419, "gravity_logistic": 105.58963214696654, "gravity_exponential": 209.10038763925581, "knn_logistic": 1.4331208621267493 }, "geometry": { "type": "Point", "coordinates": [ 607.600038042192637, 907.741306327784059 ] } },
{ "type": "Feature", "properties": { "reach": 506, "gravity_logistic": 112.00654984358152, "gravity_exponential": 244.75573463387963, "knn_logistic": 2.5274034415968023 }, "geometry": { "type": "Point", "coordinates": [ 987.137108554802126, 1994.828185065184925 ] } },
{ "type": "Feature", "properties": { "reach": 436, "gravity_logistic": 100.47177604108697, "gravity_exponential": 213.29235755559125, "knn_logistic": 3.8032325995529925 }, "geometry": { "type": "Point", "coordinates": [ 1994.749667184208874, 3518.651425055436448 ] } },
{ "type": "Feature", "properties": { "reach": 276, "gravity_logistic": 51.381507193577875, "gravity_exponential": 128.67998962921612, "knn_logistic": 3.0807503441085409 }, "geometry": { "type": "Point", "coordinates": [ 4940.229729427511302, 1262.484419999120519 ] } },
{ "type": "Feature", "properties": { "reach": 473, "gravity_logistic": 97.838579349607159, "gravity_exponential": 226.26300324314479, "knn_logistic": 2.8984623510847962 }, "geometry": { "type": "Point", "coordinates": [ 3816.090546126457411, 1761.217601073051128 ] } },
{ "type": "Feature", "properties": { "reach": 458, "gravity_logistic": 106.9489941975892, "gravity_exponential": 222.7915589567676, "knn_logistic": 3.951437818346573 }, "geometry": { "type": "Point", "coordinates": [ 645.140637278469626, 1045.920005843990339 ] } },
{ "type": "Feature", "properties": { "reach": 507, "gravity_logistic": 108.85216362008927, "gravity_exponential": 240.59197063157669, "knn_logistic": 3.1810575429085191 }, "geometry": { "type": "Point", "coordinates": [ 1384.104593132942682, 2255.34976700930747 ] } },
{ "type": "Feature", "properties": { "reach": 379, "gravity_logistic": 84.037531935182201, "gravity_exponential": 182.96602308875396, "knn_logistic": 2.9035539138359185 }, "geometry": { "type": "Point", "coordinates": [ 522.05480039212955, 2668.06911500906881 ] } },
{ "type": "Feature", "properties": { "reach": 459, "gravity_logistic": 87.312007567017048, "gravity_exponential": 212.88922665831137, "knn_logistic": 2.0440011885960532 }, "geometry": { "type": "Point", "coordinates": [ 933.431529281871349, 2835.083026068222807 ] } },
{ "type": "Feature", "properties": { "reach": 434, "gravity_logistic": 82.261585429880057, "gravity_exponential": 202.03857431292826, "knn_logistic": 3.742339864380841 }, "geometry": { "type": "Point", "coordinates": [ 1653.145129354678602, 961.983561331031183 ] } },
{ "type": "Feature", "properties": { "reach": 429, "gravity_logistic": 91.898525121294853, "gravity_exponential": 205.39425607855816, "knn_logistic": 3.2838528751534604 }, "geometry": { "type": "Point", "coordinates": [ 4139.476663311333141, 2033.500754306263161 ] } },
{ "type": "Feature", "properties": { "reach": 307, "gravity_logistic": 68.503908438634056, "gravity_exponential": 147.27068101814484, "knn_logistic": 2.5430534066687684 }, "geometry": { "type": "Point", "coordinates": [ 1097.245853251217568, 3995.618718146488845 ] } },
{ "type": "Feature", "properties": { "reach": 287, "gravity_logistic": 71.533597682704112, "gravity_exponential": 140.77656555765134, "knn_logistic": 2.4349725573808221 }, "geometry": { "type": "Point", "coordinates": [ 2033.898150417597208, 209.516701414875627 ] } },
{ "type": "Feature", "properties": { "reach": 459, "gravity_logistic": 99.405624385869402, "gravity_exponential": 219.14927362491173, "knn_logistic": 3.2456445850378062 }, "geometry": { "type": "Point", "coordinates": [ 2516.550168435518117, 3572.87320792234641 ] } },
{ "type": "Feature", "properties": { "reach": 167, "gravity_logistic": 43.142522336151615, "gravity_exponential": 84.683468393115632, "knn_logistic": 3.2133771645287572 }, "geometry": { "type": "Point", "coordinates": [ 72.367751769622757, 4067.844705873228577 ] } },
{ "type": "Feature", "properties": { "reach": 236, "gravity_logistic": 50.128664719313178, "gravity_exponential": 113.29582250566813, "knn_logistic": 1.7586812294063368 }, "geometry": { "type": "Point", "coordinates": [ 2694.053477989286421, 33.271296738814428 ] } },
{ "type": "Feature", "properties": { "reach": 393, "gravity_logistic": 90.009306573564444, "gravity_exponential": 191.52785687122844, "knn_logistic": 2.2928532599788332 }, "geometry": { "type": "Point", "coordinates": [ 3138.334619812773781, 671.26401391946888 ] } },
{ "type": "Feature", "properties": { "reach": 244, "gravity_logistic": 63.771883548828278, "gravity_exponential": 122.42395997793766, "knn_logistic": 3.354999581617375 }, "geometry": { "type": "Point", "coordinates": [ 4892.49020330348776, 736.851075980003657 ] } },
{ "type": "Feature", "properties": { "reach": 482, "gravity_logistic": 90.60383221822876, "gravity_exponential": 223.25832653913818, "knn_logistic": 2.3300959187777872 }, "geometry": { "type": "Point", "coordinates": [ 2201.803785021835211, 3096.46930459855912 ] } },
{ "type": "Feature", "properties": { "reach": 477, "gravity_logistic": 92.671770620265193, "gravity_exponential": 223.61616263054586, "knn_logistic": 3.3288229570236587 }, "geometry": { "type": "Point", "coordinates": [ 3597.776374519860383, 1702.985077826554061 ] } },
{ "type": "Feature", "properties": { "reach": 240, "gravity_logistic": 70.018675523780388, "gravity_exponential": 123.02399322655043, "knn_logistic": 2.2918792889612578 }, "geometry": { "type": "Point", "coordinates": [ 128.414250241678729, 3468.481530756246229 ] } },
{ "type": "Feature", "properties": { "reach": 437, "gravity_logistic": 86.973545483966589, "gravity_exponential": 205.32074128616443, "knn_logistic": 3.6231083622821725 }, "geometry": { "type": "Point", "coordinates": [ 3683.250305392098198, 2520.945497369061741 ] } },
{ "type": "Feature", "properties": { "reach": 328, "gravity_logistic": 84.423296086032536, "gravity_exponential": 163.25850367412571, "knn_logistic": 3.478329930134072 }, "geometry": { "type": "Point", "coordinates": [ 217.020984779559598, 947.776882197463465 ] } },
{ "type": "Feature", "properties": { "reach": 472, "gravity_logistic": 83.471234809640279, "gravity_exponential": 216.56510186441437, "knn_logistic": 2.6287623610658115 }, "geometry": { "type": "Point", "coordinates": [ 1241.778239020376532, 2918.039000426314942 ] } },
{ "type": "Feature", "properties": { "reach": 462, "gravity_logistic": 117.91366013555526, "gravity_exponential": 229.53778442608319, "knn_logistic": 3.9559883010255414 }, "geometry": { "type": "Point", "coordinates": [ 716.597129270384244, 2216.895875052484826 ] } },
{ "type": "Feature", "properties": { "reach": 352, "gravity_logistic": 81.430539147316637, "gravity_exponential": 172.18227519011242, "knn_logistic": 3.8277134865624483 }, "geometry": { "type": "Point", "coordinates": [ 1813.629899164562858, 3928.717238337349954 ] } },
{ "type": "Feature", "properties": { "reach": 231, "gravity_logistic": 45.014946861812192, "gravity_exponential": 107.3439230169265, "knn_logistic": 1.9159455845032105 }, "geometry": { "type": "Point", "coordinates": [ -1.904598973287711, 2935.915090012269957 ] } },
{ "type": "Feature", "properties": { "reach": 446, "gravity_logistic": 86.404047027839226, "gravity_exponential": 207.97139454539678, "knn_logistic": 3.0979405515823233 }, "geometry": { "type": "Point", "coordinates": [ 2803.497659068929806, 1665.820178373035333 ] } },
{ "type": "Feature", "properties": { "reach": 239, "gravity_logistic": 51.921414669246175, "gravity_exponential": 113.97308905696102, "knn_logistic": 3.9950552368475023 }, "geometry": { "type": "Point", "coordinates": [ 3059.490931209948485, 29.572257618999405 ] } },
{ "type": "Feature", "properties": { "reach": 427, "gravity_logistic": 95.169571041306398, "gravity_exponential": 205.76825057748118, "knn_logistic": 3.5923514296701562 }, "geometry": { "type": "Point", "coordinates": [ 4177.339068647518616, 1991.268264005043193 ] } },
{ "type": "Feature", "properties": { "reach": 423, "gravity_logistic": 98.274758877939504, "gravity_exponential": 205.88595551269364, "knn_logistic": 4.1644923805475287 }, "geometry": { "type": "Point", "coordinates": [ 440.984628909052162, 1735.911647757891387 ] } },
{ "type": "Feature", "properties": { "reach": 521, "gravity_logistic": 96.113567908316611, "gravity_exponential": 239.38646293523357, "knn_logistic": 2.5851540553636534 }, "geometry": { "type": "Point", "coordinates": [ 1411.987455032928892, 1983.109134476380859 ] } },
{ "type": "Feature", "properties": { "reach": 372, "gravity_logistic": 85.398993223354609, "gravity_exponential": 181.70773775505199, "knn_logistic": 2.061966679866388 }, "geometry": { "type": "Point", "coordinates": [ 1812.676792677344338, 3864.90961459072696 ] } },
{ "type": "Feature", "properties": { "reach": 427, "gravity_logistic": 92.160284072984879, "gravity_exponential": 204.93683398575092, "knn_logistic": 4.2810446616601432 }, "geometry": { "type": "Point", "coordinates": [ 2915.935246975889186, 3595.7812807733917 ] } },
{ "type": "Feature", "properties": { "reach": 305, "gravity_logistic": 80.486555407868636, "gravity_exponential": 153.46928194945036, "knn_logistic": 3.0755889248984225 }, "geometry": { "type": "Point", "coordinates": [ 4234.915900072506702, 309.79687866505401 ] } },
{ "type": "Feature", "properties": { "reach": 429, "gravity_logistic": 80.005412678950862, "gravity_exponential": 197.93029864119734, "knn_logistic": 3.5289613683672072 }, "geometry": { "type": "Point", "coordinates": [ 1840.508218053986411, 992.093317700057924 ] } },
{ "type": "Feature", "properties": { "reach": 293, "gravity_logistic": 74.937216570264567, "gravity_exponential": 145.62472852145089, "knn_logistic": 1.8545372706188985 }, "geometry": { "type": "Point", "coordinates": [ 4564.638528213573409, 3889.156821712044803 ] } },
{ "type": "Feature", "properties": { "reach": 402, "gravity_logistic": 79.480672049269401, "gravity_exponential": 188.81773704761204, "knn_logistic": 1.8492254264935977 }, "geometry": { "type": "Point", "coordinates": [ 552.264802848229124, 2866.669451260152528 ] } },
{ "type": "Feature", "properties": { "reach": 463, "gravity_logistic": 83.985479491327766, "gravity_exponential": 212.95978004680813, "knn_logistic": 2.3357890159818426 }, "geometry": { "type": "Point", "coordinates": [ 1081.401103355922487, 2917.161888614446525 ] } },
{ "type": "Feature", "properties": { "reach": 304, "gravity_logistic": 63.984034736430822, "gravity_exponential": 144.26481255580413, "knn_logistic": 3.6323476896124647 }, "geometry": { "type": "Point", "coordinates": [ 1506.76720538619179, 4071.512246037600562 ] } },
{ "type": "Feature", "properties": { "reach": 482, "gravity_logistic": 96.076480743021847, "gravity_exponential": 225.57029459674453, "knn_logistic": 3.5660310718336774 }, "geometry": { "type": "Point", "coordinates": [ 2118.358163849174161, 3247.218957873889849 ] } },
{ "type": "Feature", "properties": { "reach": 185, "gravity_logistic": 53.069236649285656, "gravity_exponential": 94.927207489728048, "knn_logistic": 2.5548470756024071 }, "geometry": { "type": "Point", "coordinates": [ 4895.506705202397825, 299.670554637187308 ] } },
{ "type": "Feature", "properties": { "reach": 253, "gravity_logistic": 36.627691060164793, "gravity_exponential": 112.12706888275775, "knn_logistic": 1.3922191458234561 }, "geometry": { "type": "Point", "coordinates": [ -1.207628357931351, 1783.287312600017458 ] } },
{ "type": "Feature", "properties": { "reach": 429, "gravity_logistic": 81.71398951604715, "gravity_exponential": 198.50482366191721, "knn_logistic": 3.4893224509489698 }, "geometry": { "type": "Point", "coordinates": [ 2144.809835740902599, 1133.748578755166591 ] } },
{ "type": "Feature", "properties": { "reach": 397, "gravity_logistic": 79.028627923189163, "gravity_exponential": 187.62606797896507, "knn_logistic": 4.0839202466021787 }, "geometry": { "type": "Point", "coordinates": [ 2418.552085800027271, 701.49736645508915 ] } },
{ "type": "Feature", "properties": { "reach": 382, "gravity_logistic": 82.830640866471271, "gravity_exponential": 184.69600772910752, "knn_logistic": 4.0846742233553304 }, "geometry": { "type": "Point", "coordinates": [ 4345.853061716948105, 3062.457984104686602 ] } },
{ "type": "Feature", "properties": { "reach": 430, "gravity_logistic": 88.11722500636688, "gravity_exponential": 205.50327425621452, "knn_logistic": 2.3205712060579291 }, "geometry": { "type": "Point", "coordinates": [ 3544.583961806483785, 3520.372924155722558 ] } },
{ "type": "Feature", "properties": { "reach": 505, "gravity_logistic": 109.6506331382912, "gravity_exponential": 241.63449308737398, "knn_logistic": 3.5034659359517546 }, "geometry": { "type": "Point", "coordinates": [ 1267.756444164648201, 2222.140097847031029 ] } },
{ "type": "Feature", "properties": { "reach": 305, "gravity_logistic": 80.808923107812859, "gravity_exponential": 152.32612540778325, "knn_logistic": 2.5994901663163725 }, "geometry": { "type": "Point", "coordinates": [ 2956.495598840213006, 271.128235915503694 ] } },
{ "type": "Feature", "properties": { "reach": 455, "gravity_logistic": 97.293878647321336, "gravity_exponential": 215.53288764403842, "knn_logistic": 2.6933035446873763 }, "geometry": { "type": "Point", "coordinates": [ 3370.29098662420256, 1922.779877188907449 ] } },
{ "type": "Feature", "properties": { "reach": 429, "gravity_logistic": 97.18521472604894, "gravity_exponential": 205.94744486084153, "knn_logistic": 3.3982025453289326 }, "geometry": { "type": "Point", "coordinates": [ 1737.682259310342033, 3523.716086989901214 ] } },
{ "type": "Feature", "properties": { "reach": 456, "gravity_logistic": 89.561055322177538, "gravity_exponential": 212.37355844865982, "knn_logistic": 2.4043021736214452 }, "geometry": { "type": "Point", "coordinates": [ 3300.819924964077018, 956.917570589935053 ] } },
{ "type": "Feature", "properties": { "reach": 432, "gravity_logistic": 82.49149505180182, "gravity_exponential": 200.1728522090778, "knn_logistic": 3.0845051080564794 }, "geometry": { "type": "Point", "coordinates": [ 1926.232896708121643, 1282.190590276433568 ] } }
]
}
