geometry,reach,gravity_logistic,gravity_exponential,knn_logistic
POINT (4043.621154611074 766.4372822649705),432,92.96438377880094,207.44833618342668,3.453285131036786
POINT (2143.4284044721953 1516.55021688117),418,85.06605249009388,196.54867186180277,1.799785583929184
POINT (1759.978373332104 1404.4276332394015),467,80.89465799800375,212.2921186056161,2.9598484091063146
POINT (4911.514712068586 1868.2412992551936),268,52.74970152294776,124.56258735689227,3.091966137558075
POINT (4620.176356556944 3723.2613281575073),307,76.45424975991412,150.84482760104225,2.6731179479964093
POINT (134.30514868734434 1373.1646706184229),325,61.234779144733686,150.07631859162242,2.7805710791431544
POINT (4417.199096040367 1922.4145613298963),392,99.33913954317532,194.9880686837538,3.2035025877652825
POINT (3175.73553764041 2086.605790875184),449,91.31193398107727,211.56204014893865,2.6157939830359567
POINT (3115.0715731936193 4176.0466904876275),303,67.30394425101024,146.65316439369087,3.550685117896333
POINT (2693.0845769053976 521.0099438405016),357,89.41071678951542,176.98404674094672,2.6807336002174575
POINT (570.91243960304 3188.62776322461),368,77.63036681193984,176.13793510449784,2.331440065657851
POINT (408.68713328695753 2416.395229975668),362,89.78309599929437,178.6491385632747,2.1894821040812245
POINT (814.9684763868859 823.2017636586996),455,110.42079017269596,223.09269704325382,3.8166559950141727
POINT (2547.1033475771465 4068.612964034582),328,83.1065423618086,162.15071215013145,3.6435944049381783
POINT (1321.2539665724828 1409.717769152568),503,87.68180878405836,230.1254164911692,3.359380128432388
POINT (1109.535721103837 2421.0479200115515),508,107.3996364293753,241.45325433995094,2.103248844660492
POINT (3032.015336656557 3738.3611026365675),408,94.88720070688379,197.57948975231417,2.9588913736634956
POINT (2281.7654860045163 163.3534514619081),282,66.62674075208656,137.07404220306347,2.212011397486773
POINT (218.23674692691588 3199.436277074461),282,70.83503101813554,139.22485333074178,3.8443894419068974
POINT (4045.645219368187 113.53528208401138),261,61.70728009809177,126.95119098358195,3.929986877649957
POINT (568.8121971566496 54.20905909199518),214,47.85800343278594,104.25902478936136,3.662404657825186
POINT (3519.538544026599 3990.471040122931),362,82.21797871067041,174.84401876431448,4.446106174767744
POINT (330.7890129408756 341.92422825000295),263,78.39658959600183,135.92063844933276,3.1144799335815754
POINT (1457.0910059042471 879.0895294576464),444,86.39258281005462,206.47460474499394,3.663725484446377
POINT (1346.4453451753743 3327.997139511487),436,80.29460501597575,201.1015725716451,3.24149238153522
POINT (3997.461299399087 717.1920554722653),428,90.91675812694427,204.56253709603465,4.988808187776763
POINT (216.57457632147558 255.37250399126242),221,62.11607250983944,112.53253344342194,3.4408930886766753
POINT (1464.1059294486734 663.8396184130615),394,85.37132318801876,187.79112096388445,0.9903527647362572
POINT (1506.5010582508507 1343.016937813251),476,80.92363053806251,217.39367622647714,3.180149910341728
POINT (296.48385154802 1153.4166532720005),369,89.19064069190127,180.6149070815877,4.611716521026832
POINT (2474.7913213983666 1188.6089892758127),442,82.41535309301486,205.05537880583668,1.790962413575442
POINT (4841.530677514765 2731.6354705727426),241,64.76132492406487,121.42265558858806,2.653733352668354
POINT (4950.0618331243995 1235.586750107456),277,51.25608043651372,128.52691822009416,2.527035531617332
POINT (3028.447634813568 1115.4800975127387),454,92.16409471225879,212.46609988898757,4.047293452736765
POINT (3300.9899528411843 3230.7944849290047),447,87.52404236089292,209.8317927621714,3.2699274179798494
POINT (2472.8995085912197 2243.5739786152044),463,88.89997320452979,215.65872863455303,4.131667776859049
POINT (4951.13530324805 1349.3654370888946),272,49.781266730937205,126.71098599812383,3.4155095958425647
POINT (3271.563437498239 550.1764007783908),375,80.9173444897127,180.09456636553128,3.329701594396041
POINT (1653.311273697029 972.0997662260266),438,82.32039014924955,203.59237962667999,3.742393986825769
POINT (1001.5419210081901 3626.1003805065134),385,76.92851260679483,181.12743993574753,3.259098407772485
POINT (4622.606131869699 3162.6614735143717),330,81.83818275161015,162.81824952753405,3.6314345744531975
POINT (2664.8967505538085 4342.083947568535),247,48.0350136538658,115.14649230728803,3.9310263692171157
POINT (4894.529733333501 2763.1459655868002),232,59.22532265219257,115.34985780198015,1.3708855162244626
POINT (4508.092988884271 863.6945472149492),394,88.54915416149947,190.94994121783355,3.3860027315375962
POINT (825.3702249977663 3732.1437365417587),362,78.11931101636794,172.5873317617831,3.781620615155902
POINT (2494.065728454863 4127.8034088397035),310,77.84443875356537,153.20001326853287,2.941962279479552
POINT (273.6369790712805 3725.7686198968677),245,77.83116128538944,129.22765363556016,1.8301432904141288
POINT (4443.218847901687 3688.8547001899565),345,83.02821112803719,169.76856066597472,2.865445536245645
POINT (2255.2802678620774 2276.0326214975607),480,94.18981923720683,224.5651529541655,3.530069033636365
POINT (3026.316557509196 1007.3771752809969),440,91.07555817524208,207.31571874035834,4.301983804670372
POINT (1428.1793263993934 3546.853589785327),399,84.38884493944059,189.14821484185464,1.9181453336146967
POINT (2061.8935294693806 548.7854107611034),375,80.656131490555,178.33921510693784,1.8099434773168772
POINT (4645.218239492373 4286.938042677339),188,42.3075066145978,91.17457706754116,2.3454151905699567
POINT (1890.3966681288393 2585.7876316911925),488,100.1924092435984,229.35116841864212,2.3705240097328777
POINT (818.0782231014341 2527.051670682085),463,107.22782224687953,224.72392496141669,5.036436802055171
POINT (701.052338716687 1978.501594572235),474,118.05118955749165,234.15636900262461,4.750494742779419
POINT (2093.1184647402597 151.14925089024888),268,65.70790156598646,131.02781852347672,2.450762436689007
POINT (4448.590788817191 3467.570863347205),377,81.6368040426619,180.88606213349902,2.9480892102748357
POINT (4510.696397508248 4198.307265251325),226,58.1568104807059,113.16730838249009,3.7239062990524854
POINT (4702.453609501 4346.259987959967),172,34.1918392399669,80.14323996113787,2.6091674617509026
POINT (4854.033603591314 2092.002133261271),293,52.27569242867755,135.76901968860943,3.258502088722005
POINT (1849.163536699402 330.1754465008699),309,74.69987670784433,151.56450819903023,3.4400705501583926
POINT (2953.688670999705 222.3232204304264),297,76.01240520504938,146.88495734259374,2.388076004657323
POINT (768.3094412834032 2439.0279190066626),458,111.38436293010363,224.87732574622203,4.189680928469825
POINT (4879.8373949181705 1648.7812365063248),281,63.1584864120058,134.8697390512894,1.95438316222228
POINT (4673.2366510291195 1968.129224960773),343,75.07784400902364,163.9778760063114,2.544150858571332
POINT (2196.043815215115 980.3851073938672),430,79.7863075214543,200.28332773249667,3.182124725286725
POINT (2458.622659259102 2913.3850891039756),453,88.17364272826907,212.28482279489106,3.9328754289991767
POINT (1376.6331491441777 564.2625383544262),379,84.37401386321514,181.52420043856458,2.729975834178309
POINT (1730.2642029774672 442.0522456549119),322,76.94194148113492,158.81764566344802,2.4794727492355593
POINT (4343.898245031758 523.3921295478925),333,89.21844809288002,169.83642458135157,2.459615414907037
POINT (4951.085595052247 2439.048742617916),246,42.93003573441946,112.18013703357168,3.359585154618316
POINT (3463.0888910958683 2013.1176459721332),450,96.34482059168424,213.53444194810356,3.6406547753271115
POINT (3737.5781469782883 897.2678275547631),464,88.12708167547476,215.2602130860698,3.36518374171548
POINT (993.2989327002689 3234.0390372192155),444,76.68143441327197,201.57159920985802,3.7448389212187285
POINT (4840.849402529853 3788.6746846553656),245,57.98440743387218,118.66813778327928,3.341236962352101
POINT (626.9546766187445 3742.308195901965),320,75.77100607376568,157.8196405114021,3.6161595780130558
POINT (1068.9931106632296 3188.8415414876804),442,77.61250556481855,200.70180129340426,3.201584749293475
POINT (1812.327295757629 4221.333083528106),275,54.39793191326411,128.68668814440662,1.815352324530217
POINT (4200.937130872922 2442.93473141341),437,78.19333076838674,200.08631914276276,3.807491044758149
POINT (2936.792457212147 2858.9697943326073),457,87.48964023905336,212.07651609826024,2.824549003755687
POINT (3853.75413356719 2130.1417376797613),465,86.54631028138151,214.57139490521033,2.142323973792875
POINT (953.8316739630515 2588.1599907966715),482,101.9911344378804,229.44455197438472,2.8059577225484307
POINT (1349.9150121763837 1815.1424850049716),519,91.78724204101434,237.70824718430526,2.6494060419658814
POINT (945.5504384880609 3907.1971424488015),323,71.28793366258301,155.29701230001973,1.9893365537026848
POINT (5006.719754094766 4152.324960563439),155,28.756893993824193,71.58679358346872,2.4182341356910304
POINT (4767.781470739519 3556.048545318256),271,65.52340064965337,134.37020956014996,2.782675327571731
POINT (1868.8026246463521 4103.354000909764),307,67.92952054564277,147.27488782127247,2.429955142560287
POINT (1606.676102617216 1652.397768890699),497,80.93543012411244,225.24651129458462,3.0423340087079254
POINT (2324.4662391799357 3905.5974418164988),373,96.09145512971634,185.49063997762883,3.68296030117948
POINT (3433.8750857113487 4124.005370871137),328,72.96122061526314,155.72700573925943,2.8413255124734453
POINT (198.17914054860265 3027.1771503582245),293,66.45027864232645,141.44667656392892,2.7897177039613292
POINT (2846.725505535602 3517.9999682188923),437,91.43418258215844,208.14146924227424,4.015685476642345
POINT (2088.6293711230787 1907.300442347972),451,88.2882192192709,211.18315853290073,4.249833356534595
POINT (3096.3561772741323 2967.855702841535),457,87.8705719519916,211.94650844675286,2.9443298139499348
POINT (4126.108022995488 583.8393557752767),377,93.61817809190504,185.1907308722285,1.601718683356023
POINT (4291.119294287481 1408.876452917965),447,110.4741571709026,219.44829105178474,1.783428323057489
POINT (1528.426441046832 3961.1099032799902),332,73.16685986767598,159.11480668768064,4.437828446837695
POINT (3669.4429699739912 2415.8748334857673),444,89.1760971999297,208.97907453908644,3.9758061285579256
POINT (1291.277163955589 2805.1877996473168),485,86.82631062409712,223.59182756697618,1.600287438300653
POINT (2109.6632372248973 3134.545939605676),481,94.765647471722,224.1164863795842,4.563999344528945
POINT (3664.7388549414463 1318.9256945631723),477,93.22169400322899,222.20316475306458,2.6002819521337313
POINT (603.2117630698185 2765.055971366625),410,86.6408585379973,194.96420281557562,2.2262517347591295
POINT (165.04872663148544 528.9630675215374),262,77.4857619342479,134.49888128762774,2.097128472456719
POINT (4591.324120848935 1541.0934058117898),360,93.47747366112905,179.0639767734994,3.359250821957529
POINT (2064.0722025732402 2087.1550909411662),475,89.50770746438448,220.55468538599752,1.9109432039511889
POINT (4224.652146315667 3403.886764565458),421,84.46840545660076,198.9256463816594,3.258158902884742
POINT (2203.204684378231 241.46688945589491),297,72.88240354233228,145.1066132346705,2.861990642614181
POINT (4179.88371035157 1353.9143755151113),457,109.29162162600798,225.0322888246824,3.708697721132762
POINT (1001.4843869480277 1317.3906135707075),505,108.4049746211992,239.50608790621104,3.2229229147494927
POINT (550.9505765269845 3998.855262990369),247,68.31772839120458,125.17956799550066,2.2534348368882386
POINT (645.560027225454 3008.5518977672077),412,76.31159157318044,190.94622525078742,4.3325011829256965
POINT (1725.003421352883 4073.614775226952),312,68.50553518036993,149.9796337764608,3.3539410111148866
POINT (4157.446873358199 2310.5436364780303),448,80.64508168778264,206.48255303932203,5.122484384939485
POINT (2807.7290717953897 101.09204175106701),263,60.98664878740656,127.49986918059206,2.3776100477995095
POINT (2365.916315148578 1995.0021225312887),462,89.10861374290536,213.66615942249823,3.029785972072963
POINT (4014.212014623338 2292.5691045352946),459,82.77776278216125,211.49827052512157,3.439315122343915
POINT (594.0092359749972 2417.8932962471085),408,104.40506307746648,203.0111238512894,2.9478558327266047
POINT (1157.292665152854 3973.132370929794),310,70.3251450429368,149.92532300755576,3.855808371696065
POINT (3546.550226862958 1701.1658440210913),482,92.53464353623214,224.6797038680565,2.5985893499509984
POINT (3442.7366895303426 2308.896378156993),446,92.92436118189734,210.38086032568697,2.898917058191858
POINT (1448.9221120755274 878.6283311785654),444,86.52744333019893,206.70509956077578,3.845529303264054
POINT (948.9909138927236 1152.8077289775608),497,111.50634210639848,239.0577153687971,3.52129822620528
POINT (2109.209363247417 518.0218431898888),368,79.5357058557077,174.7087014193075,2.158466700297866
POINT (3669.187072800372 110.94043905968424),255,54.57236691408506,120.6311521662415,2.0088468834272577
POINT (1978.326921057055 2298.606671950333),496,96.97833269006611,231.13953011859357,4.824089536411378
POINT (56.268067347606 1692.6984332749403),277,45.65099904652977,126.26928841189037,1.1562995649904877
POINT (47.336440089678945 439.8565076592125),215,56.324611525907805,107.7983153267706,2.144172606050119
POINT (2091.442937821803 3710.964267438207),402,102.58381836951217,200.90021277823894,4.1352401101705265
POINT (2873.8763629462665 2418.296143471164),455,85.5732970928001,210.78408952661067,1.8145307826920989
POINT (4513.144469197839 2425.921727697476),361,78.09357103655314,172.98693256757605,4.202492938263703
POINT (1482.8873708845317 507.24806855663763),357,78.07755915821225,171.07778993449978,4.366218284353221
POINT (1483.1778606967703 1406.0132074614678),487,81.3441990555214,222.21101402969435,4.07602863364306
POINT (1650.9721967440144 2715.443250104183),484,100.66472712673051,229.0727851278672,3.047568884560826
POINT (3574.494360001512 908.7114688367473),449,83.82614305725491,208.7740291491092,3.4337786400724513
POINT (3983.186794356768 2362.242732262685),446,79.4160198107127,204.8842401529677,3.504482821979789
POINT (4142.510614799641 4236.317530768299),260,71.45853844958553,131.89395861832875,3.2936530822432135
POINT (1356.4461741411344 2421.8590597699385),508,109.3609818577657,241.3806785062988,2.418828067350637
POINT (2932.617571757175 3464.8902540575396),451,90.54283193652162,212.07193258685808,3.78545316411357
POINT (2009.46699388406 1097.4729203568338),434,81.20018399167748,199.7760662247707,4.777759135972945
POINT (4193.263198715088 3188.9428536222545),427,84.29494086596662,200.87422269780234,3.481881564872559
POINT (1816.4547138012992 2940.4800585218322),471,94.79808025557419,223.23704060718498,3.242795046429393
POINT (48.74339360364026 1485.0054494682122),293,45.406493454367784,130.86468824546682,3.6715220056947517
POINT (1888.745914176238 3687.759795460766),411,97.30369739654678,201.7202246726535,2.6351416362700992
POINT (978.8384582398197 1709.1972336958709),489,104.64641183386199,234.47914645615532,2.7185952799237896
POINT (659.9282335079293 1949.9774229896893),474,116.04213665888744,232.47416186117624,4.073213498731549
POINT (2617.887884548334 1153.960114949846),440,82.17089833515587,204.3461995122732,1.88951286597286
POINT (1784.3872241452038 1482.8444426242152),462,80.06949995737017,210.0068495495397,2.066003662471647
POINT (3849.6069888286015 640.0877745102941),422,85.21173308776481,198.66285514717566,2.568391892451517
POINT (3025.0810947130635 135.5634773000313),264,65.93465269522062,130.53908856956176,4.637556138118806
POINT (3079.562029658012 2343.515084852809),450,87.17577034689805,209.94168499649024,2.990461735970506
POINT (30.334021941117705 4232.616425877477),139,30.693487549764388,67.51824046758222,4.287357278345965
POINT (3473.341160720799 659.7771879455265),418,79.74399835628564,195.47541187658433,2.9003540609348786
POINT (73.49302028206489 4200.102438744719),149,34.38843441513339,73.48665744133872,4.931366552055447
POINT (1584.2936301200778 2038.4412229827778),498,97.29249916369642,231.41875942253844,3.1016061077881565
POINT (1373.6308017548795 1452.4627450655898),496,84.17194828911667,226.56764820644145,4.657404824571984
POINT (26.281754210485634 2143.800040287038),260,44.83774293431827,118.24777071986487,2.762800842230898
POINT (663.9075729953576 2276.740543191265),447,115.96005457011742,222.8686904342615,4.282743331618818
POINT (134.11899008746104 3739.3162929804466),210,68.03028674671343,110.67768714145754,3.8061262628418255
POINT (795.7847885403105 661.4089624274658),404,101.68956129877856,203.10923841302252,4.326856962852986
POINT (242.56302418684322 1097.0890962397639),347,84.60637053280891,170.2125618647412,2.7214172927062235
POINT (3997.3881599603537 662.7874876719442),406,89.5725348489009,195.41329228066695,2.7958782135435394
POINT (1483.4278330797626 3546.0532097753476),414,86.39023113646846,195.07993278219155,2.023287142489541
POINT (1995.7449723818609 1924.4250660897674),461,85.15871391823588,212.4379763051962,3.185380544880479
POINT (3548.1004550047974 4124.243461417771),315,75.66272984329429,152.54623816808277,3.2253070805745354
POINT (4132.724197269996 3632.120020974447),391,92.84227443380585,192.64530234868113,3.075971365260351
POINT (1640.1864192572887 3192.51997425685),459,90.837696029341,216.23911209725213,1.3114476391197802
POINT (4839.177471071889 4039.256813160679),220,48.818404093458724,105.20541651794014,4.145503722141519
POINT (4373.846752867601 1044.8459208685247),420,95.63742443617559,205.06989390991052,3.187505474764797
POINT (1665.6649974876236 3297.8907138657496),454,91.96800564128175,213.98600797674797,2.757543086798497
POINT (3898.580281353972 934.350122329662),466,93.81389726177571,219.38397388930935,2.956255895541367
POINT (3553.1880080290784 3462.724970398973),438,89.76991817975141,208.83902841775307,2.1229036284522156
POINT (713.1896204766576 3530.3787493539025),368,77.75114042295934,176.15682972714205,2.6794924859089218
POINT (603.7355835193526 3009.8307018246637),396,76.73927250146475,186.37642863864573,2.7735161269869604
POINT (2338.2290429236728 2063.4375931337354),453,85.75048917810653,209.1186927646249,3.7685231386463753
POINT (1881.5919533924628 3904.0294445634718),369,85.73662304004623,179.5986215990451,2.9955172893638427
POINT (3190.8590080799468 1838.896178897868),464,92.68007456696863,217.2373826343781,4.900475083680419
POINT (1662.304258824909 1428.7640710965823),479,81.64559045239639,217.6977074186223,1.9786092112624598
POINT (3683.7930923927893 33.327852046868536),234,47.57490428850243,109.61777513653514,2.51047072827562
POINT (53.88899082132524 3474.788270715493),214,62.69720491488954,110.17418849162661,2.2576789170428
POINT (302.64549536130676 2531.8866625143874),344,77.71033108831097,165.77360927977884,2.455750238608146
POINT (4176.457934628592 3269.1719257057334),445,83.86182657447088,206.3684873016636,2.3186449260716997
POINT (4625.508444692901 1923.231856832589),356,82.62887240438246,171.75403556922112,2.9186088403032104
POINT (4016.100507658873 2372.295958670072),448,79.22979962790197,205.69927790999182,2.895322082667228
POINT (486.95015131878927 2252.892738145295),393,104.8320638496201,196.50538363484617,2.694300051587539
POINT (40.533887510747974 1318.8097797671405),277,50.33060482340026,126.58695338769407,4.180875810981692
POINT (2088.7379145960113 2826.365078235524),471,94.96333676771374,221.0538815516395,1.0874307146267963
POINT (2363.5134806504193 1634.898097257398),424,87.38728230974132,199.42985716704737,3.3312547424040093
POINT (2872.884167997518 1208.38030453762),433,86.27764076979447,203.65902827041586,3.5217886296954553
POINT (4176.710987007223 119.24380714958166),257,60.392743011457284,125.20133478854495,1.9408658883371768
POINT (2735.551894608343 2749.0161249732587),469,87.74494060349686,216.82495454229158,3.4078929026500155
POINT (4618.938719079409 3546.5894369851417),316,76.00797579609572,155.60265422188982,3.8802333140443914
POINT (2817.315106963933 113.31755468687818),264,63.451302618051905,129.51621478840627,2.386238938633565
POINT (1262.8173705574116 3458.543797416696),428,82.40303523628415,198.57506329169064,2.586999713465115
POINT (1816.4645028969232 2078.300426720938),489,94.10938806873608,226.39895091116924,3.345241063758651
POINT (2810.886044017773 3132.4851735268326),461,88.82670111476588,214.0651805984314,2.2360839110730413
POINT (3412.4223162311555 2274.7961306416705),443,94.52304186778265,210.68116080612455,3.650959838744977
POINT (3445.6081590799668 4069.2730031340984),350,77.44888418115998,166.00280009852935,2.9648497561415152
POINT (787.2210988398409 494.0711632983204),376,89.94208010044854,185.70102957142393,1.842698993519808
POINT (4949.870778143747 4155.396190103406),175,33.32126108146074,80.60051785405696,1.3635890155586978
POINT (2999.9885523604494 2311.801884521213),447,87.92135558325198,209.8720683226059,2.740276403356937
POINT (3010.407304304048 3187.255533270386),465,88.81415283752071,216.09575551467233,3.850805465779738
POINT (4158.592935944796 4177.197468623449),266,78.2535934829127,137.38052758175172,2.9754017615248927
POINT (3963.2055657649303 3228.3106344173975),445,84.56776140206328,207.0796063525366,3.9151785791585643
POINT (166.17152350678856 32.93211296870752),162,40.27903434093272,79.22682836723777,2.8063192851828616
POINT (1209.8312855362462 1087.2392429244683),469,99.07785554830114,223.0866566856211,2.1429154643039383
POINT (3739.5311573160384 4150.880500968202),305,76.64233181220902,150.58179327295724,2.8726837498918063
POINT (2312.183880919514 3987.541048458603),353,89.71946123102731,175.01728004739104,3.136008253193825
POINT (3737.5130786666628 1470.7690783720416),481,93.74616717335961,225.32628440185826,2.081847564166919
POINT (4717.644545084985 767.9825996689385),310,77.81858455025291,152.63875084715934,3.776157614071865
POINT (2433.252888801668 3467.4048959297843),466,95.79094506676668,219.70554231694047,1.8994383610182988
POINT (386.09462226486517 1396.5646219815962),404,89.69427831892177,195.88652288570597,3.999510621355112
POINT (1825.1419334006666 2804.083988875423),495,99.47391308053417,232.5127165319763,2.06593232811171
POINT (4124.636926950013 252.04122042258234),302,74.40404035994709,148.1962711570732,3.913920790302415
POINT (467.8507152963127 440.66111966564677),322,91.61879303516439,163.46246270905496,2.406549543137472
POINT (4620.496835092691 295.14196859160273),228,68.79883884636034,118.37176306956192,2.3474701585450166
POINT (602.6322223202819 3482.850114766469),363,80.88785600153258,174.41359036359435,3.9770735321067474
POINT (4728.39165171956 2073.8407119623294),327,62.9468631335565,152.9957116817862,4.298295628912082
POINT (4033.9631709098417 985.9071773205022),473,98.72660163568952,223.23666958777238,2.7194071816612437
POINT (2882.2949132171993 3577.9883254223687),430,93.32740625674569,206.78169836922987,3.455485612231275
POINT (221.92367404165566 2096.850333111528),301,72.13868628061083,148.67680923590547,2.2050965106172113
POINT (550.8861914410603 2510.1333200473814),391,97.19648591347122,194.27676084728864,2.9466152429883063
POINT (1059.2352226664746 1485.2476169669574),501,101.53234782117983,235.5089108689739,4.278656389176936
POINT (882.8929251116623 3703.966567435992),362,77.67262600337223,173.23734754153747,3.2159603544026765
POINT (453.33140281378775 3851.4127455474922),267,73.0562209660607,135.7629597394394,2.7992434366596903
POINT (3193.061972776808 527.858134833141),366,84.8822391776997,177.94222727836438,3.150591886029499
POINT (167.02190622136152 1576.9210936254076),320,58.14688084401145,148.8828534589171,2.9553261488723033
POINT (4398.283834097437 3210.717677028255),377,81.72572366473699,181.512360070474,3.2742921070083066
POINT (3594.430568445026 3796.707926838513),414,86.34130359553001,198.07344136954848,3.937661934328844
POINT (51.69912837100194 2509.8169055395833),273,50.52256446679834,126.16553910849717,4.137651708993913
POINT (3522.4995612935545 2464.696196224607),451,91.74256087648558,211.42980837632555,2.0547093132103855
POINT (4602.730809372858 4013.546812266279),266,66.03707379228355,131.6579715342495,3.207898082824544
POINT (1669.0124211545558 2363.521134033077),489,104.59016237250248,232.06484758194438,2.7607718851312084
POINT (1289.7719201898085 2495.855062022808),511,100.71223669904914,238.4576349613054,2.0187612695856822
POINT (382.5411868388439 4096.4463574879),212,62.272301709914814,108.37129429359379,1.9463795384373037
POINT (276.81431199858537 892.5309855444708),338,90.83440683001031,170.0481037847553,2.328273996754421
POINT (4343.391963858318 2510.7831861667887),418,82.14760207864548,194.15182932833278,2.140624417257375
POINT (1925.6070598083907 2570.982622964348),475,96.97695542015899,223.9589534458687,2.461568017148828
POINT (3894.2942134896502 3685.840016246487),410,95.80812010255094,198.77566328907818,2.462971870057825
POINT (1651.0432561856196 3696.9309392139176),401,88.45756561832935,192.18296754326167,2.9449594152323986
POINT (1827.4393732816707 2198.7540828781703),483,99.56470309921833,227.5912653871322,2.0816544172567637
POINT (592.2147315793635 53.32867972614447),224,47.561170850973355,107.33018995951817,3.645699843197919
POINT (4071.202479453462 1801.0683642700774),470,105.18088706811938,225.96605585180833,2.0848797777648413
POINT (30.73348392627044 2730.5671116119456),239,43.73027454489329,111.00490010316541,2.9938444890331986
POINT (546.7200852537802 2648.6651351901564),393,89.14582873821217,190.73604720899442,2.5289866205108535
POINT (1024.248471991398 2361.7562755456343),504,111.91172043761215,242.49282123484016,3.466668597305252
POINT (3851.8341332416794 3955.5425563369113),348,90.11608311988334,173.9123722440879,2.4903372771234804
POINT (966.6804383161473 2532.6154083532147),491,104.24895082683176,233.9109144025914,3.25864180061965
POINT (2892.146615744853 4071.801544822156),340,81.97398642110745,166.37116623583455,4.518101866275687
POINT (2457.3781397573302 2037.7861860211826),445,87.10687728336065,207.03919966576314,2.5589056368346026
POINT (2460.1675518915717 318.4505372925925),315,78.74931061567884,155.87536422275184,3.7009870804750755
POINT (3199.5797694111675 0.454256445651281),223,46.07604789604084,105.26603097214974,1.8861689061923137
POINT (735.2950254350368 2197.7272034021635),466,118.35437419781947,231.4550058404564,3.9547146069561614
POINT (2143.4486061390508 1117.9931559921856),427,81.45211580904825,197.7106532018898,3.7401621079008494
POINT (3687.413013617087 864.2611147651453),459,86.83570208335999,213.03259846799367,3.2064309525467323
POINT (3463.7216472647647 16.9198088448781),231,40.98631646844189,105.96226381460791,3.7052433356686065
POINT (4606.248675919984 2802.6524949805944),336,83.19227988320102,163.34645505710643,1.8473462777707084
POINT (4787.624006036641 1013.7124228212305),324,68.76937548624096,154.89016719841507,3.4725688481087325
POINT (1980.1634654147952 41.45802226732506),229,53.04827866853334,109.7435025720977,3.122388277840411
POINT (2751.2020931581956 2653.9412783935245),475,87.85178970304553,218.4618860687422,4.803399366432476
POINT (3324.6268117452246 1044.7318043946536),458,87.99074863801863,212.94329855729987,3.0366297016226897
POINT (3464.976039308126 1507.537096834764),484,92.58322473506367,224.45938871545485,3.492462121866932
POINT (4758.233533016044 2972.305110346902),293,78.67426377219975,145.02633501480736,2.5057463756959235
POINT (604.5362374870344 3770.962334400832),309,74.18797565796879,153.30762136282567,3.626176400506968
POINT (1027.8744062435526 4067.847203685431),277,63.41136902736668,134.15964685925076,1.923603061969256
POINT (2786.6011962300486 51.32875692354423),252,53.911586595771624,119.85203762559378,2.0023685566114495
POINT (1344.9983442762575 411.0647019789554),345,71.95665035013533,162.24120570862092,2.5105243430552764
POINT (3961.913856484292 1164.799639032557),480,105.96420317106652,229.3703159128792,2.673763982600968
POINT (933.8291576402289 1132.9200452380467),501,113.92535744046484,241.89230303676112,3.8829780774949647
POINT (3851.136773454884 1224.977072980286),465,100.44401616763459,220.92439808696656,2.4592725623731315
POINT (4859.571973366817 1924.6416680328048),286,56.687311143985504,133.8210559642665,3.109678691901569
POINT (3740.3165048150972 810.85676185513),447,86.98393403046556,209.38531832922646,3.097571837220114
POINT (3163.1227780819763 3960.0402905090846),351,84.15226936260883,172.44393226226316,3.5006057418762264
POINT (450.0299169261287 2817.120472160562),383,76.98516362256554,180.0470577303714,3.3755049480726234
POINT (4806.043640168554 440.1216522550811),228,67.46222716170384,117.16986908021917,3.3770071637737997
POINT (1539.91252892657 1326.716382218307),477,81.88648694306812,217.70830092995504,3.0646680470657324
POINT (3106.6605851213976 2996.064639253412),448,82.7017320558966,206.2944798202478,3.1389207570436404
POINT (3270.3076298113147 2306.393919106714),467,92.00153334130337,217.17492135279983,3.7127221731552287
POINT (3024.085426133098 3658.278687025052),427,92.96707446786755,203.4621979345667,2.2977569578859245
POINT (2181.796020162055 3794.729059984905),402,104.39328770674139,199.54685658044198,2.7071957434550273
POINT (92.08570834391588 3192.674772932103),242,63.51889178367943,121.14823310048988,2.7438118534518954
POINT (4489.254838800611 496.92973206037357),304,85.05269369376138,155.77148786726588,4.319828462613221
POINT (3312.8207352759314 1266.3514216230117),469,87.19186265697594,217.82022925423996,2.1920292332448366
POINT (31.915013656798287 934.8882023730464),251,58.74976953214317,123.13538868678216,3.6583087966565593
POINT (837.651387370591 3632.8661485617954),374,77.15400611946764,177.396030790407,3.455598258752034
POINT (3300.1673653515377 2285.19166712842),456,90.91430132437527,213.28641341854907,2.7670820592516843
POINT (4731.080024648882 2839.0632113396796),286,77.95564002236637,142.73379379004547,2.490838695981147
POINT (4599.125856212017 4067.561339684945),249,62.724241924141886,124.37110974607315,3.648645943738358
POINT (2051.054185220724 2035.3720157219102),457,88.74696518255662,214.31074688941578,2.7594924171709865
POINT (3575.553727341765 3069.6102707875457),465,92.6414900229707,215.52201315629105,3.2572523613976356
POINT (3825.7349685904724 53.867104107037456),232,52.2932935940738,111.41451712005404,2.9592070918856956
POINT (3134.1012837028034 2344.9911771864236),449,88.76730811260957,209.87961853304887,3.9218170535362353
POINT (635.2601837601994 1650.497453290141),462,106.25560756500956,222.9744322974849,2.8964160609900897
POINT (4855.985128728964 2862.813236234286),250,66.86528028574585,123.94697591498297,2.11625914314959
POINT (4178.8182413046225 3819.964469581694),352,91.40379914533031,176.43873735106092,3.992798259734061
POINT (4212.1673299715585 2723.3258723398253),413,76.07702094434897,191.46522418512507,3.164757191584135
POINT (163.17097204334368 793.5633857508451),293,80.86456158135982,147.24924989051362,2.7849421846363502
POINT (660.8035945137234 3921.727828541393),281,68.10539907575838,138.82362566515954,1.90202978047112
POINT (267.46291626489796 2807.3499399535685),325,69.80359600914849,155.08915849887327,2.7565454300931336
POINT (2472.257109244177 3700.0224252450157),421,98.78741497457779,205.9485448053709,3.3153614210075166
POINT (2196.989754457271 82.05456313406741),250,56.02858435247061,119.98125387872788,4.707309199834946
POINT (1761.7108669393099 4146.082938887557),294,62.25698851075504,139.73378647077857,3.1721392463387277
POINT (2.265412911741612 476.29455303212364),207,50.585122860777915,101.71687895195134,2.8273260051225266
POINT (4782.701137170001 368.1705810315551),220,64.56311394618477,112.95489029920763,4.33176598505801
POINT (548.3530960013743 2375.618040886128),401,103.53374307662195,199.79513010662234,3.5217926828309167
POINT (4621.014776569112 954.6165875691411),356,79.75107097815706,173.90949244665697,2.1106571637928817
POINT (1717.2898645224543 4344.1460503152875),232,39.12253834331642,104.81476573455453,3.402160789702156
POINT (4308.887101839456 3542.410282523423),381,83.17377442837088,183.92142836738708,3.5162502467330583
POINT (1120.163971635064 1702.703167192295),523,101.75491748830355,243.99804614477148,4.073245809665993
POINT (3247.263470257919 2020.4429446145098),451,94.66995848608616,213.52932591586242,3.3345201405199703
POINT (3439.7480435379302 878.8162043898366),441,84.30495020411007,205.71665565442396,3.3751582052721734
POINT (3605.4777136165444 386.19472836649425),352,69.4674773939216,166.37292925724248,4.537891373238269
POINT (24.47486614918546 2090.8997054921238),251,42.95574956923194,114.65150686569208,2.787555703259163
POINT (1416.3598875864932 2128.435602479367),493,101.44458815577227,232.9125417687657,4.3657651437706395
POINT (4023.9761131475343 2475.3777470778064),439,76.89160739002375,201.19133489764772,1.7689338711538594
POINT (70.03842469183763 2368.9966845131084),268,52.40982061252456,125.20135936298352,2.5035606338527505
POINT (3915.9664815875403 -1.725400178497397),224,48.565591602675156,106.13469388966286,3.0176681131804797
POINT (3737.6318403477944 1568.0162975474825),480,94.57861128661536,226.59860396863417,3.7517134306065714
POINT (2601.901827577667 661.6736325330498),386,86.34941707051959,185.95800604144887,2.6940811839445775
POINT (1977.3442390689675 2935.1748972453806),473,99.81465410786778,224.24400103846358,2.7491847541483287
POINT (4566.71975227768 2580.035833664557),357,79.4582384548979,169.87678344587255,1.612414541391359
POINT (2040.9883422280063 935.1599684610808),442,80.36293114336146,202.4328664423966,3.5545488868985324
POINT (2087.8460134751485 3559.883578136934),444,99.68052422897279,215.5305604459347,3.931528425157948
POINT (4001.626207217647 3573.5810826829215),423,91.31471900671319,201.44290209082016,2.4781512700043766
POINT (1901.335971091766 1242.6348856575132),431,79.71841106733137,197.99361185535784,2.96910884221739
POINT (1175.7892275249687 275.32576702748906),321,66.19035513075744,151.596587754162,2.0937224173553597
POINT (3631.6974852123813 3763.1146439426243),417,88.13831910776253,200.20032933055944,4.125173407537015
POINT (2887.1991967054723 1267.127521729465),438,86.83134675857183,205.43633599566292,3.4341405884625145
POINT (3186.4858130366692 1619.8001277129483),451,89.16888376639723,211.04283996639617,4.301090083440089
POINT (3411.289900406548 3830.428421621397),397,84.54784470367277,190.33019223081612,2.545733821406352
POINT (276.47967114826724 1801.539805681975),352,78.95014583314686,169.67375528014105,2.381105938451655
POINT (3573.3807216312534 1805.9259458009162),465,93.965156095364,219.10819199949293,3.0203692703877962
POINT (3763.647387679757 1536.3853674960174),478,94.50884421681282,225.4402178209451,3.2961544105595384
POINT (338.6509029433979 3302.4674455902173),308,80.43118524568452,152.63030733793335,4.163703471564947
POINT (4783.943048624402 1799.9406446176263),310,72.53390492545371,149.9024448848378,3.648988874027032
POINT (843.6949090492998 4288.406734595023),202,47.09038241742887,98.02197790159723,3.1376092802112128
POINT (1758.0843223738334 971.4636759453227),434,80.76712970358989,200.57463025678032,3.5609466085488495
POINT (4014.6856754256887 588.428578235512),396,93.4982848462734,192.0285446406744,1.5401309729365986
POINT (3700.519458184832 1648.9872848467505),477,94.39485268969118,225.90726221245686,4.0151191376405535
POINT (4239.335760970179 2762.2089238594867),419,81.16544254414056,196.2945318098709,2.727272933102985
POINT (4732.588515245976 1616.551694739148),327,80.8158654320201,161.41570436406388,2.9583138590733467
POINT (2859.5180611034075 627.446276471535),381,94.63973912198915,186.85083352652995,3.3667590641552416
POINT (3025.9004752148535 2850.5734909026473),450,89.11566843557515,210.2788188555461,1.0680496735953255
POINT (2256.286993418101 2230.547617748692),478,93.12879444852544,223.0227215384996,3.189323380329874
POINT (4412.665172131114 3739.2364994410036),340,84.27429646272198,168.97372205018385,3.679298574286212
POINT (2443.5151376701447 1211.208079046412),437,82.34476827451711,203.255561250836,1.7964602856412712
POINT (3286.920133895441 1483.342340955521),469,89.55107749143104,217.2678847857296,2.613911869216773
POINT (2747.2249431367222 2061.4252213864215),432,84.77079903520732,203.53205135376152,2.2245972565239445
POINT (362.2156700658815 2417.461989257525),354,85.82695059893928,173.53569157011407,1.449933412422661
POINT (4344.625302050335 1685.3012578801063),424,109.08717822750704,210.94759892278205,4.499715056131064
POINT (4391.348098931072 1377.674843834366),430,103.56292123326305,208.8141427517729,2.9269043905152086
POINT (1281.9283703942408 440.020988246967),362,79.00690678837506,171.85353957723956,2.9087867839794472
POINT (3137.319195522443 1499.107717800386),456,87.25052328003198,211.4123285739853,3.8187744364960454
POINT (943.3049017102871 2804.5055810390686),465,89.66512054810673,216.52745131717845,4.100576979889226
POINT (261.4812285465071 983.6048863169502),351,87.82135125075412,173.284012474434,2.0587945940563293
POINT (661.1331546774256 1126.3787476297512),462,109.23820784417224,226.80245648787798,3.5267915332195194
POINT (1238.5277590102266 2091.8942273937414),517,106.20661527788354,244.10316414968403,3.1060277897060233
POINT (331.9622496998286 2388.8269297905263),348,85.36924635913712,171.0109984714357,2.192019584043827
POINT (1154.7825774584953 2984.9863808790933),478,84.71490109133956,217.7360045214834,2.042254977389777
POINT (1.384091972375228 3163.6245085243836),228,53.007734830355716,109.67879613831458,3.939631459583582
POINT (3026.9005347605716 855.9749160687322),418,91.01530763787778,201.02234281534263,3.019900568733916
POINT (3905.387754167765 4317.179135522779),249,59.46261465126864,121.21626673959996,2.728442025744936
POINT (2128.491993288469 2641.03796008001),468,95.63584462100755,221.20675908547997,2.3066982755600143
POINT (1977.899949462837 815.909909213366),415,78.4842827808885,192.16663248918147,2.3110352777997507
POINT (1542.458245000031 1278.3642765617856),474,82.96066529050323,216.79240443608757,1.7705848931467445
POINT (53.503228068772366 627.4544364337036),244,66.50917658218381,121.75131862637798,2.7996319862936354
POINT (824.1601099549773 1239.4164252507344),489,111.91593719214045,237.9211991775546,4.329829237315517
POINT (3028.366690446893 695.2405126395279),396,91.97023251742391,193.75685688997692,4.224809380534914
POINT (1904.6894934781506 1704.867529895365),454,84.15275784550344,209.8319821955946,2.96139447048439
POINT (4893.755229683938 523.5518262681313),216,63.87981259276518,111.21243027275048,2.833117322908194
POINT (3790.9020556723226 3265.43876446049),451,89.8918594823285,210.22536068022106,3.7626357848348286
POINT (3520.11749192985 1843.645545095331),452,95.16777929436611,214.89108472071433,3.0444332352106453
POINT (1212.8850920872062 3173.706384454038),455,81.05676692294051,207.2240747889845,3.9358143899211004
POINT (340.51124937367143 1872.5725248085198),372,89.4226543261899,181.50449966391727,1.7402101390567921
POINT (10.334987052259319 2255.507638643872),251,43.934198058996344,114.48649086447926,2.4647844274730586
POINT (850.9204199734957 497.455122858494),376,88.22747283242393,185.861398982313,2.2001440044411837
POINT (4067.4853796684883 2001.7157093643057),444,92.11067589499795,210.3644815952169,1.8641300609021085
POINT (4372.04372851938 1154.013683169482),426,98.16213181231808,207.92691591773988,1.2744567430380733
POINT (1403.3304777375042 2971.0032795276143),470,85.09987376808178,217.74714354404432,4.213843738581614
POINT (715.044457773415 2289.2806174695215),452,115.8528998956143,225.49348235608656,4.658722330322451
POINT (2779.784826322222 326.9824654916283),316,83.67414930860767,157.9422373105806,3.531095385763174
POINT (4041.155539263892 4234.873386044208),263,69.59655539605023,132.1162263963975,2.9617804936675345
POINT (1449.9315813651456 3737.283459220108),385,83.81645464956621,183.30058893545066,3.0351231403168994
POINT (3772.298049263488 2915.3375639359856),457,86.18546356210426,211.36075967663388,4.377112844942519
POINT (2288.8499208567214 1596.2828643743928),430,88.10514687557672,202.0079800753582,2.771068865744337
POINT (4578.616248795037 1267.9642339747566),380,89.3833260508476,185.39538620951512,2.729316714947146
POINT (3683.6835392927765 4297.81431873185),260,60.688715023238956,125.83228480285142,4.515844546551872
POINT (289.45360127959077 2970.470819607465),311,69.68941369212078,150.67966362943372,2.785533374719827
POINT (2419.495984524431 3266.977178988416),480,90.56000674984162,224.40645609870634,2.9635973214573523
POINT (1647.6501814532044 4277.628448769358),247,46.62337305332231,114.9081210154599,3.394358668991459
POINT (3465.6017107933144 3041.3993519595383),437,92.18729001007016,206.59312098596288,3.5195734358795687
POINT (4298.2317515352315 2868.637928809229),409,81.67253869654542,192.92697023379722,2.4071589216229734
POINT (3189.579193196236 290.68258695632306),325,74.10346415696496,155.96473013021608,4.000521360375257
POINT (4760.328442869998 1099.639095044902),332,68.5211847032681,158.86876903757062,4.045860714488237
POINT (216.8378430601577 671.7237364146529),301,88.22139812177124,153.90231228067285,2.5240008554735507
POINT (1534.1024557901349 2134.776935760112),496,101.84124815341133,233.13912959496622,2.9633437356422982
POINT (3191.358202469762 3561.779094298812),441,89.62853586944307,206.64865315754355,1.3571042768206927
POINT (2475.858297735394 835.2849811139863),430,82.12143398613196,199.7354977954944,2.8091491978294414
POINT (1316.2453405304939 4319.995832659673),219,42.49458684601368,102.62696964919826,3.4204588404739296
POINT (3554.1790508861327 1375.9821003197103),482,88.93200338912665,222.16937755340308,4.006847151376165
POINT (3686.1022711770383 3711.073402803485),410,90.18708484538654,199.2836319031551,4.1223362384492725
POINT (3309.87059882296 771.6009985624942),421,84.23828540612205,198.07980672987915,2.8235995587250775
POINT (1648.2367173517773 1366.9883494282476),479,81.63813158846534,217.10202265286736,1.8877601499955956
POINT (1623.2498617825456 2585.3049941680574),497,108.1871408085081,236.2657497143177,1.7179154665038612
POINT (1128.190142462012 166.46245605182966),292,54.73091876178849,135.61996371748228,1.5063699024485868
POINT (2473.739020171699 3153.9492168883125),475,86.43032866818875,220.972542107948,2.702599200972419
POINT (637.7921007732408 2530.4755074906266),418,102.03560378873526,205.6815966554209,4.146849916542195
POINT (4165.842468985743 771.205225966278),414,95.16066474056147,201.86770128085405,1.7539608863339766
POINT (4935.3717310629145 538.5853831314065),203,58.87858376443914,104.20983975264848,3.2011987623437053
POINT (2502.5892800723036 2422.3620009956194),460,88.9489585502879,213.86416165001978,3.1962035349252282
POINT (4950.78660910449 918.342290679542),263,56.2500354930916,124.84518622792726,3.048721086252514
POINT (4784.076995680031 2929.227567935855),288,76.66812164664364,142.11265733532233,2.690106746291693
POINT (4621.647178748419 1664.1868755981181),355,90.06682048289551,175.85887027533252,3.7092524691071986
POINT (4474.623998245368 1282.4806768919598),408,94.21795566032466,197.32576217240026,3.5259568048499474
POINT (1952.228447868012 385.0357144881412),337,77.32411350994259,162.3838712050518,4.167000239506446
POINT (1401.4734958211025 1044.9718011533935),459,89.77896964409656,214.639925375845,3.5264419965618456
POINT (237.8681746678778 3246.7666015690224),277,74.07757037280126,139.21239903461998,3.7313480295033963
POINT (3688.741841964578 3362.901416135607),432,92.64078445714466,206.57722143961948,2.478837002875918
POINT (341.41811482614094 1487.6456862663968),384,80.78625957136008,184.4243762120955,2.4041729312578637
POINT (4566.625192848483 4330.103086684963),185,42.18704243806636,90.19207266865077,3.1480591046157436
POINT (3959.1109471047107 290.3589922545928),319,76.379998305799,154.41576462314345,2.020348521477014
POINT (3959.006161684004 1738.7908555712431),481,103.16425702581112,230.11340704637817,3.562559020194132
POINT (3224.2228263013353 35.89068395527479),235,47.72787631463373,110.50539545349031,2.1050651673973793
POINT (3781.805081427134 3082.1264553311144),442,87.47467846922805,207.4203805124321,2.817494610409707
POINT (76.45747295490303 1285.6608845520414),293,55.339019161913335,134.6692301441612,4.4418094757833675
POINT (1628.8554236874331 3796.1108513455824),382,85.62775952009093,184.40067672650105,2.9506737078875505
POINT (4951.472052545612 1903.2550724953453),251,45.392330715473264,114.71614630901755,3.5344716553189848
POINT (4107.628962527092 3850.9021085996583),341,93.93419482332351,173.59881689276554,4.296644821726041
POINT (559.1467876442854 992.340962492365),425,106.7342371809259,210.91843813125826,1.7243514997341416
POINT (2594.0632338870023 4125.61136468723),305,77.25709950350264,150.58129621774694,3.7631599309390222
POINT (3576.324211563971 1062.2705132370565),473,87.8431520809453,219.32056837264184,3.7984418131250486
POINT (4948.929272477875 3722.357761904762),221,50.63942914324109,107.2966951473131,2.766842822294749
POINT (4289.892089103591 1291.7180675018624),436,106.11879289982457,215.5128907217425,3.9083893630289115
POINT (1797.119920899846 602.2150505050214),367,81.14146734859494,176.76239422379416,2.5237364704108125
POINT (2472.0480240457528 3725.5046974211873),420,98.9422692044464,205.09866738798598,3.427994901399723
POINT (3357.3336728582017 649.7242096691748),407,80.03482757898205,190.787968835505,2.8902760038712136
POINT (3344.1329386406333 1376.0506303801194),488,90.18475093158165,225.0531150939034,3.4298000716900456
POINT (934.0772970658528 1440.4682545642493),509,109.57972168097801,241.4108996688605,2.965010576572103
POINT (4487.093859819503 1154.4723339855677),394,90.63616679751885,193.12183276892716,3.5806444511562505
POINT (21.757836943767906 3519.0469199179843),201,58.01121883227141,103.37611666719954,2.196853473655342
POINT (3026.0986192159107 2293.310433682689),449,87.42968633111404,210.12494804657064,3.2877854341066612
POINT (2600.218008514605 4125.10552628041),303,77.11200641871467,150.08080347403154,3.7565920865038853
POINT (3631.095327212104 2783.315607695084),451,90.84045139698887,211.8792925716382,4.279400469764748
POINT (3274.128820558604 3025.624419202375),441,90.05479536014445,207.47575772593018,3.2117618090127737
POINT (4609.756255602861 814.8313516558127),348,81.77090329194107,169.29643977540204,3.282613024878145
POINT (4806.518081673063 3958.8014881657837),230,55.78887227891001,112.63732164152876,2.6526590098440326
POINT (604.7667129911949 2778.0606546670565),410,85.70984361552975,194.4861777395808,1.8931491732391605
POINT (3962.7297423987743 2436.4267870214535),447,79.00660783699433,204.84967904809795,2.233716937337401
POINT (2234.0809908738593 659.8316210964227),399,77.09882359333331,187.89153127337394,3.672129012216903
POINT (2108.979814627803 2808.6666609517147),465,93.90519509264094,218.60958689120122,1.9622943280592966
POINT (1527.1320593637993 3741.7133847860723),391,86.80321849515356,187.39423577975126,2.5684738738952255
POINT (1650.9359877854604 2657.2487501593373),488,104.63679316459749,232.21850316195417,2.900803469824579
POINT (4952.636665696589 3456.6928239453327),230,54.99849834902045,112.70587573432128,4.655635760135719
POINT (1649.1869819108927 649.5818453142177),384,82.46173476932402,183.55270576765145,2.012138307866813
POINT (2890.204811867503 716.6338032172675),402,93.54790526973115,194.3899392783671,3.462092878824923
POINT (1051.8599543779844 1320.9333296618356),509,105.41987289560349,238.9930672973965,3.615365802734833
POINT (1063.4704079286223 2310.2762024414183),515,112.40503277931197,245.9946079372699,3.584195440263662
POINT (4126.182744050238 3499.5885651184963),427,89.08900754584339,203.34280986329904,2.9438334674682776
POINT (3063.012112091105 2254.043630142537),447,88.63126743754373,209.61704373049983,3.2952925277822933
POINT (3188.0318948031468 1584.962571562517),452,88.66251716609462,211.05246168986005,4.006954008003182
POINT (3574.798785428231 2731.211573516687),451,89.69802904647236,210.79403555120655,3.2375163880477302
POINT (1432.6351767918966 3260.437355738895),444,81.73215466922282,206.2372647062274,1.3712133887226317
POINT (3741.6437816948674 3834.896860608632),393,92.37224845109294,191.7267533744141,3.37312878331975
POINT (3671.1446969297176 933.6119955707146),453,86.9558254754992,211.66529083189343,4.208811606697938
POINT (3244.144452835216 1008.5325287339273),451,89.78290835908918,210.2351342740808,2.530313713402706
POINT (1009.7788786004903 4069.644678191152),279,63.27170286963895,134.51238273486746,1.8028448892390838
POINT (1211.426750331065 2330.0307754515056),503,108.84554071517744,240.29152114837308,3.0769685808814295
POINT (2033.9647200521752 530.1248259955441),366,81.42403903898216,175.67909574122922,1.5000188380387014
POINT (824.2105743355365 2941.60712260298),434,81.89576566023126,201.69143399996645,3.0052031287291343
POINT (3302.4570175057625 4137.371018112373),323,69.66857567008891,153.63092166314158,1.927194061007509
POINT (3055.831529347259 2253.99054430647),447,88.43130498673902,209.7302009189154,3.296764290950761
POINT (4347.2323001856375 1286.067867075211),434,105.58686939286802,213.47273107146378,3.0423649924730927
POINT (297.4301716746884 3026.0074249426384),310,69.89463351473917,150.70170100210265,2.2654836768170545
POINT (3133.707739467886 188.65410103332107),290,68.63047816438825,141.1116462385243,4.362556324155575
POINT (69.97174966824454 768.9205144234855),265,68.55877288850796,130.44699870770916,2.6037905876260066
POINT (395.6118742580546 385.2676152588284),303,86.20892034226026,153.2888746120208,2.3955146508009344
POINT (2502.1609015012846 2087.7697265083666),448,86.76911808658103,208.36332951032892,2.586252424883263
POINT (4125.333276691299 572.5493111678388),374,93.67830953707362,183.909699226846,1.704182038849244
POINT (386.8763215421257 955.3634786841434),388,100.31850746305801,193.21026294314763,2.009014825250932
POINT (2077.052311726214 932.9665875263086),425,79.9422299653445,197.56509400720236,4.004595026809466
POINT (1566.3135287849022 1924.0767369547577),502,91.78023137937652,230.72188909002003,3.3564991988107513
POINT (3193.894107540323 420.160472985851),354,81.19377094232183,170.50174692912086,3.5808623957629457
POINT (2208.3414467672037 991.7489350655468),427,78.93828623544576,198.76100668166606,3.17654571431665
POINT (2920.642152388449 3738.4145199840445),405,93.94912697634487,197.08421265581165,2.775604762105956
POINT (3445.9371195439144 3188.3601497548366),453,92.36242661172943,211.96018599403394,3.3242191713712077
POINT (2552.2586482494344 383.59072062348474),327,83.48547311581018,163.62326710052463,3.240020876789277
POINT (3891.560929813485 3137.9307410500837),454,84.6042744396966,209.46888541581657,2.9865306422691607
POINT (220.8586739914797 134.00955653654316),199,52.89793281799355,98.70831034922615,2.3930033934698436
POINT (2638.2944934358034 1458.051398933295),431,83.1771479024091,202.04559733529453,2.0884726581141657
POINT (4124.917967246712 2885.2504395782476),418,81.65865234131002,196.25889861692522,2.5199577775222672
POINT (798.1569585471432 220.78075934551072),303,66.29228963400574,144.7970331409965,2.894126754477409
POINT (1071.4729434105627 989.4906030116044),470,106.41171285554269,226.858570306046,4.574199359295375
POINT (55.377326548784005 2820.0787135243936),249,48.55866614323036,116.87275855467281,2.7319689185251117
POINT (4618.551123510481 2223.4525922051803),359,71.68083080774933,169.52284988125507,3.577469778895579
POINT (2585.1014293026956 21.40116754292762),238,47.931328083550916,112.07682094647816,2.398382578735459
POINT (-1.524900747446144 1890.9495939833762),244,37.248642938839104,109.21038364133058,2.1851583161489168
POINT (3888.3823639593684 4016.0910137100923),346,90.10228155157019,172.58466999901304,2.8671454503397795
POINT (2885.6916139391265 2308.562612531389),457,85.91163120258486,211.3772204146754,3.811948847828024
POINT (-0.0776208325808 3593.7184994223153),191,55.624118832385214,98.34710487165937,3.1109041991803528
POINT (988.4297449575586 3638.256273657365),381,77.00735251975864,179.75062895764472,2.227346848290083
POINT (4794.994070900292 3462.513644609359),271,67.27710778817413,134.8718969561334,3.74034276582807
POINT (2840.927785008401 878.5964451235374),418,89.32018943831572,198.92773842742122,4.13786363191469
POINT (1174.9605398897972 712.4485845780174),437,94.61536660609467,207.48690718093096,2.3437309467527436
POINT (3282.6901907241677 3888.381249848642),382,83.68536873147218,182.66737642884522,2.6609899481177344
POINT (4509.577364752146 2329.6630756849386),358,76.96065858153499,172.2770930729526,1.4300454634151027
POINT (3466.4598705184408 1606.9063411898328),478,92.95166564341785,223.03243003639813,3.6722793383342087
POINT (772.0412035280732 347.4615306685525),338,79.19682268876974,164.75813699859594,2.564086671086304
POINT (1594.608028659196 183.46715920317956),275,64.64060369365747,132.9555169830019,1.8138498157127434
POINT (222.95951133903168 1692.9970567522219),345,68.79761110277371,162.56077727198394,2.510801327464229
POINT (177.7580019594736 1321.0985566993668),335,68.73212646608677,157.79042690285254,3.3000757214319765
POINT (2060.185834257106 1206.8860248544854),431,82.65349490381314,199.09365868341956,3.733424843256817
POINT (4312.223494292259 463.23428124571166),314,86.68166320605373,161.04405023379832,3.400923877778051
POINT (4488.21281183728 2.014503398052918),193,39.342618433327374,91.43590022187763,3.096312343966085
POINT (4107.804826766114 4341.842268562222),233,56.09970848943963,114.66781776933557,3.8785082659344168
POINT (3428.877412595776 604.0717527113391),403,77.55163020137665,188.85640974427517,2.983138673122617
POINT (4234.973071412954 396.6590552794923),317,88.37832069028211,162.21693734343935,3.490133711903416
POINT (1779.1495948460786 1668.4966567357849),462,78.00441506703947,210.06282653967503,3.326673214319907
POINT (384.26095764602553 3537.619738017734),298,81.55970080753393,150.59144224081302,3.769816016735163
POINT (2349.2817007318604 1323.6221438696502),434,85.78603210104217,201.43088797597122,2.0158646230637167
POINT (3287.076341211844 4178.867849866712),315,66.65843024066585,149.50869667054138,2.9729102904069693
POINT (524.9322605561227 4017.9628972568216),242,68.31024748557691,123.12157570443014,2.617440040549605
POINT (2705.3397287787575 1757.0236921343062),446,88.96515122530627,209.55019111429823,3.0889661520277722
POINT (2394.8792139015686 4125.49663714605),307,79.05049140468637,153.3535115933991,2.719226118529558
POINT (4012.1492811480966 1828.776112195547),475,100.87946282205672,225.97194355451782,2.7032344734144473
POINT (3989.8593646319123 2697.4858965418553),436,79.04705958345136,201.29583823960556,1.8743891259934582
POINT (1843.881550322401 1593.894974628067),460,80.39476155597822,209.041546292924,3.2134845925986313
POINT (3463.750887027322 4039.93939683417),349,79.4279237182547,167.918115264155,3.2489360684355213
POINT (3516.8884330084798 3147.2402392727668),454,91.6239956180061,211.35701586707964,3.4227610171260605
POINT (547.9609885609261 4255.227456138422),192,50.3548672806005,96.05763872958258,4.247543317122608
POINT (679.134665968751 879.1709002097305),433,105.9086037345691,213.6537685481103,2.914903192545827
POINT (480.0775943729341 3297.1176734741034),354,81.12205607889365,169.90112337901738,1.2781573026225719
POINT (107.343903161694 428.78149290470714),225,63.927687329864796,115.18639533535875,1.936392896610673
POINT (3985.5322449251507 3960.437554768791),339,94.67447719853978,172.19031076510421,3.149731375265586
POINT (546.8262614027929 2649.8960313494263),393,89.04311707370118,190.67721054889233,2.5285143741989304
POINT (1263.2616968837679 3440.764699475249),432,82.66625011192582,199.97972993054677,2.580166703213596
POINT (1951.320125122222 1761.7234597262668),440,83.60669337751563,205.11838792250896,3.464933372496882
POINT (4320.198088312527 2965.8744097619856),397,82.56806609248125,189.53688552221132,3.8433049861419826
POINT (4631.5207616426615 2197.385797170351),350,71.73943979586562,166.7557461318692,3.8708547105197004
POINT (1594.216829684741 512.7166123753383),350,77.66460629656616,169.06104917607598,3.723215196668486
POINT (480.4784116466221 491.8642910714984),330,93.69203217999633,168.20155074061168,2.7578462313004506
POINT (4072.9028149166206 1607.0010637994947),467,111.91854751644388,227.8742641332713,2.5263470454451427
POINT (4855.648827287112 55.61901895215866),145,32.47912362150236,71.51350787413914,3.060074784870389
POINT (1870.2403216035161 1938.5388684529894),474,85.93425773696801,217.76923771816408,2.427532066614417
POINT (2475.154866682793 3096.6007541463277),486,86.38339674859745,224.03331496498677,2.6573313080743928
POINT (3396.748441348784 2969.3247549675543),441,92.74172158816404,208.32981677154757,2.207640228994501
POINT (4056.0438656479255 1651.2224041017664),472,111.65570416367756,229.62107276499043,1.911693810984469
POINT (3356.8563687338856 1711.3325928835689),469,95.6307856187188,219.77376015079966,3.469175511706147
POINT (504.6934656667065 108.85154668120987),233,55.736259223502714,114.25627114479897,2.7921843769875467
POINT (3348.220034966657 4125.681789466495),327,72.54829528445318,156.350610571261,1.8563176646622073
POINT (3324.9235762610615 3630.7108780740973),438,90.17257580211484,206.61324302159647,2.377267263351448
POINT (4719.876597744783 3028.1011022870657),303,80.86172874458359,150.0802007021284,2.123210896221045
POINT (2493.644226174192 3684.609457605168),428,97.64705080971979,207.5246453553237,2.7016772304807533
POINT (1584.2789690578925 -3.3563055758278),220,40.892681187736514,101.33850339103309,1.9224967423110517
POINT (4344.952791295234 1467.4428474135175),442,110.99808147911334,216.7182363955826,2.166934370970591
POINT (861.8956430507004 1209.5962872589898),482,113.30593957559368,236.63770629960675,2.9503534216411085
POINT (2572.820643847144 2256.196675292294),446,88.08483824368632,209.45156281401879,2.959705909986333
POINT (956.5785485428203 3685.6121344474873),372,78.57012987399355,177.28213306505344,3.763713704080701
POINT (388.0610937945949 571.5096219535218),316,93.39913398107808,164.38755205014274,3.349516374754362
POINT (33.777273892815714 2914.085273865549),244,47.74610257881575,113.56727603438252,1.9152569319820192
POINT (2894.89074882043 4234.639338243236),293,63.65962537789884,139.78535757743865,4.431110070759303
POINT (3315.8869304201394 678.6637347048613),409,80.73717738877859,191.4964834839285,2.336729544080048
POINT (520.577881159676 1045.7351537910822),423,105.67826839117647,209.50029927176547,2.639093723083897
POINT (3080.7395142843916 3385.5047751937),474,90.37146946071739,219.4548360067491,2.7130414074455294
POINT (54.62453470048899 2904.0062155442206),250,50.25287442591962,117.21896903189044,1.9121529159040054
POINT (2134.008564740347 716.1362380912439),408,77.60804258065482,191.79930210670955,2.6904947638522265
POINT (4818.962879705489 1320.911026504279),305,65.4042147870309,146.98084876875296,2.9598144684675187
POINT (2815.2714102745394 3739.9836897083255),414,94.9698448235344,201.06780655951275,1.3568971219299786
POINT (4287.4586904886955 973.5515139544325),435,98.64525229027633,211.2114518738191,3.7138354557485895
POINT (3352.429054130081 703.5905065818071),418,82.691615761508,195.95675245007948,2.903445269509943
POINT (4400.063275847379 2557.7330174194058),411,83.48592457671805,191.32582283376485,1.9434339259926434
POINT (2145.448163349454 4027.80693637434),338,86.22052624813595,166.71942532878884,3.2831489419215174
POINT (932.329857767715 2099.602186523274),498,116.4168810813999,243.9596237493706,3.516831721745773
POINT (1528.8462522574628 3081.007335556431),477,88.27232751286762,221.60542670712036,2.5983091904204803
POINT (1043.134473704568 482.0985202060785),386,87.07189638892727,187.1735837123142,1.7331751452542146
POINT (4089.0543910311803 879.6819839444139),447,96.95375591293143,214.06517152184057,1.5414246618153147
POINT (2148.240814242747 855.4530482452424),414,76.71787363254384,194.20668441681525,3.6443372932468865
POINT (4510.512596208284 1087.0632878873146),386,87.40489613862707,189.14028722208275,3.7054758225309703
POINT (3888.4132289604577 3793.3478483578615),388,95.93412681393873,190.2217274579742,3.7136495332498933
POINT (5008.425409303177 2541.7658914152134),219,38.060247106147756,100.25502870173075,2.6577793009874084
POINT (3908.128659139662 229.85790234471193),297,71.53755661532513,145.12482030983952,2.933180901537187
POINT (4683.749668969913 3247.8331013117345),309,77.0378598277921,153.03035798988913,2.360253216144247
POINT (3627.5358655152695 138.50732739796797),268,57.16015831343702,126.8609222154537,1.8405180115101782
POINT (4304.727986137591 2254.335954891483),408,84.62434444371084,194.09094084564626,4.475478165612611
POINT (134.52092230845054 1977.1399681325092),295,57.41099974194533,137.71132895571728,2.550849326438558
POINT (835.027838461233 222.9653318503876),303,66.309730501883,145.27153984787364,2.540060434975645
POINT (2328.33048169375 3849.0165671345603),383,98.27718803277908,190.75144736149068,3.8866338631091035
POINT (534.9407825826873 3464.3270741744423),356,82.66687501423523,171.32722837656848,1.5714582654601572
POINT (3429.0499780915743 1924.8690644245803),448,94.08285825476761,211.6687640471361,2.9076753317499913
POINT (1351.901670375691 1097.593207174983),460,94.43637832978314,217.9553628050901,3.753590442489369
POINT (2363.507338084328 2328.390767754897),467,90.00877322421184,217.70079181503309,2.1869754071705345
POINT (2295.222128424806 2586.62199967492),463,91.58886094007966,216.6535849828022,3.212987729433346
POINT (2819.7161598253265 1100.3487262830522),446,88.92140107394425,209.81316902574207,3.281300711112837
POINT (550.659560900407 3163.7210940866885),366,76.32589593322498,174.69260807550802,2.2074837554165967
POINT (2071.515482754929 2478.2063180861483),471,94.7236853143583,222.11515018069673,2.5557999116855834
POINT (4770.024382419714 4012.6310722389817),222,55.0584371557631,110.45813206060886,4.615726600324022
POINT (3767.232069744547 3792.373192425828),398,92.87132460862514,193.96329192041236,3.426014303074365
POINT (4507.820340730758 2626.181515103708),378,82.36118419214633,178.23489890765114,3.388088930202482
POINT (4402.817373226713 2397.7658661626333),388,80.75744466830302,184.07766237297164,2.1529939745715847
POINT (932.9107675720213 1515.5195378403355),510,108.67407056176759,241.68777760620526,2.9388658153412788
POINT (564.1788396999319 1829.1465721182105),453,108.54264414075783,221.26909820310385,3.67318456112726
POINT (2873.118157616079 2038.8496141743508),450,84.7813878378448,209.0846081500339,2.196998691847571
POINT (2730.9394849979476 1323.088439441862),448,82.55750590748798,207.2442744480047,3.18437674052335
POINT (4839.573440249218 3531.180631391395),252,62.68472462952236,125.77894983187952,3.7393108279663934
POINT (2125.277931239976 4016.064367586729),342,86.94944141530179,168.44453095525864,3.273296640501724
POINT (4837.814231353928 2316.9822206853482),289,52.71866680171685,134.19526830803156,1.3695243086949211
POINT (2685.997928800743 3138.4075375771886),463,89.28607864607895,216.3782945925247,1.1364060042721544
POINT (4822.35995101735 2075.437527614421),305,54.9631401090273,141.22381816230723,3.563032337991358
POINT (2751.641573850571 2335.8928467000283),444,85.77348852653691,206.94689082849663,3.7664034499889105
POINT (2714.128191784244 2859.749407652576),476,86.2604289837231,218.00066310668302,2.491658476850649
POINT (2970.995994104225 2119.1901528681697),450,86.1264673957842,209.24439346332665,3.567101315356967
POINT (4615.937011802979 724.2893087805273),330,81.48228270923877,161.68003791921677,2.6963787779174573
POINT (4784.146702919088 2934.0463327632333),287,76.65324595462413,141.65010569408332,2.688255612323081
POINT (3584.8301285400503 54.04535503745578),243,48.149407168878405,113.1345613544884,2.657163926862922
POINT (1951.4691370678495 272.3084191649691),293,72.87442153562425,144.6920540015247,4.432792964247378
POINT (2769.5400636327004 4290.851063063843),263,56.91357556475839,126.17875743328666,3.2086127311927353
POINT (354.1820060261614 221.85135895819909),243,67.97286180406266,122.79886245906744,4.142909262522391
POINT (3131.92255420855 1956.4252223288083),463,91.19091019784369,216.10124004744318,3.9310521054742145
POINT (209.34759157676825 1487.2006674360914),344,66.48350979681472,162.15243517715237,3.0863846723902695
POINT (4313.6932809224045 272.1403850255887),280,76.9752426531253,142.9671406483054,2.4032433680605614
POINT (3466.9163857097656 1747.8156659969393),454,94.97692290262334,216.35417844825182,3.959664100913397
POINT (51.61778995432241 2550.9590435703817),261,48.84323515833736,121.32364845354526,4.418226680703686
POINT (1182.5969715696617 549.3253862480694),395,89.11336564337726,190.22047624388364,3.668428866870703
POINT (4730.281581480807 758.2496101475396),311,78.11992465639918,152.87770994022947,3.7790133703033537
POINT (3134.1780253178003 3013.256017716494),459,86.55425570549225,212.2967879832434,3.816085812876124
POINT (2033.0965665937122 3009.973324807014),496,99.45007172257056,230.39088810334513,3.8141677625723247
POINT (510.5799942324771 2472.0793087805964),384,96.13454146458717,190.69879737218952,2.549968623587585
POINT (293.31046464606726 3247.4666790439887),304,76.06929382181079,149.40348606798585,3.0775177158084297
POINT (715.4881639864764 4159.326202068142),223,56.828796503269,111.17324474810638,2.409501795192137
POINT (337.46101144495196 2144.3167026448787),366,90.88139803363968,178.72186046044195,3.1675245564959225
POINT (1210.1169867414287 375.73039002425804),347,75.81634375751175,165.43022720368964,2.1792663954739515
POINT (3133.3938210781234 618.7115949623968),373,88.239714898811,183.2364944068315,2.856428949565835
POINT (3902.453734180549 1278.1612812396859),468,103.3409704982428,223.50144356816787,2.6371912435086347
POINT (3972.2892614036837 1373.4298882042247),463,104.54471329308879,223.20020544641196,3.5078127201138645
POINT (56.82534330134532 3702.6206998377224),195,61.431309090616956,102.10613255098548,3.245528030722746
POINT (4454.100138884131 1580.656762404025),406,106.46888551995569,201.72122945393647,3.7518555942307232
POINT (2008.1956110820595 2804.6177965437687),476,95.49696320540289,223.21336218357055,2.537922662721387
POINT (3871.9130449439763 1978.2578534591526),479,87.72772550750565,220.99076885096807,2.3379161418255117
POINT (4812.641254484176 1372.0766001178727),305,68.09331228291488,148.42750141295735,2.988863136863136
POINT (1812.3516095930152 1458.7591472153722),464,80.21281932349544,210.00891113340754,2.679957156953522
POINT (4977.488904209991 2637.327639315428),221,44.945150972283265,104.79752104975029,1.1932180633033664
POINT (386.3105881021349 3766.805772622839),272,75.33222071083226,138.47444174923143,3.9013726977174894
POINT (2659.0848318219055 770.8856550489436),412,88.75985386525406,194.74350550570048,2.314892066698314
POINT (2640.757528001321 910.1323358637853),441,86.02779719962535,203.65784407773228,2.519606764223446
POINT (717.3675431581322 196.5609002414996),286,65.3367820759964,138.30905967228122,4.022231716410195
POINT (2462.278952621664 1647.3756632866084),442,89.08673485300282,206.2142644475249,1.9842200005526638
POINT (217.64004122319912 1140.011555142471),336,81.24741008956684,165.29235560492288,3.642288305943649
POINT (185.4562270270075 4070.1749656778475),181,53.02310937397217,94.78807132750107,2.552672242126998
POINT (4749.800244569344 1374.054480377907),333,76.37399940278164,161.69423524888285,2.688749877719645
POINT (1244.22150020749 2581.534580341583),507,99.30247709478608,237.42174855715214,4.424502042142671
POINT (4069.3629071156975 2404.6514968680303),446,80.42006402522662,205.99000674670674,3.7622981475615007
POINT (1151.919014313338 1663.122761609884),517,97.0751699002554,239.75867599756822,3.5032086271594634
POINT (4368.43754495664 4068.837586364339),271,77.869581808575,138.10413766347557,1.9440003594733248
POINT (1208.8840333433616 294.91494291899755),327,67.58753991696912,154.28188544245617,2.2244071990151415
POINT (1211.7126710563484 1741.4177187371545),529,98.0946369097136,243.90602324564827,2.487162455903681
POINT (110.02759645288023 3537.674066486877),224,66.97134942180755,116.10526787980017,2.761715659391927
POINT (2475.262870219086 2819.5715037316286),477,90.77054704806069,220.3301038007739,2.8447159538907023
POINT (4178.578738330452 425.8956913306939),330,90.11021034764995,166.73788427843738,2.4284807868686973
POINT (1425.81876816646 90.07746031589411),247,50.06534729848883,116.9261658986436,2.2339116590030192
POINT (4564.947610270661 649.7450914454608),330,83.95265344603936,163.51822049600966,2.2434704956941123
POINT (454.5564536926704 3079.579080975254),342,74.5711855143193,165.5800016800069,2.8093550455625818
POINT (3351.6482613829735 2618.053631286415),441,89.689036303401,207.82905949435033,3.4488133794556926
POINT (3000.0471097346567 1760.3250583263352),459,88.03201584244835,213.0194465047872,1.995345226161781
POINT (969.2197577119842 4012.0459522005694),291,65.41529821003986,140.1107634585063,1.9253689873551445
POINT (328.7499279530528 134.63952419234244),215,58.9364799598667,108.3817753162569,4.079201126787057
POINT (771.624778233992 953.8296672228911),470,111.20536857783605,229.09572372130364,3.8069055710855113
POINT (1041.953317657303 3425.55969168228),426,77.64729216082766,196.21299626452407,2.387939214997306
POINT (2492.4106118547397 3187.3698286452614),470,85.73546716184589,218.94210574301948,2.634574880742286
POINT (2242.3555608888773 3738.3051551616645),409,104.91534831258511,203.1810268622817,2.7491020544377927
POINT (4532.082670000999 457.95239209981725),283,80.85028192764868,145.10698072376536,2.949421236275348
POINT (4068.997912945791 2667.0012703682814),432,77.65516518098664,199.58829108258988,2.610461896701578
POINT (2200.384986643537 1179.9615042347339),423,83.1658455121575,197.06995259081583,3.467666189318334
POINT (5005.467460323677 3262.2657772677676),215,50.9567860389891,104.99479665434554,3.6812050322822305
POINT (463.19657976424645 2313.5824206619864),376,100.65875145318408,189.22267590240534,3.367453630546917
POINT (4618.40484077947 2210.891683255281),359,72.25730992261633,169.72742701214523,3.562588078655998
POINT (439.83269827230623 417.0481577448052),312,88.77236837954851,158.06585160190133,2.4085451359679464
POINT (3374.2535415362404 3793.3532065869977),398,84.8739550101645,190.82887873000405,2.265159730059763
POINT (2033.6484995008514 3722.3210752710675),414,101.71577420668936,203.89356067866007,3.336776158974808
POINT (21.154812271808577 1926.2047277316938),250,40.42296943550244,112.97846016353049,2.3855176639206475
POINT (4773.39047845237 3188.8266291262744),287,73.29429869217256,141.96207174889352,2.3643715856207375
POINT (4168.504991651925 2148.461122642807),435,87.92314910871687,205.74393452543413,3.7799423746440195
POINT (1694.589572596007 332.63822550648956),311,76.4229263455864,153.21213400018914,3.1406838711524685
POINT (4564.861988318417 1288.117242819003),383,90.92993055688109,187.01518104666002,2.7279154915197443
POINT (1706.4909680108103 627.3750131713764),376,81.2331797255964,179.8339480406753,2.423263206331425
POINT (124.1685962729913 221.16034692888283),191,52.20660022974281,97.00295300708713,2.39003748199848
POINT (3396.442991192255 3190.135510258849),445,90.46713406662295,208.75122084804704,3.186430954460407
POINT (3331.1750251097183 3574.070544349025),433,87.36916624743853,203.78014638743383,1.6363203246197189
POINT (1416.5497614253563 651.5162632571489),383,84.74978954356017,183.608448819055,2.031879824328242
POINT (827.4096352922963 2009.9877594231602),497,119.08806521547314,243.9065253705783,4.27774773083546
POINT (4273.509319461365 3631.922422165112),377,88.83152745502028,185.7516777313967,3.0251419952318117
POINT (2057.7403614144273 1978.3128218865154),468,88.81608677241736,217.08534571960666,3.9704913412571905
POINT (4471.332477882791 712.5746152925785),360,87.33213315573649,177.50231003340332,2.3528102583778887
POINT (4123.178859670784 1241.8477606637396),466,106.2086554467825,226.78700893885173,3.8756237225236743
POINT (661.1210341313459 243.46644162086682),298,71.28555597081579,145.23433628176022,2.2911808022346123
POINT (4772.2175583888975 3631.4666420983276),268,66.30994070538938,133.37251752561747,2.7385625312362785
POINT (4602.488449402989 3134.380456864181),334,81.76879546772743,164.17162074604897,3.968375802951093
POINT (1865.8256133045443 3004.2617447819002),463,97.02280772410847,220.4095057990886,3.3637073156199353
POINT (3475.484047717046 659.8519988536125),418,79.58424644570884,195.39335412766403,2.9001619804586234
POINT (1335.4480822160733 1317.5704827895743),484,90.25142671914837,224.129036414574,2.7367582126963055
POINT (420.3058794160383 3685.516305426621),287,75.99986420136871,145.51567124527992,3.810649167936947
POINT (1157.270895825265 3937.5864266725916),316,71.11027487514536,152.58610107053545,3.975368524986446
POINT (2697.059260577789 240.88326088054663),293,73.15706365081027,145.04040601444817,4.531598186795612
POINT (2612.9345164823926 823.4520237597993),428,87.09809326658744,199.4462226115425,3.3616513338179903
POINT (710.6533761946854 3242.980793073966),407,75.83602287224188,189.7329245531747,2.8385627546365955
POINT (2141.3750244774287 3126.4990760120604),478,93.90428875934225,222.94426791330997,2.856003691261016
POINT (3696.4596799465075 993.7857116555396),463,89.0668148004499,216.15038153614634,4.882159777503775
POINT (4224.327200546887 3516.5468368743363),408,87.92031971911877,196.31943840087297,2.759438926270607
POINT (1322.3604498080645 1899.4767556871188),517,94.97546126764996,238.56383798559742,3.5665093066926103
POINT (290.0919556123117 4122.7667000739275),193,57.2135200615446,100.09964488944249,3.188059117212201
POINT (4916.986736809319 3959.8561170635253),211,45.88899815396967,100.22761652670634,3.0339075370220288
POINT (522.096559652771 628.6644873972617),350,92.07704740787116,177.9748275809544,2.337676504639003
POINT (663.1337942938392 2443.082363438896),436,107.56529580134715,214.5723980325449,4.509475176397627
POINT (4841.747229161736 755.4756948093271),263,69.63572685346836,132.07139781173822,2.7382799371129387
POINT (1814.2966493748868 3430.5213284556207),446,100.14182640449992,213.76968968873797,3.041537168305315
POINT (2751.1903779866693 3335.546608973389),475,89.87071458228621,218.88680276860316,2.6269491804105516
POINT (3120.595047738376 1538.2954098927116),460,86.56023045234012,212.25377932896748,3.877794724123586
POINT (4122.102172682807 1467.2374889053774),462,111.59131407961337,226.7437511370514,3.0162880640856335
POINT (2862.345962385833 4195.272319247534),305,69.47149714882572,147.21531403614847,1.9291259124659206
POINT (1461.741894609062 2417.982160196977),509,109.29064666084899,240.963629388905,1.041204757099484
POINT (1198.0282969545901 1920.9197770977828),506,104.09887784545943,240.3850342358462,3.228955646430317
POINT (1439.9448658111926 2093.0010777414523),519,102.72043607867595,241.87883867892893,3.6698626179639757
POINT (3851.245974073719 1609.0034819793275),469,97.50958634855216,224.4973335879115,3.156355135084839
POINT (4842.254179000014 2722.812103719285),241,64.37628607386188,121.32890147792364,2.65066203589472
POINT (1212.8768418922105 1794.7121339372243),521,99.6612034218339,242.84987488768832,2.5005025209520064
POINT (2528.807041660424 4306.63542912915),253,55.558508078599885,121.17072790585458,4.970621551198293
POINT (1957.319852580811 607.511785953769),376,80.16470152123611,179.5907400450909,2.327085537269748
POINT (1884.1253433952518 2857.6904164819057),491,99.12195022398781,230.6819552905681,1.6347105343214192
POINT (2311.9394384925363 1741.0362223364514),434,88.04741763315921,204.0193083576639,4.419300558768695
POINT (2788.894445515467 2806.813190029377),468,85.64067694535649,214.90130122906737,3.5421537104762733
POINT (2037.6684280550878 2263.4533802645105),494,97.27788257529153,231.49413206851793,4.65418346458689
POINT (4607.782964246805 1267.5325882461505),371,86.63802794100253,180.87953989965587,2.7298077608318545
POINT (1983.328863925191 3446.9042298432246),454,100.88216205449251,219.1527772287217,4.432942311504188
POINT (3066.659623015523 0.244439123901045),234,50.29512044502112,110.99535011266947,2.332205347401202
POINT (3366.9407703329534 165.5487800124756),289,60.408008668887106,136.35784905902258,3.0865444430895854
POINT (1562.8159690499374 3028.029282355944),491,88.89701310031965,226.32543814899802,3.012289438858097
POINT (2008.583387117037 608.4555521598851),387,81.48156790277213,184.08476808141523,2.783695521634714
POINT (1003.1311414411348 3861.3888575924016),334,72.5394884507963,159.76191837480442,1.4103339996503417
POINT (2824.5366527303963 3740.339750564962),413,94.64851233610018,200.64114444182374,1.3543783773814873
POINT (658.5890375847695 3112.60814307963),404,76.58770074296311,188.8644631237312,3.091478951653736
POINT (1513.1757215037276 3740.934190040942),394,86.45512753160624,187.9670077720317,2.712099749711894
POINT (2308.8735870721353 3648.9807443736195),430,103.09436995867203,210.38825412692654,3.8190952170880963
POINT (2401.3775030764073 495.34557457556036),355,84.90505971748178,175.13372078840217,2.41454193068941
POINT (248.41814701165578 1376.3119069815916),361,74.58094930970044,171.52467518768307,4.652512067666779
POINT (4071.428381124607 924.3187302528455),459,98.2592834382862,218.7334965217791,2.013302440181883
POINT (616.7752995587848 4235.322642330248),203,52.16674323043852,101.07353239693454,4.598166347614421
POINT (1209.0427816769266 4116.605210151205),286,61.280310459526056,135.27166600020126,2.485443189673819
POINT (1120.05847462239 2859.491644212533),470,84.49741459827447,216.25875149548773,2.1504527480111255
POINT (976.9995520602927 3023.4331286253546),456,81.30261758199747,207.7834346018749,2.2130520894765167
POINT (4149.766287890532 3301.44667475869),456,85.57354378799067,210.94518285296107,2.411413377541333
POINT (2487.045777750677 3462.8166357157634),459,95.29593002198462,217.67704450693378,2.771946848636991
POINT (1835.8095092684775 1594.2929630086053),464,80.30499815590653,210.41027928005354,3.219206456262978
POINT (3907.570839877753 4199.825702912685),287,73.7831522164945,143.39921975372354,4.7980543427684985
POINT (2896.87372557154 1647.9510011827074),455,87.89306475238779,211.498559524339,3.7201226662526263
POINT (520.5490102194824 989.8620261097262),419,105.93401413732924,207.85285349954293,1.9866660943475551
POINT (4841.9277410107525 1299.0601962148926),307,63.399202332828864,146.48224857134514,2.2038635820738586
POINT (218.90094053161008 728.3668791897383),303,87.41791898990331,154.46110466663336,1.4663204208807104
POINT (166.62985086747202 559.8219777261826),266,78.96818991371947,136.6368089706323,1.9019842223557977
POINT (440.6930335399492 3004.4892781625704),361,74.28359658665771,171.21608131481395,2.687429176595689
POINT (244.28272174022229 1153.5610755179123),344,82.11213592101522,168.28754297375522,4.405031582594724
POINT (2046.9664692411548 3961.5852987012054),354,90.95754189205168,175.07169232628513,2.1967000528901046
POINT (4218.783840443163 2970.8424820149567),405,82.35610566655004,192.49636328917447,3.601124113804132
POINT (3792.2643187019526 2716.48030546599),450,86.51230482005143,209.24666652874248,1.8875486003553168
POINT (382.12092534235427 4083.76406689295),212,63.188678925941026,109.09037288093505,1.9497969855072705
POINT (4180.910562863414 2298.6525223600956),456,83.19776271548984,210.2905122262855,5.073900306195682
POINT (3600.465527775266 1486.531658995363),492,92.54859919171595,227.93528554567925,2.8481930008443053
POINT (3173.315912224301 3189.4047819787725),444,86.87144092161665,208.89946503432037,2.5153584211082833
POINT (724.5441781344036 4348.064942885831),177,40.17726662106445,86.45997989492196,3.4915968518327998
POINT (2395.304698635729 989.5082382207797),444,79.91892238465283,204.68440320362362,4.81680581812607
POINT (661.752073312653 3320.839387190421),382,75.87028442335819,181.0199136931335,2.431996054558667
POINT (1762.565632733702 1385.7083461925981),461,81.17544843321913,210.58690335892751,2.963834945075074
POINT (492.6713049047922 3676.9988742650826),301,76.0681302520545,150.96627305869708,3.6646721707489727
POINT (3721.3667069940507 992.8927634508277),465,89.9120031619371,217.1113549988546,4.750926643428835
POINT (1586.0163780744597 2144.9870838689258),513,102.99619136819972,238.85495772208554,2.9703728934311573
POINT (2284.3488191714573 2254.27768640571),475,91.78664173774038,221.29532800074765,3.545964401107681
POINT (147.75006658351973 1630.7864377657208),310,54.91362949475707,143.05619834180175,1.2077096815795825
POINT (4626.3594248590925 1923.3102872560323),356,82.52449112140242,171.68311853696923,2.9189219703382125
POINT (1473.7401075348382 3288.3454192819845),436,82.4113189288309,204.29386082636634,1.7633381718101633
POINT (455.7606762105613 2251.289621297831),381,102.09112307986399,190.86931324221757,3.056054283136357
POINT (3296.3610388781553 1676.666037563828),478,93.86572084793269,221.80972553173908,4.222983273560918
POINT (3133.728048451298 4200.092172493226),298,63.85767753618524,142.98594905606691,3.5537310291734485
POINT (2440.1159061274498 1983.5958247897083),454,88.1847535354637,209.96196343172352,2.684641901104943
POINT (2619.7248557354674 768.0054094911745),411,87.8268010937347,194.37778700920046,2.3108448763665623
POINT (1693.4705101195423 1254.2155430813928),472,82.07799344602161,214.09273456922452,2.883581467907225
POINT (1784.580759804891 935.9811180507944),433,80.24077933109581,199.43295028036334,2.3387028202207474
POINT (3794.6748100371706 18.389398641557985),217,46.6496102300943,103.29434317606771,2.7905635462950045
POINT (222.92315723351356 2223.081016580952),319,72.11092735938404,153.45419638361957,4.417069005504438
POINT (4260.9199452367975 2148.4170689730695),413,87.38014861738921,197.62320028918174,3.2514848294108774
POINT (934.6794021823206 964.3000055660337),478,111.33219429903063,232.0212550205916,4.31435736618093
POINT (606.2089643054367 3944.311363819378),268,68.54287021014193,133.99783408329486,2.551192876741096
POINT (2308.371328666073 697.5671795050168),403,77.31049106384569,189.84424739782554,2.1162213308782034
POINT (3435.162974295859 2421.76500591023),460,92.78550336482135,214.74869757652596,3.0308235721601524
POINT (3531.5105346449277 660.3929611337122),425,79.36427440991159,197.53197867879408,3.043247476616364
POINT (3134.325213995503 1624.5431243665969),449,88.1220916117575,210.20531563074425,4.220097721375281
POINT (480.0632543823812 -1.357170379402625),195,43.193435450545635,94.61063891470029,3.274777251486958
POINT (3061.549970351668 2455.913560031663),449,82.66052799135946,207.632195896931,2.990879694353583
POINT (3409.029223938714 3499.583855200154),432,85.79000687981137,204.1349997793454,2.67971091870207
POINT (3601.0187307007695 2200.695489978903),446,91.8322042107984,210.52285629335776,3.2819968827108763
POINT (2545.266455384086 1260.9752292547992),441,81.68476582611856,204.51638137404407,1.7620896769249637
POINT (1957.5856720109418 329.16149042666285),313,75.447780072768,153.1410880457303,3.365073591392582
POINT (4397.677017396839 1689.414336689693),411,106.89067543323956,205.2825457934356,3.1184333629111234
POINT (4248.252022597762 332.1950496874319),308,83.96684500054009,156.65115173393457,2.466774279292924
POINT (768.4761909268424 1751.3732788888174),470,110.9919713996258,230.56632864001395,3.763658538333477
POINT (4462.01290932826 2640.045366273618),392,83.13620076981094,183.65628482545483,2.6496606691340228
POINT (4203.761670300727 3578.583905496026),396,88.4359380483304,192.5650717551465,2.869324495669429
POINT (1285.982536038627 273.67850600938084),312,65.93069371966459,148.2766852006704,2.807168553489379
POINT (262.6694026168962 3356.015057599919),280,79.27731454663649,142.0118865861743,4.010374539012427
POINT (4290.618601187295 620.050806714323),370,91.56034654796842,183.7845896757053,3.1651997699348566
POINT (2641.1567543674305 1256.9394086955958),442,81.11110294918961,204.95006610335292,2.5892722721387242
POINT (4706.899396217902 1316.59198174405),343,77.77096509507979,165.93149946336516,3.961111199135244
POINT (4415.537110750604 108.64719706095796),223,56.26103904306609,110.3534155634147,3.5982038539818486
POINT (3314.471757571946 3133.4842525278823),444,90.67972855896083,209.12065462195991,3.07687864775313
POINT (2132.3956474405045 3959.353809764823),359,93.78596310902137,177.9705959294424,3.0416420815708385
POINT (1768.4264525934973 3902.6472385998577),367,82.38025471469192,177.78676894039205,4.1437442126118755
POINT (1284.3063127479845 2697.315520239892),477,91.29248590951231,223.77064466055458,2.976195532096665
POINT (383.8432193987774 2275.8718743090617),350,93.30389580703465,175.88066173659405,2.845779063582868
POINT (2308.544004415415 3802.1601152088942),387,100.05647491559661,193.40847680544135,3.9786368907347094
POINT (2885.4277529995134 937.3568570584276),426,88.91926518243248,202.47269095819468,3.464113617296241
POINT (2914.966973093978 1351.825027004236),451,86.42716456193426,208.97930142787308,2.0649221396660793
POINT (686.2489877370796 3820.5455926029504),314,70.73985588145169,152.3263569510151,3.6930661430659812
POINT (2387.3648221248563 2752.0518234976807),483,91.37992181033522,221.72957947207053,2.557917381887912
POINT (2474.8984047203808 1221.306111442131),434,82.04856585455352,202.38860888306448,1.793306505368281
POINT (-0.395859713523323 2670.1819924828533),236,41.93190008560709,108.91792172138744,3.68024535475137
POINT (1921.6893954770753 3213.2011448346316),482,98.61639638020907,225.84383652332465,1.7192840573254924
POINT (3632.809980012229 1883.6479902003857),469,93.36402562954335,219.6694881751857,4.1002024494730875
POINT (414.0094375441507 1536.486409323828),413,87.20213810378587,197.36136133552708,2.9856784955018956
POINT (1319.8784459435997 2445.5371278971443),513,107.10892163240821,241.9155465225195,2.0608350546481784
POINT (3394.035174055216 3024.010754805938),443,93.45597192542523,209.18169747782923,2.3318989785249893
POINT (493.3097921260578 288.92899141433895),293,78.66529922777283,146.1577296712776,1.6043867862839711
POINT (727.8603214197078 937.710000741014),465,111.24486424875337,226.94285358851448,2.9329244917354385
POINT (4955.16006407452 1209.2977450309368),271,50.37992188247558,126.26904127930823,1.8347047601039428
POINT (-3.53807628758346 3319.2123909010766),214,55.573448865072365,106.23092700192693,3.6997996390150734
POINT (590.1387629888194 1042.7185815841633),440,108.37619696222922,217.40090456742803,2.7938714818940715
POINT (2725.4900858801875 1682.7650814442138),444,83.30737613872088,204.765564342204,3.554923006183964
POINT (1376.5785385831662 647.8577780464263),396,87.20820456725474,189.4028483796232,1.626105943721312
POINT (1290.313281270013 2970.8367413358305),466,84.42155200992511,215.53023553290512,4.254458678454816
POINT (4617.687215177384 591.5947525574989),306,81.97717475757466,152.9203227702063,2.3059263468861233
POINT (3220.858523379641 4013.4033053824437),336,80.25064349701566,165.12319973038262,2.8307495375145475
POINT (5001.783630842312 3457.717270190897),222,49.02538173037658,105.77072499133592,5.060069732304272
POINT (3503.5983924239317 327.5806281881404),333,69.54506707016216,158.53916864794812,2.0827616646583005
POINT (8.353555278614207 3576.0577099386082),195,56.061814752442324,99.82433975129827,3.1168668303528326
POINT (3685.032080432981 1033.6042730160261),468,90.11282113431253,218.29679991574469,4.298311069676186
POINT (2616.688891197961 3446.0953595745764),446,88.59316816011733,209.90582623233104,1.6457492802896068
POINT (3298.679490822828 2873.7875666103505),442,90.58141971949036,208.2928315973059,3.1486163340872966
POINT (574.1014155214515 1818.0636769239313),451,108.38955750182774,220.58520993245176,3.858624450811934
POINT (274.409604263353 1354.8175577431489),367,78.8728645733367,175.9997304956871,4.634068521530983
POINT (2127.959676055085 1760.8460481131815),458,87.4546220115754,211.3224420664759,3.059969370248993
POINT (1523.317113065701 2583.5093066872696),492,104.55432829822283,233.01125058513549,2.9857994331509112
POINT (3246.75345956096 1995.1608732832376),451,94.42515192857024,213.38523770883387,2.9007393870448013
POINT (4275.96147156016 3903.5350560299225),316,88.20568506749541,161.5204181815042,2.9579983180028364
POINT (1839.1885104372416 1320.1430016347945),463,79.97342256591924,209.1367694661951,3.6978013863049117
POINT (4370.104318725933 2697.467605912942),397,83.73621026334615,187.78102334596605,1.9323756350849377
POINT (556.1852195219266 548.2527706924758),354,95.89557360444854,179.3946568460907,3.3940244900348664
POINT (107.36477899328888 3935.9118930604564),185,56.62253058047828,95.94716583708106,3.8729374308183218
POINT (3629.3453541807935 2295.436821577133),445,91.29615325481988,209.98286245230332,3.636745502815246
POINT (2273.070914207494 2807.2811874095255),469,91.44569157775123,217.45763585639168,3.037285246913793
POINT (4252.004084649033 882.7693112795921),418,97.24611439558332,204.29292210190053,2.2936648065463032
POINT (3936.621415079592 3632.597845191955),424,94.62536727582874,203.09492557627848,2.8450332149715543
POINT (2474.5060295524972 3475.084923723328),456,94.9148735451704,216.38139566303158,3.373493690575689
POINT (642.9674854024368 2032.171187775769),451,116.93742030256284,224.38684667766108,1.9324456464895814
POINT (4675.3090619178765 594.6871885687866),295,81.44964523531206,148.03660264649332,2.9854492179465613
POINT (4346.036156395249 1972.3505034503892),413,96.91291631415025,201.35495131173008,3.750986247273463
POINT (3934.624347321168 3296.106300279623),448,90.55581856744766,210.98397420865317,2.0822383588170865
POINT (4730.621421189273 4323.728651559633),168,34.07429342005759,79.11462347841186,2.607905122816098
POINT (494.5542289328547 619.0780508055768),345,94.61722367159568,177.0954955296568,2.982081231556537
POINT (1956.847999450781 711.5612009979371),401,78.50700317457422,187.36458585905044,2.463173060494294
POINT (3759.3145652715734 2310.8972125037994),437,86.4383904112683,204.89596797300442,2.3096621414606533
POINT (1384.094852365002 217.52766188947064),291,62.64526115085296,139.0966374297659,1.3347039318390783
POINT (143.36682135771608 1427.750220029374),329,58.55098256360446,150.7278897413808,3.5121808806852224
POINT (4902.227745089557 3464.944738507361),243,59.55367250864102,120.19317341260378,4.222281993612326
POINT (318.75111888677645 3742.8080268993003),253,76.38403065411522,132.0982418552216,3.833520953902844
POINT (1595.6480755456182 4245.6529904029785),255,49.88076407140799,119.4752040648449,3.4080716493455414
POINT (547.5889514899391 4086.8802901488048),234,64.0977437134615,117.53187429728624,1.777172978032599
POINT (51.949716734946136 2464.250945208839),267,50.50881754296296,124.04942768033209,4.125525512280389
POINT (2422.337286110026 583.2627852478339),379,81.92081388541459,182.3505075469293,2.7608365021462284
POINT (420.36903017133955 3026.4548245397796),351,72.36741972613537,166.66822591353124,2.7106031474390515
POINT (935.1863359877291 856.0186632521668),454,108.00621278596867,222.02855565095973,3.799691920807915
POINT (2120.430560187906 3.823227054074958),223,47.62992626801805,105.7561146624349,2.2827789543430597
POINT (2032.8790994833344 679.247514734079),397,77.85596178655788,186.1954937471077,3.322287400859435
POINT (2192.743948720439 3076.3493099432926),479,92.2432441906482,223.39101541414516,2.3347639063915544
POINT (3877.131280163159 2036.6261391588855),488,86.9921493279596,222.578893533574,1.4276879352098004
POINT (2786.1706949012896 991.8820668707358),426,87.34765678632539,201.64377171128862,3.04630424379941
POINT (2416.5711051800768 1001.994896670947),439,78.89267236102756,202.5818909025352,4.833160430389327
POINT (2779.162408311067 2422.074932928193),471,87.44318901100192,216.45179428118598,1.649657792844283
POINT (1318.4627299297697 1084.34430560938),471,96.13625519365948,222.14402738193877,4.155423371728763
POINT (55.698785684069804 511.0968241239682),227,61.52091533168527,113.859209690263,2.5226853069731496
POINT (4673.117986592482 3666.2440134076246),301,73.09983624683952,147.41854106083974,3.7884627984871897
POINT (164.56259433311314 926.2706605092455),303,78.22460133661453,151.314034105344,4.11567332671796
POINT (3629.5021872295074 2595.499082415409),462,90.31664259411399,214.4587063003621,3.0435731601705305
POINT (1427.652411703726 2372.114098242566),507,109.3136883877422,240.33608722528862,1.8095275929488936
POINT (3105.49105000522 2529.8615403649255),447,86.35177215799574,208.82778547604684,2.9074564991226195
POINT (3169.2748329795218 3553.353208125241),435,87.33182304892922,203.22423917940299,1.1216542594023489
POINT (2582.8990400869206 184.60574984235174),280,68.933740909432,138.2953341157798,2.5967492148272684
POINT (1757.0796771173032 1742.0409890003546),479,82.52701532175692,218.64968948519655,2.3396401022312565
POINT (521.4975632185253 3357.032302117246),357,80.99170607332233,171.46017635834636,1.5614735530884893
POINT (773.2780378054541 4109.327625103084),235,59.523264542034376,117.6733196783205,2.609188908314893
POINT (3888.06166961794 3686.188912270936),414,95.46911311866867,199.88866246686084,2.4591406572897467
POINT (4343.507123920387 899.248783647497),414,94.217571217007,201.75885357772256,2.82132724460243
POINT (1571.0569940084486 4045.2835713220643),300,64.97231027630465,144.19787188974124,3.665637761920931
POINT (882.3742076060341 68.5355129320289),260,48.22358650893301,119.54349947011544,2.547359817229438
POINT (4333.502009102645 2348.7210876116324),412,81.73369065317307,193.02760072299176,2.916912213560106
POINT (3043.4132161132297 1923.186606175351),459,88.79065039788131,213.87659654823696,2.5487776259433157
POINT (3192.060911052757 4082.3138190122268),322,75.6691490827218,157.82847391546824,3.2597966950150994
POINT (2365.4066845606526 4300.669020198455),254,56.58729347076283,122.03261626795624,3.3156899046285075
POINT (2517.7615256385775 3352.6743775970867),475,90.85744458089786,221.55301162325625,1.7536885597735303
POINT (331.4490326175341 752.0460634986066),337,95.62760736701861,173.20393525346518,2.74266223898327
POINT (296.0615879829908 3759.8928104933107),238,74.74336742548336,125.42716681235588,1.9299722314335097
POINT (711.2110919767334 3865.180166424827),310,71.3915257742856,151.45262465934167,3.757708387069549
POINT (1801.4713855440511 1427.713238637382),463,80.69880632427437,210.2987075879144,2.451678300386705
POINT (3791.584299130604 1728.6630623606159),470,96.85715878938083,225.02605790638114,2.951994991622701
POINT (4565.29476076908 2961.111285089975),343,84.66695750631624,168.3681641512156,3.598068937579854
POINT (1373.423081258818 236.42719216854636),297,62.12524886307052,140.8709007808211,1.24303372272867
POINT (4181.1959528798225 1144.6443320621765),468,104.87366023195159,225.66788863118688,3.8073015053419788
POINT (4014.7971003322823 76.01590663925697),246,57.54424629435917,119.45070594526275,4.141340800873546
POINT (3262.9348763528074 2471.8656143304656),445,92.28561102590623,210.023827481664,2.359145651046108
POINT (109.88333715673822 2727.518334302035),276,55.509714595560155,130.09892353626176,2.0354993412574705
POINT (4979.80591735395 2637.206173296967),221,44.61433591893782,104.58366491922976,1.192921046629151
POINT (1926.5409116158676 911.7036239826548),422,80.8825050804209,195.75778987156653,2.1949779347587537
POINT (1996.0156116442404 3406.1788754189565),458,100.95690029101402,220.49547758351707,3.7180311848082725
POINT (3551.3220682053184 1483.484936467896),488,92.16022352855258,226.11381322098495,2.235366321690134
POINT (1651.5336040555333 4054.7010124474536),313,67.44668468448448,149.75612612252561,4.0949293457135765
POINT (1254.4638842851712 2804.409975954441),480,87.70807817984674,222.92444290565066,1.5267696542094955
POINT (2582.9394848889256 2172.5967244194976),438,85.39448249681794,204.72179334692555,2.6744808052077955
POINT (3024.9752960684095 3748.420656469447),401,94.19497921009203,194.93345541929855,3.409885516352177
POINT (102.99170773717202 1537.576006544954),311,50.60407900028623,140.44498145831668,4.263617556978089
POINT (4567.380687465955 2561.392913874141),355,78.88375429536221,169.35800074717963,2.1721007801796817
POINT (2707.601505041822 2526.5895802799932),466,89.01032503258179,215.47516482020043,3.287051715142524
POINT (4969.885015616277 2476.8876366986387),231,40.82294108448973,105.85094070002566,3.355152495815995
POINT (1320.4047260730908 4113.152424242947),287,61.43211129333717,136.43878709372876,3.880271443732095
POINT (4258.987537254711 2751.8804589569722),418,81.3836744486658,195.9525699560783,2.2233535044452624
POINT (3757.3753794898244 1101.3766096155678),472,95.23316859644923,221.63932224541023,2.385885648998648
POINT (1262.9838228259807 3275.4515946673964),457,83.60255556405095,209.18598161645752,3.0450710131324983
POINT (1927.4870508655895 2792.3609985669054),470,95.82195078089902,221.5104946548474,1.4909751701476375
POINT (2420.6110289589 3360.560044761916),480,93.0490789296521,224.21739067635795,3.4587463635000253
POINT (3870.471629457822 4291.081935332696),256,63.502534657821585,126.09050920668822,3.3307165791228246
POINT (985.7806924215062 2114.0603998480283),503,115.32447419999987,245.05930981118132,3.616644749510781
POINT (910.7198266218803 1.049591991643725),240,39.594593766342655,107.70184243706892,2.512119461531144
POINT (3792.693433845014 2509.5211372577915),440,83.27011450855295,204.59137137326687,3.7296223706719114
POINT (966.6605723703498 498.1825168071949),385,88.64694513647046,188.8023849102574,3.422587729357817
POINT (2972.460301799243 1340.2295389144267),447,88.26817412980097,208.59650147967034,2.6310297842046486
POINT (2279.6047212385693 3543.292999375132),441,97.19775791983558,212.25132099077686,3.9984458226926236
POINT (1911.932493484746 1926.163475423484),468,86.91227490877397,216.21995557438598,1.7010378706150044
POINT (4817.6511354793465 604.6476262253747),253,73.21446348443428,129.0489653564394,4.483016081432775
POINT (2585.81678544789 1842.1664929934263),439,89.33927047768896,206.54612596374253,2.46216773236027
POINT (1771.9692635953895 1865.8840488522385),492,87.54495262057053,225.46487567255508,3.098688745666508
POINT (1527.9940150616194 3961.125746728954),332,73.11860462080095,159.08218463776598,4.437533241506505
POINT (2050.971157474659 2418.164375218432),473,94.56414288712254,222.66592424483193,2.203761782347789
POINT (52.39378110944647 1950.1796918209961),264,45.5786252063635,120.75536905786481,2.292290956334826
POINT (4193.325724570227 2642.5602902479923),427,77.81421587038628,197.30592441823663,4.036376324652649
POINT (2092.05089039018 4212.429310361095),285,62.56054650602407,136.87944733932483,3.049480651963197
POINT (967.9305764947474 3907.9686926036957),329,71.3635502688483,156.91892766565954,1.8658278113621625
POINT (661.4205230022694 2488.1227888880635),427,105.03950839856338,210.36794481145802,4.1249502853078575
POINT (1897.3955641062935 3242.5866404594835),483,99.97954890296415,226.429409478559,1.9450737852583255
POINT (5005.2783296255675 4263.63824906975),135,22.936088561175545,61.67949265424225,2.3116832008698682
POINT (2423.817201076384 2242.219973093374),473,89.2608949797104,219.18122367583103,3.015380106480742
POINT (3302.3137717495038 2620.654819421786),440,89.2589245635804,207.59163152954926,2.552388012071608
POINT (1680.510447436461 1811.5987670334844),498,85.12960076154658,226.63802868255715,4.400045232001304
POINT (1143.2844329666243 769.0061181941447),440,96.90190464853957,210.84491080742967,3.077586950508849
POINT (647.4216061855967 662.4917110182934),395,98.94964551344734,197.77699575667376,3.412029258326638
POINT (4633.02542286888 1978.0135231461381),354,80.37441416218357,170.5664743064185,2.541832671080376
POINT (808.2539054588733 2729.2626953641334),446,91.15882483583546,209.4246942234534,1.7936287653444267
POINT (3113.798250478615 1759.4247375962884),460,90.26628837395418,215.0236349627417,4.391643340612135
POINT (3875.2477322892946 1703.9874376229704),481,101.67365331114567,230.32445054177762,3.3198274939163004
POINT (4125.439644601456 3601.1579979706203),402,91.99692959685166,195.97314674701724,3.0658591013914087
POINT (986.5606389232483 4306.963884976295),220,45.25721513881429,102.34876155892827,2.310304928655471
POINT (2698.526312055155 4169.771792474671),293,71.16647937215649,143.5920613443753,2.6184775739906874
POINT (3434.987388047655 1318.571887559455),474,87.95232246673713,219.7921012265302,3.9356007939197446
POINT (3655.8007454685658 326.57056522146263),325,67.22739045123427,154.9250387829799,2.811907181752736
POINT (1031.0368526342406 3627.3992159079316),382,77.20781360490476,180.68832806388627,3.2972235287680176
POINT (1872.8699189453032 98.20824735937772),238,58.68798580438207,116.33817247207386,1.8266318555590715
POINT (659.2122565628272 475.34676740898743),353,92.58669782478772,177.47027259114398,2.8829465159578183
POINT (276.4372238030238 1801.196645200995),352,78.93273079321577,169.66865835213196,2.3811509452523643
POINT (3698.333728551124 2860.9402973143033),452,88.38942929057835,211.00047545918903,2.548499680636947
POINT (3536.028138035612 1265.1398177286512),477,90.30320086758246,222.25641715084336,2.178169626758738
POINT (4842.05422893793 1694.7668234448458),291,67.76554196121249,140.65662492990452,1.1018641848895665
POINT (1703.8054848559495 3885.7493825835377),371,80.83947295358223,177.963610754049,4.317539731680586
POINT (1244.9507575675457 771.2252835156936),421,92.80745466090524,202.3853887988987,1.932709343925374
POINT (4934.796095203918 4180.4109375389735),174,33.36682592036423,80.1045752448274,1.6000967116822205
POINT (3356.6136393013044 3939.320169564329),376,82.58221142967298,180.16181460531732,2.4212624208470976
POINT (3132.487529069236 237.65488558314388),313,73.47052155215833,151.2650875992791,4.314194677798433
POINT (133.80054019073782 2333.279336187585),290,58.426842789018224,135.5317168100322,3.6714767157188666
POINT (2502.8378222696842 550.3756937527804),374,84.81606581264009,181.62379047471853,4.455572294880286
POINT (4310.010662008788 220.66889950947382),269,71.80773992228873,135.94639193598644,3.096059305652185
POINT (2148.2689142046797 854.3407971022955),414,76.68690894991494,194.19159393738173,3.6438709199026293
POINT (1144.8966361025336 4180.152517521355),257,56.22046267281995,122.41809213731666,2.1892724584620176
POINT (2994.311055257253 3849.5918653541353),384,92.7629739463864,187.5508588602859,4.987986506699569
POINT (3050.1243106275174 1101.9644195600995),446,90.65401533727096,209.01861911266798,4.042046550359803
POINT (4812.157100419011 4015.3724033505637),222,52.50481424734985,108.32061696911754,4.132698146606822
POINT (1519.4558554566536 1812.1426543372081),498,86.08405992333772,227.74257660075483,2.341343522263192
POINT (275.24930622385193 2405.200168670548),335,78.00609127458404,162.10739359777298,3.0010137244180113
POINT (3850.9574416729006 3170.648546391646),449,87.40730754895293,209.6851359871476,3.343523015926344
POINT (4006.6158943971695 1481.7420647482868),450,107.78412741337223,221.5103060033418,1.879928334364382
POINT (4071.6476354219344 918.4611275249947),455,97.96694656930302,217.24061685368005,2.011722742630167
POINT (326.2651795637868 682.4150998468408),321,94.522147710106,166.8751412301002,3.4312188986084733
POINT (3245.3290924887024 3647.309428866287),434,89.95439756472645,203.79580547290377,2.8795026280985607
POINT (825.4984479071863 3493.6991945934456),380,75.6168800790204,180.94063015686942,3.1842111125578114
POINT (1207.6434433082923 748.3704873632605),428,94.80475814990041,205.12921078079285,3.0376222093826346
POINT (752.4120337538783 1431.987638235872),481,110.10588909447291,231.977449715495,3.374537989154435
POINT (4428.731458741451 660.1820302838897),357,88.12233474259055,177.38421148981183,2.2846393090106196
POINT (1771.112022519141 3083.180405315847),470,95.19220564479104,221.10573220616874,3.9896217701700376
POINT (3848.4613966354086 1167.9508387816604),479,100.8616053578067,225.98565595092086,2.1486695720798887
POINT (4402.353963681727 4148.958820075958),247,68.85588655470588,125.21614333569822,1.7611875730297166
POINT (1362.1018493042761 993.3742456483642),460,90.36943603242494,215.34083922310373,2.4666146571540137
POINT (2235.6172362069 1318.4320581104819),426,86.66038633387573,198.35580043515833,1.8299232393835676
POINT (4158.813524713333 3851.6039264023716),347,93.86387499786782,175.64167053009197,3.48410942195879
POINT (1936.9148747041775 3133.054645165414),481,96.91812366262285,223.96084762860224,2.76814073435106
POINT (3998.51980869889 3518.3188407275165),427,90.59730797942524,203.281642884896,2.660080392805815
POINT (619.763018799426 1885.267645047419),458,111.02019165862212,224.52956184900097,4.047779612481434
POINT (1812.5216702805276 1450.6956035318594),467,80.09491231058725,210.69982751358953,2.6837216060248203
POINT (1265.8325469624722 4117.723489795939),283,60.9150359898817,134.38621690865818,2.578866516018071
POINT (371.841456167311 2256.8610691302933),350,92.26143365969493,175.23767408758573,2.8423573550703485
POINT (3792.4508567833172 3067.171905570663),443,86.9306752044292,207.65331207623095,2.994141384233415
POINT (2583.3565525117597 2515.591522247099),473,89.97273762605566,217.67546158186488,3.4179184076417704
POINT (386.2804879807875 3478.2493853169767),302,82.98480310714648,152.14590038842022,3.013552509761315
POINT (2479.4048390567687 3015.503011358053),459,87.33736614855579,215.1579159186463,4.3307771712085845
POINT (1285.9565201974585 55.66426941996142),242,42.77601433509746,112.06826424157155,3.5933911363078965
POINT (4528.306418184528 4288.319656182705),202,48.09514643428694,99.30638422063743,3.1489660235685233
POINT (2454.837469350877 3577.700919544788),440,99.03071379021107,212.96983241783698,2.301517026306572
POINT (3896.5515553802757 3408.8422631599456),437,91.06097727996865,207.20931162187162,2.647828271447466
POINT (3246.652488324932 3257.586186596188),437,85.63918437035998,205.96284137263837,3.3929054022328597
POINT (3723.447025733216 2511.208924621783),438,84.21076708116405,204.2745560754132,4.238281883185527
POINT (3631.583200398959 2242.014051366332),448,91.04214507717862,210.83206916231245,3.2667794890682917
POINT (1541.7093782869547 37.65956415894909),231,45.390580948672046,107.89507779413483,3.1184225271469597
POINT (914.7713526224356 547.6729779714439),389,89.85989069558018,191.60389832325714,4.086872008575506
POINT (2473.4054559178708 3835.634561010536),395,96.39846513052919,194.26576986099505,2.102899963334427
POINT (1982.4467134438366 178.3914582391667),272,67.24059790634502,133.09278313850476,2.4010293692410745
POINT (1156.3993225223403 2178.5690385099583),526,112.15697661147144,250.31273467238177,4.127531877816421
POINT (454.47351800401435 1983.2770404191463),393,101.66502578255138,194.06273618829826,1.6793449291665765
POINT (2225.5437682463817 2474.8216897985676),478,93.13434154379968,223.3495248222495,1.6413114700356097
POINT (109.294328382952 2550.748669837948),289,56.461477555518066,135.03790832986053,3.916467375238196
POINT (2988.3659258055573 2312.4111910653314),451,87.88908790367483,211.2243740584563,2.4971822287257277
POINT (2012.0844977155434 3189.248319529082),480,96.35348233287989,223.94181544646332,2.8527664654847738
POINT (2404.98223687119 3190.9086504990023),491,89.67947068953282,227.92658153892023,2.385946938161048
POINT (1075.7919802030249 1757.1533331415878),511,104.5051658635129,241.6868055382969,3.292410020822682
POINT (188.10082750894125 3685.1833372811325),230,73.04315000657343,121.07702864420678,2.289874914035525
POINT (137.40580378502162 880.1959174081612),291,74.87713371465273,144.90187834706782,4.170518075943598
POINT (2339.014528963005 1925.2219147117971),460,88.56506256803783,212.4791834604471,2.9580376462400517
POINT (674.8844644791498 3357.1206624248093),378,76.27699548373722,179.8832157684934,3.6098375328718895
POINT (4565.321938859738 3206.7518569183167),345,81.92266580990618,168.82912676616954,3.546141336486536
POINT (549.623134903917 3274.546329260957),372,78.34834458281809,176.28850010569053,1.7879355685491385
POINT (1689.897224448111 2969.7352983177416),488,90.69369904316724,226.25583555999333,4.871846247438641
POINT (822.3677369587532 4168.979835759134),226,55.9663918889022,112.27352779305886,1.3560285198918551
POINT (271.5332457369942 1728.6153816097121),360,76.03807354079339,171.6655798300749,2.531422287937329
POINT (2475.8614912826856 1344.503049536171),429,84.00965341545191,201.08837425411642,3.59708930254613
POINT (2417.7023396808163 2956.369123576935),460,87.60740106798588,214.60008038272395,3.6268090211139814
POINT (2646.4367026275277 1924.591878391742),446,88.20065534218439,208.54066260029484,2.295270879444516
POINT (3188.130900391126 22.74679507392353),235,48.726330701916055,110.83430297848403,1.884022039631144
POINT (192.34868176776126 2693.4442067881414),319,63.32005002415242,149.22210383940308,2.2395826617033383
POINT (4785.057044639989 3866.9388988870137),249,60.78260538571989,121.48457458979065,1.5539736034214613
POINT (243.0100273610632 4344.389751815018),150,35.518963286092806,73.59763981069685,4.289756457289352
POINT (2338.279557705785 1649.3485779764183),425,87.86500297952102,200.50680174682788,4.379007186047431
POINT (1236.715775154607 2363.6955122811237),519,110.64262168428593,245.94839771621673,3.510830190450892
POINT (1839.157801018142 550.62676172414),356,82.17728977357962,173.5875818673984,1.9316874407509335
POINT (2075.6702098319274 1265.7335388414087),431,82.61672120296926,198.6819756685592,2.0852179421459804
POINT (916.641540723906 3796.9210680392366),345,74.2833856591391,165.15262545833326,3.3569823450034084
POINT (4288.901444765582 2735.7878471618715),413,80.48887392787356,193.1925949861672,1.9335275400269836
POINT (3271.5114645394415 53.09255479010442),245,50.43649308125757,115.66307785655589,3.2837478007604353
POINT (2144.728257348677 1003.5517904565721),425,80.81658791075478,198.3942607793985,3.014848668675457
POINT (73.41923290690202 3353.14512180278),230,64.54075127320164,116.93976874504361,4.401822578434456
POINT (1223.8731589365339 3188.126224317971),453,80.69779163300586,206.46469015837073,3.9545176269549764
POINT (4345.237441128573 910.2370156963185),412,94.14760108628279,201.04700584642308,2.81489224377734
POINT (4447.782099070468 383.78788835711515),282,83.43286664949193,146.5279089895184,3.2738940932521423
POINT (3874.0431764193722 4290.660297406223),257,63.502345807494265,126.64628704901747,3.330244593196473
POINT (1756.020496594203 2225.0314697996573),477,100.76471385190561,226.3598218218582,1.7260508326944983
POINT (5001.401939594113 3325.1140464564423),220,50.691290315281606,106.32082534393258,3.2320088982287083
POINT (3594.487794389914 3190.450233240629),449,92.93188922252955,210.61484535904657,3.8782609548621028
POINT (1616.8555315024953 1098.63978353982),456,83.13927719954582,210.09952936733856,3.4156119804608425
POINT (4788.662109597065 1693.147141603945),309,73.46040977257586,150.06901904147358,3.287419466685248
POINT (339.86420807787056 4070.409805173945),209,63.484811593576616,108.38552324935898,2.111712105112664
POINT (4110.597319422896 326.24938957185503),322,83.17339954929574,159.567737588059,3.4095624238943856
POINT (2730.4971915837045 1868.7013578675555),447,86.01607189862803,208.84939862364953,3.683287604421884
POINT (4804.374581414182 4233.041384441608),189,38.10032103169486,88.50839236304861,3.38861712201619
POINT (1429.1797226877372 816.5823525724098),429,87.26193856769527,201.82560565461665,3.8654516724798462
POINT (3557.1576517728595 2143.627720943177),442,94.21437880417774,210.31326029989816,2.914288995683864
POINT (1470.643368464753 552.4181779472275),374,80.92578176926193,178.45348058754655,4.1584877259733375
POINT (1829.0263640849316 1207.6943539986614),439,81.29433103927285,201.9907329525411,3.053549358387241
POINT (2136.641127090358 436.58542959306794),355,83.72478576700749,171.1879070139904,1.7946774176711346
POINT (4288.278249709658 343.2655835311624),302,83.6666834522937,154.42927304450288,2.578905368595599
POINT (112.41910569909719 3229.4681257427096),252,67.33138337987201,126.45496942231532,2.9925975632472364
POINT (3450.9268083562724 2528.7518371808346),453,91.57565009346708,211.7705976552567,3.745478970904471
POINT (2802.0505146315427 2433.1637516191167),451,85.61568389603593,209.51462322733005,2.1730368165603844
POINT (4951.094003186859 2669.5646443274313),221,50.277042208818656,107.98557455094043,1.2641711105299782
POINT (16.51359563650381 3576.3986655873896),199,56.768139868166486,101.41621623292373,3.1146886342285063
POINT (4479.325489414968 1981.2517001854224),380,94.06428361913538,187.65022444404806,3.803903820797965
POINT (1427.4208719032322 2554.557913964228),492,103.63391456397675,233.197273538669,3.875596437851826
POINT (5007.7677028889675 2406.947217161441),231,34.99025670804014,102.90131611194109,1.9676025965700117
POINT (2530.780641862821 961.9040947436182),444,83.67531270752599,205.09115543307647,2.1806447326079264
POINT (801.0726363126022 2780.469900623542),449,86.72814850576627,207.9847505595097,1.5076967826777299
POINT (167.1632905025914 1076.3371764112726),319,75.19821528291557,155.3642928430774,1.874781253002198
POINT (1852.7533433136748 2900.2990690892407),477,95.22415990579168,224.40370479451158,3.531835627555851
POINT (1276.19260626805 2036.0626299147013),512,103.38929181047939,241.44659328759994,3.170560693948106
POINT (181.6416269046278 221.47759763588084),202,56.33434456691288,102.86762105794448,2.3353720423862105
POINT (4473.474807910237 1816.8894036784227),384,97.53721723682247,191.16629695786068,2.7977320645240824
POINT (1.90181002793334 2732.2449086673664),232,42.03981621441972,107.51196813883726,2.987376238952986
POINT (1234.8999760662418 2581.4999065559305),510,99.01687750860914,238.1007625881606,4.425926808229385
POINT (1098.6534140520573 3540.9170610365754),416,76.5017747656486,191.88851302131684,3.9330287099035988
POINT (2608.328724914744 2200.4971330398503),442,85.35783848482694,206.1910709976472,1.712958603245263
POINT (4782.1094262728075 642.4335825420783),280,75.82768638834105,139.26662618946645,2.481594580609136
POINT (2420.524611494058 2448.626779780377),460,92.7376872130161,216.38912880322917,3.172221873980405
POINT (2417.512105608072 410.0126489183625),332,84.3646850473052,165.87045128564975,3.226997818659771
POINT (2347.619180533716 2695.423997384609),471,93.01357687064326,218.820675313406,3.027312498593729
POINT (2692.9760345704453 2279.8981290313404),449,87.26011217425331,209.37347079659543,3.235214535923125
POINT (329.2306042599917 2628.8437106147408),357,76.81465000451028,170.50234434561878,2.917284140132224
POINT (3683.826915026474 1337.4948362546463),482,93.38397445746935,223.86450948996588,2.081942753021114
POINT (69.17372930681499 3853.5507312222744),187,56.856321995299,96.68400140222927,3.932019299496989
POINT (1685.0129327565373 1524.455477453712),482,77.87454225914996,217.03759120293066,2.277648140822498
POINT (4479.739660815433 2203.5301378539584),380,80.10955177896498,180.9901873806405,3.283417935404697
POINT (3242.9618754158555 3122.3613533054267),458,88.77826063665896,212.8455202560214,3.1492352472470784
POINT (4750.077486855786 2915.6147153597076),289,79.23582263213086,144.32480352124702,2.5255769892595175
POINT (4710.045745541572 2694.8488147509793),305,74.14470629862767,147.917556083565,3.9182419640700723
POINT (3505.0368329048006 3359.1754734200867),447,91.5057006807376,211.66415807211732,3.005054704628529
POINT (1081.3894042082245 1486.5836533057698),506,99.78769312931448,236.42288456175268,4.284299482673888
POINT (2914.389949484874 251.61914642828748),298,79.10018720123801,149.08665839529172,2.191017238508297
POINT (2616.907566241476 1321.2794550072767),438,81.84563945867637,204.06507386055986,3.0060916596922964
POINT (3995.526631643042 3685.368959064047),404,97.08219490936622,197.64504478714377,2.423501589843989
POINT (2769.5914353560634 1982.3861220907825),450,86.90936756642749,210.20512965539965,2.320924659716456
POINT (2637.6575497396916 1831.686358367275),438,87.74662488515416,206.05039267450192,2.895598613733747
POINT (1731.5278980844707 3902.4029587441382),366,81.29324672024168,176.90284997073678,4.13021508201669
POINT (3902.330473247021 854.7460514508199),472,92.30277319705998,220.89013863054828,3.38846402928287
POINT (2564.8729331967093 3352.658448457888),474,90.71023033200915,220.9241219701743,1.278214464755575
POINT (3521.229245389877 1563.909639067148),495,93.1455353297377,228.63247097705727,3.3731834993284004
POINT (3191.50935709779 2404.760805933914),450,91.95796457073352,211.7803794254036,2.9048708121370916
POINT (4753.708239162646 1536.6369270640787),331,78.03661741580324,160.9375154285656,4.389968061562379
POINT (2973.890311991528 4252.5519811927825),284,61.00723458832453,135.92814890511562,4.442519463718793
POINT (753.4458087169895 2255.6625004046223),468,118.17332838757034,232.66375564325952,4.519246057618473
POINT (467.4276632866957 4291.70284339798),177,46.38558966296957,88.51163783683943,4.547629445885199
POINT (3812.3353272521686 2693.0460309607356),441,85.57749692771708,205.88196644662506,1.9835027900689113
POINT (3574.338002221569 3289.238228545),439,93.89888653768506,209.57929646795682,4.6624115313106005
POINT (2422.670094177025 1736.907806434571),437,88.1537787930244,203.88547851537177,3.8988209367538644
POINT (302.9588635390879 385.63705828137415),268,79.3368547735051,138.16334496758475,3.2814654011092252
POINT (206.71791942206764 425.8250208095274),247,72.9515299528055,128.17281107834646,3.757528138750029
POINT (1087.8304862603839 2968.2365004304406),462,83.26191919454797,211.7164175197177,2.2134744932675683
POINT (274.742463136759 2391.7890286171805),334,78.29014925270144,161.97569787367647,3.00323023562083
POINT (3214.8179624199033 3963.7028463393926),359,83.71890300687117,174.77960167652242,3.942946547183169
POINT (157.93294559276595 1264.9104828411039),325,68.51787515459708,153.83184559760403,3.0855370768784827
POINT (1212.7791917854197 2126.075342575122),523,108.12485324401102,247.26403698710905,4.138602998870266
POINT (111.60615983993293 3485.7529147551604),232,68.0890799989255,119.3904920429291,3.2602060394775796
POINT (763.1749760627689 3243.8086605312396),413,76.56311244053194,192.88850212029408,4.096429967834961
POINT (914.9359327277377 2641.8305023018493),473,97.71182518744462,223.0345797842886,3.2769344857974865
POINT (221.14970451190854 574.6505712532102),277,85.21159514505744,144.37390033266843,2.912160378662944
POINT (3484.946159767813 712.9908212223378),428,80.68701621573564,198.807780169012,3.473833221398423
POINT (4360.169116541182 2966.2595693685794),383,83.23544919502241,185.26378832488797,4.016473747443947
POINT (2710.7264105978147 2419.3856632375173),460,87.56930510970761,212.51564375861466,1.6342886658449414
POINT (5003.844164523263 1571.1263966852302),236,45.74911024176827,110.47761058372313,3.1494166433050825
POINT (1484.787892273333 2213.8065843735903),494,104.50741590689255,234.01083242643847,3.5187391463098137
POINT (2222.2819776305228 2751.9010499232922),458,93.08195727047101,215.2717796478737,2.9765683763866173
POINT (2198.181726172769 2842.6951188476155),472,92.99467211375884,220.05382469070483,3.2768377074842068
POINT (892.1289374587478 1156.9556605038251),496,114.84711446954577,241.62790197622328,4.298011733419594
POINT (1692.9816844592826 715.9536784152787),393,80.57793047188893,185.76490222241145,3.0042979738515894
POINT (4919.704376486102 3629.010458132646),236,53.96044316785041,114.78188336919777,2.1587807239568644
POINT (119.56359483633867 4070.9949917467998),172,47.40576466589038,89.01200077887681,2.758994781974657
POINT (2625.971294236335 605.491125648026),376,88.93347102979772,183.85693694859094,2.981948772377277
POINT (3326.6016850635688 826.8624968315654),426,84.7918976142104,200.29257849057072,2.6345153023111023
POINT (1791.244943327266 4291.103332370838),252,46.19554264699193,115.62905333993741,3.2702996637536907
POINT (3685.4202008465486 343.30140847528367),330,67.86268751149805,157.33243115886276,3.6172474253024003
POINT (1375.4826982847267 2448.334442161021),506,108.56395544743073,240.1706280993669,2.69891760919138
POINT (661.7632681413767 2991.249951153186),424,78.28583223251457,196.25058237702493,4.023906028118567
POINT (2147.605422461901 3804.1161577929283),404,103.46589888580276,199.43031962652108,3.1055283038879007
POINT (121.51661305182486 717.7292798707016),274,76.40958566981828,137.44326768900694,2.6270173864626827
POINT (2622.2209778174656 3245.083161563633),477,87.42586589465755,219.8854511037877,3.84729455922589
POINT (3553.3278390594164 585.1599630939475),405,74.89313172624465,189.10862897422885,2.384423983314057
POINT (2940.529312982467 4235.7389456071305),287,62.76774981371284,137.81970956879346,4.397523979952959
POINT (2421.9587312309236 4079.90862502599),324,82.97405487884632,161.55749716016368,3.66717364573641
POINT (167.57761049206937 2301.2794032901497),302,64.98786215410485,143.53258057229635,3.4888786149760103
POINT (2990.9823060404287 876.2973871512849),421,90.58474199284188,201.54779216905993,1.6438622755570018
POINT (3794.499364928531 3005.2873611198997),442,86.18845430192644,206.94842392146558,3.965323071709423
POINT (3049.5950106462205 1705.806469535914),455,90.0013951320445,212.83858439818084,4.34245563756647
POINT (2777.3071744711324 2693.3919943802784),473,87.0044538908683,217.86336416279383,4.597389971609912
POINT (441.78729743235516 1807.7900685710729),418,100.01142957002628,203.9338383138388,3.8099957971688
POINT (3015.510124844664 1144.992151803516),453,92.59103468447444,212.6445173575396,2.589572765361953
POINT (2750.8709217728256 3862.7522520960265),391,93.39427702820103,190.63332918019321,3.5898197130060283
POINT (1081.9095332515044 3794.8332785117573),351,76.1503136739112,167.74111064240114,1.9878902850268625
POINT (3852.564746355288 4329.382223811118),242,57.78384285139703,118.04703030284033,3.2016139230796425
POINT (3224.055752554573 3442.7143058616048),457,85.29587441658025,210.34635782185643,2.4010202995144243
POINT (1278.5270177534512 3688.186416926748),386,81.29807149874716,183.3172749433993,1.52032777879112
POINT (1866.4551876161045 3559.0433256232654),430,100.70511615539728,209.4124822101916,2.698019351301811
POINT (2499.757531006382 4342.867132471135),233,50.09289836269144,111.73781911709047,4.09417659840039
POINT (3464.686032596924 3032.1780125546156),439,92.22235218405754,207.32900977312352,3.5190201659919484
POINT (3862.8714187682303 2639.860404909993),439,81.80237693024911,203.37929996252774,1.4010704307971624
POINT (292.95428537341763 2145.9398789044176),345,84.28840119978639,168.56408841425508,3.161113208829356
POINT (3559.3856803961576 111.82941263636636),261,54.37527552644371,122.93098145866966,1.8501579431240045
POINT (2016.7711348784444 1867.9017744257044),455,85.65974250407656,210.44404155734725,3.070351211695114
POINT (1101.3673412559237 1678.896165675371),522,100.11936975010444,242.77646383543026,4.088743932264182
POINT (4189.25977939953 548.1542270721749),362,93.02536441313894,180.05414452117,2.7583239435951943
POINT (1233.1561057390131 4095.5352124170895),286,60.45745328524891,134.99450502151004,3.1538565834797048
POINT (196.0272339707173 4234.641156277238),161,41.52913242437017,81.78399386530072,3.1559451385736574
POINT (739.5611994778054 3465.5931657249303),378,76.07929826577475,179.59013533910405,3.6117621853043103
POINT (89.15705809558845 881.920262735547),274,69.78004469761626,136.78513785477628,4.583217161422139
POINT (4729.177037592304 506.5685353902788),258,75.37800393188117,131.7597004373849,2.085976856390107
POINT (4233.232350365267 4030.1024156284293),287,88.19736037262263,149.14808629754512,2.8204155032351834
POINT (3464.317418497692 4311.741933663475),248,51.82933206522188,117.95864256812547,2.76211573195012
POINT (1485.0745318717723 2048.142387855083),512,100.80486110748879,237.9711658517166,2.6454038591158704
POINT (3021.907044287998 2436.685571592769),455,84.1498055689428,210.68818071377768,3.4737062085175014
POINT (4222.007592196615 3081.759670979986),406,83.41296314894704,193.11501500789598,3.2915348021411006
POINT (4419.274354572054 3135.161776578812),377,83.68508508788855,182.173119149235,3.6712253020662025
POINT (1538.4584075547202 1562.8712018729168),492,79.15216670732373,222.87272698816003,4.587809526115138
POINT (4509.591608391743 3478.262764073424),350,79.07692076115555,170.26875729164988,2.442735116588143
POINT (1430.6214229510244 3166.1787983883623),467,82.74110276730664,214.85997862374413,1.6193523615334036
POINT (2815.119797805137 1663.5035687159932),446,85.95129284525667,207.53185577875044,3.1525524626266943
POINT (1432.7120926823038 3124.982219112224),470,83.79008979772873,216.58784971721457,2.3878704364170398
POINT (769.5164657283628 3204.730756146197),421,77.35599890421277,195.6455173847273,3.647488472203862
POINT (1759.1949520229011 4055.987491474455),324,68.904084573849,153.8262978262379,3.36260939774348
POINT (2146.6891307741166 907.100574741133),421,77.91655929718817,196.6229058131258,3.482478932681869
POINT (1100.7043122399716 1826.1461962798091),507,104.59202522533514,241.09769925416384,2.9072221980858006
POINT (2750.808045448995 1663.6118869048532),448,84.84776442694016,207.37235192793847,3.562828634937817
POINT (934.2995344251244 1070.583687084526),487,112.64680585150383,236.14969347454547,3.7641740649836675
POINT (3916.1342500104515 3191.818688155498),455,85.2359640325763,210.3912479428492,3.8418187727148947
POINT (4398.541495161112 1736.9453051203182),403,104.43829213963365,201.6574229022988,3.041206496731973
POINT (3297.7115100440947 2053.720640639853),451,94.0551850758367,212.80495791628712,1.5732557682997625
POINT (3145.0890342401576 1263.0538525530792),469,92.28442878707261,217.9876776018223,3.213412931523923
POINT (3738.08270929833 902.7284500863381),465,88.25512611181352,215.69931707289288,3.361352918342899
POINT (2143.29259652904 2624.2476408226426),466,95.31980803528198,220.65087278036202,2.6329625744816294
POINT (4979.160948773662 108.9304809008001),147,30.10651330425405,69.44120325284443,3.8174982706306166
POINT (935.469231499127 4192.2490107603535),237,54.15478792058575,114.53612712527116,3.249813281398942
POINT (1580.9349350395228 3563.720665566208),425,88.14639995336621,199.13361735349105,2.2246398572245862
POINT (864.8145687851636 2640.956878837389),471,99.936199977638,223.34065930199012,3.1617604274103392
POINT (1047.490814587568 2679.0302230936722),487,94.28897577510601,227.685913827734,5.045739008921445
POINT (1340.1831399537502 3578.3569324550963),402,81.88265715870968,188.54310520337873,2.3554433359035976
POINT (2313.289635432739 1722.2225019825348),424,87.998186323473,200.98053331744276,4.392510208755481
POINT (2162.781615458435 2092.0238964402392),484,89.32441486752995,222.95008049291116,2.043583606752126
POINT (2256.2017036919356 4104.934715770932),317,79.42522873028231,156.26720365674234,2.820483517754541
POINT (878.3991959057836 3945.36568727233),308,69.16905920987243,148.86334165327548,2.109019934990645
POINT (4458.335893905096 3759.7827052464568),329,82.06405077078024,163.42055683148638,3.8655282506019817
POINT (2887.7197519448177 270.68804367277625),297,80.52200808987169,149.7335502592638,2.590641810817891
POINT (4365.658475632678 3358.5473144543644),395,81.33319402195586,187.31340769840997,2.5648999290495333
POINT (3133.80279860355 752.3435672997624),412,90.50855205039464,198.79232101077775,2.812729627832792
POINT (1362.910340644432 112.1855915538074),258,50.8067747561263,121.66365411043543,1.851079323878286
POINT (2993.9670956192795 3412.097307833515),453,88.82296870668789,212.04981907449783,2.6699863305255818
POINT (4953.339314815203 3435.6857753141585),232,55.158282367108,113.34178532009562,4.3366922552461045
POINT (4409.5835878278685 1595.111579686077),410,108.86187330978854,204.92295261777355,3.8903928315144305
POINT (360.3338256297816 2748.93177821585),362,74.58809371976051,171.14712599065786,3.400634655651122
POINT (3696.515840242527 3411.3651476861583),433,94.0894462882058,208.46058883622786,1.8597259462717295
POINT (2224.3368009504975 4235.439335033064),280,62.65808618896556,135.0918474147766,2.2072399001738408
POINT (4219.897937515148 993.4961237518214),443,102.90964466302351,215.9081673148772,3.4482790613814194
POINT (3874.5890146092015 2528.8285737507026),451,79.84684998464965,206.3629825103718,3.2592149860359867
POINT (853.7154865202955 3961.336432816195),296,67.57965820240251,144.16557323640862,2.381170250780057
POINT (2501.4658435073793 384.43726776296074),325,83.17584611848629,162.9871391953151,2.8362651438127116
POINT (1046.1349818830206 458.0363011316),381,84.39515341727665,183.65414749250826,1.7246633875811195
POINT (3684.638611983269 1754.9677084282382),477,94.31179556837932,225.00047590708772,3.618041689105514
POINT (3535.637142448212 3134.228537398196),454,91.20222385056454,210.97509764920042,3.749923242417252
POINT (3242.788487773606 3756.296540821687),403,91.28584627887764,194.48651352230044,4.302921589936893
POINT (164.2262673205703 1712.0780721677731),310,61.45206610094479,146.52108278292914,1.1860954130455912
POINT (384.45470345683174 4214.680911854312),188,52.551860571078656,95.26654343074928,1.8982909482998087
POINT (3851.0894810176096 29.78735964699807),224,50.216329883724285,107.39210913174375,2.8397448066581066
POINT (2972.761747499296 1350.304427636647),451,88.11375706022702,209.83909297680103,2.6969459598716603
POINT (1221.5304811447584 2145.968857259252),521,109.94406198991511,247.3148454444629,4.774264064163174
POINT (2750.035939010952 73.04660275195887),249,54.86051725847115,119.90986367018004,1.6553889585800339
POINT (1684.537731539981 1046.4683338003333),437,81.27416667239147,203.06979515189724,2.962677113424782
POINT (2329.7321864922837 1046.2760566441082),435,78.37550142557782,200.6943033241336,4.081742603041899
POINT (1157.6309228159841 2071.346285763851),515,109.10701440385799,245.49016376133756,3.4304047969664127
POINT (3204.236693043804 2583.5095191754135),446,88.740845367414,209.09336812186496,2.8327695181747954
POINT (1652.2710783550544 3559.3012009877066),423,91.99527852201909,201.1946080891058,3.0585888087098883
POINT (1318.621936613325 789.0483650151214),427,88.9862174502232,201.9619405234261,2.3029002413455752
POINT (5004.0149651997845 3865.4473030292843),183,40.61370652711089,88.49193139221322,2.2663566359350726
POINT (1759.563119224616 2558.2536571271403),487,103.96572127343684,231.24686098511975,3.7258022302709617
POINT (148.42170464216542 879.6317854547995),296,76.64844538894944,147.33368881614516,4.16884755816301
POINT (333.37675918738336 1581.6451094878798),383,79.7436539486541,183.01841626748893,3.428454507161863
POINT (4289.307602366493 3378.0299109867346),409,82.90796965523087,193.6689567732846,3.7655541113326203
POINT (1431.1947937169255 1625.9130717506066),512,84.66399040137365,232.45922763986962,4.077941271958599
POINT (1153.521251150445 2666.0671713504266),489,93.55074750640047,229.33966965033707,3.7342801927591056
POINT (3654.929971490317 3434.630749972845),419,88.13048069225746,201.49167593518507,2.066080776065453
POINT (3925.8404097027365 1762.4795629404184),475,101.17570939298471,227.43577610749625,3.680453930150077
POINT (3718.345109549181 4344.170487088876),241,53.29899238383156,115.31364801039294,4.459249116617484
POINT (2034.643733152089 182.02189744118402),269,69.1404838516464,133.5945055751457,3.4369382801850192
POINT (2858.972702334238 3123.382250324176),471,89.1118492435521,216.4400462523997,3.1453388495841557
POINT (2859.121164759285 2519.4229857576843),455,84.61454778080156,210.94314332210777,4.591192447978756
POINT (2364.8446422772863 2896.295343485804),464,88.10686367849382,215.33796804881237,3.5082760391602164
POINT (936.3286478572873 1666.333828677622),485,106.36051306123632,233.8440503209315,2.631340256299012
POINT (3245.3879362035045 3229.6557144210924),446,86.12306698099226,208.79751976251887,3.171446945130173
POINT (1340.1038538980533 2967.0111914984627),472,85.63177781481033,218.52286913280147,4.41996882531488
POINT (3174.343786645011 1048.1083653614992),455,91.3051135482137,211.7257587433176,2.0740183572244897
POINT (1495.695136975077 2196.8816925709793),495,104.13977537862743,234.01629191159765,3.702575984602078
POINT (3386.771825184528 1484.8080703767018),486,91.99519476641503,224.48887849904406,3.7318490475436015
POINT (112.23535925506779 3232.64875010045),252,67.46344841874556,126.51572579753545,2.994101851826189
POINT (4561.4518269977425 1855.742083523736),375,90.25720079189901,183.09788649989517,2.871956859303645
POINT (661.5188106715078 2226.4739422326757),446,116.68429694850332,222.83070499114754,3.717834099616457
POINT (1344.0029332898139 1869.8717254714782),519,94.26623515207181,238.8579816124323,3.7306713645416303
POINT (1839.4986533726358 992.0204404256808),429,80.00185713527249,197.9341958067905,3.529316617631329
POINT (2254.768992603423 4086.0933175493014),322,81.68649556381312,159.2772496624402,3.7372279428175696
POINT (3684.052505912887 1780.7531526710582),480,94.05805362754839,225.70972339017965,4.120013325124026
POINT (2550.3213631859085 1869.9297949291358),435,89.28469679373926,204.73092122389806,2.82856286437064
POINT (2606.631276648928 1542.3822636629563),450,84.47841370500534,207.6277982155994,3.241327937411077
POINT (659.0099254474861 1881.8061084995268),466,115.16962329567623,230.60352153567513,4.823973680609713
POINT (3082.8108246057773 618.8987415706976),389,91.8601719087756,190.18487436981542,3.499942102517871
POINT (453.44595030072077 2086.809356437575),392,103.56313310676481,193.8985071921626,2.9756194254429746
POINT (2179.178177104304 822.8935094506761),421,75.56158672106923,196.19150780377888,2.564501853034618
POINT (3567.0655009517072 1322.5313265133216),481,90.78086704027659,223.19539360756812,3.8368521878386614
POINT (1485.2691616953825 1072.2096267641293),454,88.12713390493732,212.0708839991382,3.0295287230502965
POINT (3588.6607396278137 1322.8081841302237),484,92.82035506130092,225.08935035215296,2.928989411066442
POINT (2802.4267865396646 2670.6850731976924),479,86.9237681406685,219.3323460694107,3.783238661511708
POINT (3806.9590371566346 769.3847579201505),452,87.74012799828509,211.8379895950906,2.082093501579009
POINT (1927.6220428391484 4145.048278775331),298,66.71189289872753,143.95504552371708,2.2376020537257704
POINT (1173.7506994942794 659.3281112548377),425,94.18697617654769,203.3531059816842,3.6175652790760195
POINT (4014.659374129755 739.5025837779391),433,90.98846984594324,206.19467560462158,4.283725606936808
POINT (3160.296078985211 2862.7296729684085),441,89.61832630309769,207.80659460395233,5.140009646549347
POINT (825.9507491933083 179.41395253853122),287,61.890017455220516,137.0955256100364,2.7784133678212006
POINT (2694.520667598031 2718.4925737332183),469,87.14103796914931,216.22510023497574,4.265748804607068
POINT (4885.0150870410835 2804.6133563202948),236,62.155941516154215,117.5839514369037,1.3757736850958295
POINT (987.5524108721622 2786.6803534845726),473,90.25606793079763,220.01951945143733,4.451425476077073
POINT (925.1462967058856 3844.699258015961),346,73.33731168981254,164.1541579631177,2.6599371668457876
POINT (1675.4068406595343 -3.798194657948063),211,42.862565655687305,98.65974536073863,1.3297926888393703
POINT (58.263004551875305 138.39125316561987),176,43.57206893241148,86.88402984634682,3.6581876032386407
POINT (298.3866060677436 992.6603493575253),361,92.2110358629274,179.43113051784943,2.0560481368543586
POINT (1597.8331775830588 1874.240597285333),502,87.58366434391327,228.59579221872502,2.4329477200548904
POINT (1429.0617145448437 3872.3470674944933),350,77.53517233410278,167.85384123760812,3.797506292741364
POINT (752.4355827283382 859.3800801701906),435,106.14584368659021,215.05688191513067,4.32614915141184
POINT (4127.267081887377 2067.6438048008104),437,90.68462024087871,207.46269641853303,3.6891048898223877
POINT (3300.8367363170714 960.4479226920164),459,89.61242811770079,213.38057884896554,2.4055477483431114
POINT (1631.8950041127007 2747.7740252666476),492,99.07376268497528,230.74827910207117,2.087955088091811
POINT (2071.593475664443 2478.2043436549643),471,94.72424286955653,222.11550965639336,2.5558281315638305
POINT (2463.7371302315078 3392.3879113042076),468,92.30235604719672,219.6113041933511,2.3596176905129758
POINT (2294.0462328813946 1538.7907620828732),428,88.19760743473674,200.3381928286158,2.747301742015172
POINT (220.74976240881026 1570.9101455511486),345,65.74139449419393,161.78233529308707,3.849755658449394
POINT (2859.753923043467 508.53582752244597),364,94.73865365166361,180.50303104738862,3.9755945889664863
POINT (1322.9311297020918 4081.984607963707),293,64.07252423752729,140.299385681109,3.4829995978111947
POINT (4807.467538975831 2638.0031217721803),270,63.58100966089461,130.94520733007852,2.4911415492691877
POINT (1959.4008007562686 1651.3498610760266),445,85.08726078285305,206.234896129501,2.9576606655286337
POINT (3466.444608197862 3329.0528524731167),452,88.4244596264266,211.49660625113302,3.4981960913892305
POINT (2473.3266543842974 480.5859828204159),351,83.89807710320963,173.27235074714793,2.4698474386892455
POINT (3630.0611781154 473.10156743442445),379,71.62810121191356,178.24314314429122,2.675218902124731
POINT (1806.3654464981666 2309.8826379161624),476,101.74933274760801,226.6201583256181,2.210762587502894
POINT (4016.8291614469995 1351.3659503013744),473,106.13897147942339,227.66034777331618,4.438731377557674
POINT (4539.50203907251 552.8372531039645),307,83.74579337384843,156.17295939206505,2.31716507641042
POINT (634.2276894889457 3903.7695629630953),281,68.93896461914821,139.42251667094627,2.775010603826154
POINT (1844.8138768006306 3793.1080609107285),391,91.21864083150977,191.2140578930156,4.294681142186454
POINT (2950.706491220401 3576.277710365985),443,92.44967608118996,209.92452952083872,3.6435832837175655
POINT (222.05813491868628 3566.342948462643),255,77.45897447456187,132.22581538066171,2.4985925844355785
POINT (420.3494070603214 3572.5311377844027),306,80.56773831655038,153.42938737032898,3.112712273690372
POINT (1910.3230056899279 217.48042822153832),280,69.38943839145858,137.640474273139,3.2761046645278085
POINT (2034.267694966234 195.889032137849),279,70.31200091418,137.41608582108375,3.4317873918004853
POINT (3796.8561847996757 3719.275459402977),414,94.17029606929826,199.82558890869123,3.2107242537075487
POINT (1869.3350134526117 4206.724220883326),281,56.96039446316039,132.4377365038143,2.2473821170040758
POINT (216.58552070698818 4002.318134850839),195,60.838040106173345,102.55834132955484,2.8496957072608433
POINT (4892.211133144372 2960.6212318732114),247,65.36321547307277,122.6167029298673,2.9892925010434848
POINT (4178.36867774337 3599.059925201457),400,91.17006320602782,195.10639306945353,2.8542158353998675
POINT (1780.3783151710459 1151.7542538337893),454,83.6273676839965,208.97895235543677,3.433000527975798
POINT (4015.6436001437887 1553.9004983641112),467,108.97806492827777,227.29458358344507,1.8975294867565535
POINT (4925.6778509283395 2637.546641358067),225,50.99226203363001,110.01322718511938,2.4664527372421925
POINT (1031.399456246123 1484.9642497650061),500,103.37510472949515,236.11472946432212,4.152515403448501
POINT (1761.2480383479271 1170.0419942226595),463,81.55820155173087,210.32817625778034,3.4327381720562684
POINT (1651.8597042319443 2180.109010203276),494,101.63197404014835,232.17866929674005,3.4109960561228787
POINT (2033.722059605276 4240.305332799165),272,57.22635604877688,130.1661419062525,3.886054910009033
POINT (4633.663311433586 1978.0992008134926),354,80.29550131472251,170.51903862482507,2.5419481981176286
POINT (3895.4958820153174 979.5992584572765),467,95.492490241275,220.1794866893751,2.8753781205895583
POINT (1046.6564349540772 453.8545701425198),379,84.04594138506444,183.00154040353334,1.722990803626547
POINT (714.5849420280643 1969.955936372313),478,118.17513450682917,235.83648664294265,4.7530773266827335
POINT (3299.6388631645304 3672.3959051621014),430,89.94244055728677,203.17157587991892,2.9270324855752388
POINT (312.72124332101845 2202.461141702571),341,87.05418909896659,169.0682957849639,3.130102951730825
POINT (3684.605309652854 2402.8939254120523),450,88.32061905970016,210.44567159720103,3.9680757463476883
POINT (3109.8691404387387 1321.3485350220856),456,88.83988204521509,211.64730251470803,1.991073800652483
POINT (4731.630791320345 2729.380979483388),293,73.94228363843675,143.4112607241804,4.127032934679188
POINT (1758.3022795580332 2598.5238396184254),484,103.72713009432223,230.7337156531139,3.735495303599608
POINT (4951.600565766579 3279.9742225892464),232,56.821375224652236,114.12428603761825,2.116563294233249
POINT (4880.742172617394 2366.7250967836017),270,49.26389445641168,125.218350779833,1.008271346414712
POINT (4124.656061916708 4098.4730534426135),284,85.18886527223295,147.2879192416372,2.3107393170545807
POINT (4082.2692201636587 3576.1548733874133),406,91.64764939177324,197.09420126313887,3.0311923692376617
POINT (1876.6462587123547 1323.24034114104),456,80.33653841107278,206.78721615094187,2.8476267353354814
POINT (1247.7827981615787 2142.523522582787),519,108.57244738067749,245.91790376147074,4.764045750629904
POINT (4398.0836144872555 3808.34689750783),333,85.57536441358693,166.7615139832251,3.8426146214099104
POINT (4347.314486956558 2771.181832404418),405,83.12425080512357,191.3479081415947,2.004965496137765
POINT (658.6226827585888 1889.9428320268257),462,114.30156553956367,228.68352723890638,4.821602141842742
POINT (2528.8726929211957 3929.296212335714),361,91.44005998272746,179.71199105425518,2.996605255054693
POINT (991.5364253156503 1008.9199353422302),479,111.59786863745883,232.63054706601275,4.3575558324765975
POINT (3846.303018798615 573.7091180054724),406,85.22087053390379,192.6489695833886,2.664101959627265
POINT (274.93453514403615 1231.8020367950653),361,83.67319030438962,175.44647728334434,4.031589603149808
POINT (1317.4865540580768 3286.0855726024497),458,83.42161422666823,210.31306401708818,3.3343834425368026
POINT (1925.6621639719538 3331.283897614923),457,97.91654242133049,217.55282905542373,3.718159694093928
POINT (4067.5428765991455 1738.2335566775403),476,109.42690174663612,230.05976097314496,2.640087118425966
POINT (3425.8423741183665 1433.0187295684493),491,92.04532123338284,226.72249831076329,4.025179141991729
POINT (3921.8139125139464 2751.067645608323),443,82.8550479621737,204.97462039681102,2.0584907311245964
POINT (4346.475808424683 2719.097416040557),405,82.62717795384427,190.5016123295733,2.100771720506801
POINT (1048.0241569928908 3715.979662063158),370,77.92114513622043,175.76703174428093,3.473367647754659
POINT (1708.1129005660066 2496.5651480314123),485,105.21442720902925,230.65998055353631,4.1523678842545735
POINT (2408.769443711059 2753.6060617620756),481,91.33588594446279,221.3148320931569,2.6271710099910184
POINT (1805.1890980621463 326.81620894308185),308,74.36991596729645,151.07556049846377,2.102039113157035
POINT (896.6433261833067 548.2390640469712),386,90.06789224413757,190.82637659680887,2.5114328135346415
POINT (3108.348046625118 3794.039672470589),393,91.04147358542161,190.7753936139217,4.6556735522129
POINT (3427.8897483549727 713.4134725602416),420,82.31583182075056,197.14595312450086,2.742058900005955
POINT (1485.9039433935527 1301.4621753438516),475,83.81537689795454,218.29327407684008,3.4950435039567567
POINT (3483.7214822850706 3737.5922406045006),423,85.46129683315051,200.95023323841502,3.2742265202863505
POINT (3562.1785669811766 3132.5787435903317),445,91.60740973776818,208.68040216176783,3.1676256373477156
POINT (3483.7178862501387 4068.7424634043978),343,78.5600239582609,164.41961891491582,2.9597848959769966
POINT (4986.613661697229 383.53975409136166),174,48.324348522022404,88.40112124396116,3.804023207756659
POINT (1486.3367107718443 1773.7944792515898),513,86.62165637323828,232.73962517520525,2.5107906176229675
POINT (3517.7839822577266 2928.875214907209),447,90.1732614090827,209.12692638444219,1.7849641861352492
POINT (1471.4036687741823 315.6096200008395),308,68.19861915357961,147.73665191998117,3.0686890510193745
POINT (4014.76557253655 2817.94384697409),433,83.54058236054317,202.23060975174707,2.778056524621729
POINT (4554.954654243874 3797.944967071991),311,79.00048507054385,154.15390791969884,2.0085990771372524
POINT (2751.7753044937976 3196.7770032251588),452,90.3240542307731,212.79692359910723,2.2589421818267392
POINT (3575.1934502842255 4202.753888929871),289,68.94759878838741,139.9149884570141,3.286686092542886
POINT (2053.3829556043356 3762.862556929286),394,98.13453210833502,194.80440445170854,3.3319593555600973
POINT (1799.573395456155 936.0233174361181),430,80.45088724002314,198.53368670722756,2.8525627517790735
POINT (704.3915044603191 274.4571743347996),311,75.50389018802095,152.31495961719654,2.453463102424828
POINT (2421.7222186251174 1184.8397868973389),439,80.59510335201567,202.54765235439856,2.7845252590415708
POINT (2242.706974070793 1648.0150374656412),432,87.22601792893573,202.72088082504948,2.3029147818474516
POINT (4292.669792349686 1861.6241227001185),431,106.21813700836061,211.59274304027957,3.35172951433269
POINT (645.8755520630648 3959.9554893309028),274,68.76443083075357,135.80588745080095,2.562792017179872
POINT (2693.094289036486 2214.13655513091),448,86.0549285703988,208.67234535505418,2.6385834773170425
POINT (53.31184951867573 1851.7616727504821),270,46.5450280444217,123.50241992106591,2.581090573273466
POINT (1849.3243563971475 1152.308607013292),433,81.20433320946407,200.28252652309166,1.8329082888628345
POINT (2154.4139943129376 1703.7277458504936),437,87.562782726144,204.86125123974526,4.300475791748899
POINT (2115.511308908483 2833.7495139523785),473,90.06164300571348,218.6187858114248,1.7333354708137962
POINT (3963.22544607509 3230.1714173305854),443,84.62807239341323,206.481947081172,3.539550551729238
POINT (135.48063868981416 1482.385169170384),323,55.64109720946455,147.8861835416324,3.6788165175810663
POINT (4278.010458911195 4236.353654935884),241,67.88009558839354,123.13670945417964,3.289692964273402
POINT (4015.1857497264155 481.6452655924831),375,91.69374944777857,182.02021851265374,2.3507511896270574
POINT (493.3607609095296 4025.8664619708034),241,68.02018264231499,122.13697319212744,2.598168798615555
POINT (1126.2428469380534 491.86337981292456),381,85.87674290567318,183.8077206708469,3.6617785028863805
POINT (374.2815207491971 55.97325103046246),206,50.869216974407216,100.95335207265539,3.3930230614196986
POINT (1639.5173127245373 1926.569421994467),507,91.11248213958649,231.83040384898013,4.2700032559332035
POINT (882.9849702698463 2883.936862183642),455,86.25497913731563,210.926913665144,2.916154226206858
POINT (1777.8303346982286 3795.2350510813976),383,88.24498305670988,187.59233007107494,4.56203236856607
POINT (2422.280454619819 3870.622023485588),381,96.66682739637527,189.318863571328,3.0280767202077015
POINT (3358.7004069767713 4157.751963147668),317,68.02275320497507,150.1234067918634,1.8309236625184178
POINT (4787.000030038654 1359.6692307534777),308,70.2337595079366,150.58323132443508,2.987875347109709
POINT (3959.071829551429 480.74848633594166),376,88.08194810274689,180.748072123817,2.0407478185630916
POINT (2971.4400589930506 418.9401262505819),345,90.24976697580175,170.5994117070652,3.6253904577197527
POINT (2142.7720093301787 2900.917793477804),483,94.60655199174948,224.7596343555581,3.262967037926238
POINT (1255.4390401955475 552.6745207972175),394,86.77254243708956,188.07358461178606,2.2284662408642784
POINT (1044.0061736798236 2061.5528639725903),505,111.58977554293676,243.85134276649865,2.335335297334878
POINT (4771.466276276088 4291.803423061452),171,34.68991342132655,80.65204981583875,2.289289200817565
POINT (1429.0994203761222 3656.1829185736246),398,85.34937280981245,188.35815493507795,3.445592518761108
POINT (605.5556168210474 1940.8011800599447),438,112.46051219349644,218.08047570209416,4.397188442693681
POINT (4070.988813311233 3164.1136482551456),443,82.97880434911463,205.77398482147265,3.0885699845660617
POINT (4110.258376132201 313.90800845789516),313,80.96020171693044,155.74670048253193,3.8589700650011363
POINT (3482.3985578221723 785.2141700854245),433,79.32630859924802,200.03797993169243,4.131336733050741
POINT (345.2903332399324 2494.0710436380164),343,81.09946088228124,167.53337095342766,1.4106499541581505
POINT (4509.595778153303 3478.4525130234433),350,79.07281891108393,170.2637646860018,2.4426533684399754
POINT (825.1859199394027 362.7553278737883),350,78.4996115733201,169.16703523023259,3.8547629861766994
POINT (4281.541291982946 2752.909739803492),414,81.63664535269118,194.6155698177792,2.5355591067850103
POINT (3203.1916134123476 2970.415102127974),444,89.8390645724726,208.8093038638127,4.481843813023774
POINT (4993.418598724561 4072.608524922322),179,33.68105706496852,82.20429934581956,2.368840533405816
POINT (3409.9119869500882 3170.972842482631),437,90.92547843732928,206.58173836223403,3.6611438610806943
POINT (1183.1420154281814 3848.0808114618144),341,75.55004156334125,163.9460255960604,1.562277865095669
POINT (3464.5387080148644 3611.8677962742845),437,86.24093993862012,206.1270265369192,2.62486169104812
POINT (1210.8623245829563 1954.7837098046275),510,103.24337451392186,241.19610210744335,3.052221709626223
POINT (878.9287152800346 3914.8635328413056),311,70.77096775295004,151.46903546126572,2.396373093835015
POINT (4457.7710771829925 1029.3087898461238),396,90.10885034348534,194.4522950445963,2.5889311291616006
POINT (2087.3493236859254 3588.2875180799347),434,99.76265328404486,211.87476889482693,3.9278771462128015
POINT (4277.461126889077 3631.69441937142),377,88.72229998922434,185.6463822314853,3.0239975335777025
POINT (1868.2905738162438 2773.1529999028708),494,98.98597042948637,231.2026279329378,1.4585487727714332
POINT (1.147437195929367 1177.4444672040827),265,51.18909418329599,122.39496117767303,3.8922642267269656
POINT (398.586720756404 2692.337655831013),375,79.46011697281436,178.7693180735012,3.182478231042333
POINT (1813.6001431630768 186.33330065713753),279,66.29136986434045,134.422403101301,1.3165532682839107
POINT (1585.1673057960152 2586.564905192879),494,105.65891723855852,233.82634080909824,1.5882578225001482
POINT (4124.145119034009 4030.1150031177804),305,90.06115984287231,156.93386074999503,1.7989821037168578
POINT (4591.7460587529795 3599.802724508767),321,74.34363423042836,155.7314396647139,3.1545701528943955
POINT (604.8340599265132 3421.644573272793),366,79.00505238685213,175.25150578364915,2.515916438228928
POINT (626.7697658374119 3904.4105076381416),282,69.06204516823377,139.85322687568703,2.9396184940328625
POINT (1521.2960614130368 383.60830020780287),328,73.98292792819184,157.98384466842597,4.152471892846968
POINT (371.81590298078686 2913.564302087903),348,74.12817688949602,166.21026997365493,3.3804019728458656
POINT (4440.575755449006 2914.460239367045),371,84.11638988691367,180.1988805850591,2.709993117509693
POINT (3631.4533619447425 2714.72566070376),459,90.11886017890295,213.6181011195585,2.3521492667743726
POINT (1926.2494452720255 2230.1102675680017),485,95.10792705409148,226.4735364776839,3.733276647475116
POINT (4195.36282294246 1650.1405758644064),447,114.95063898307582,222.19984565103223,2.5190217196283684
POINT (106.74483388959352 258.1267268911971),196,55.055834157395005,100.67824297312299,2.3992258853290456
POINT (2377.2173090391548 2858.9305744508647),455,88.40037905152745,212.15638347420557,3.612428967617512
POINT (4034.3459969135165 2750.5117602071186),431,79.8273877322709,199.49199520357567,1.9413780836069454
POINT (3048.960992448857 1813.7557364506142),461,88.54477399194079,213.81730542832366,2.72197197922202
POINT (4788.301389815879 3814.431188706929),271,61.67566213093862,129.21342322905738,1.7161954692131323
POINT (3760.4295750048154 3572.0459176041527),420,90.02710813320655,201.91770694178146,3.7174562754898965
POINT (3987.4143818576717 4011.7134662995186),327,92.21654868411767,166.85993301898782,2.827598957097496
POINT (2878.625105581559 3685.252631828863),409,92.38599386096743,198.29502089293217,4.044664566449111
POINT (1484.904676412447 1349.3503020945798),475,82.69747298614878,218.18171037128778,3.532977127515213
POINT (3633.6334398205004 4248.3609452998135),278,65.30232541544274,134.0477448199968,4.423901728038987
POINT (1485.2152313571733 3986.5119905354645),319,70.31977057841536,153.2429909957579,4.256144486137791
POINT (3629.3843273181674 453.78999813244457),370,71.42248154617761,174.82257037686225,3.3755509692184713
POINT (3687.920271582529 1473.6205627604597),490,93.75080519477447,228.22781424535657,2.8872857192190198
POINT (2118.465639653431 4342.9266248992235),238,44.28217185787556,110.6817684684167,3.0943745908415523
POINT (4232.467212847001 1525.2559053858897),445,113.04211883075098,220.79939154478436,2.926732286476428
POINT (3905.501322670832 2632.674665136467),438,79.86540238733784,202.45650340278877,1.982856820663589
POINT (4241.01266710796 4128.409099761925),277,81.74714275437414,141.67675280263447,2.587631964138018
POINT (1472.3929295579362 111.64966785226355),257,54.1894732838162,122.13253869794069,2.1220289472184724
POINT (4212.356105874214 1871.0843516409798),442,103.40031740939139,214.04011091973928,3.3268972147396103
POINT (3537.566335490383 1482.783018072971),486,92.39747664278241,225.63081260764258,2.1757712456066955
POINT (454.760473425329 769.6353629840728),364,98.65997098377599,186.21117923175026,2.6604514747219983
POINT (2532.097849643069 4146.077742205526),300,76.04456704052194,148.4394324966775,3.812535523419365
POINT (3299.975848593689 246.2907625258282),324,68.11752942578889,152.7231891205693,2.5007651835503935
POINT (4979.732021810712 164.36689253107193),149,34.355233086282986,72.63503837104206,3.877713010179242
POINT (790.0932123870723 1762.200365789188),464,109.86878521811086,228.5748942560521,3.6550594178426294
POINT (943.1669596628617 3576.0152498491334),393,77.37688062396037,184.95572460762068,2.557916190096262
POINT (1264.9066492811503 4136.169351706292),283,60.20922268874882,133.84274654476206,2.4608849777818698
POINT (4699.536657452217 1485.7243020001622),344,82.05043881734426,167.85142024626032,2.9666503696896123
POINT (1266.2544443249149 157.51643152699887),279,53.84032132194833,131.1595336129567,3.488650296749106
POINT (3639.214737246137 4342.665211901291),238,51.751791935138016,113.96184196262519,4.287720622441785
POINT (382.06999908119366 1566.8646542096208),408,84.43417279088057,194.00039216267555,2.7317458481111925
POINT (2338.6265894147273 1179.8394742420464),417,76.88253724660268,192.4460890103292,3.232891706524708
POINT (1484.7902588054642 253.6439805211749),292,66.1143737700955,141.1602946266609,3.2666062999536685
POINT (4031.6159225345727 4233.7011889888345),264,69.68696754035928,132.39983902950303,2.958148297710755
POINT (905.6556997337977 497.24387215427754),382,88.06720448458411,187.8045779678675,3.1597722550759366
POINT (4400.152580850653 3885.4102701379384),315,83.26270930069795,158.48439527749622,3.53138810084783
POINT (644.3327686879715 3631.82092243552),343,79.25053069770378,166.90424644603434,3.2227424740462265
POINT (3731.161134305871 822.6758083006962),450,87.07944093567845,210.32093641120068,3.101406324369875
POINT (2272.4386617551254 3356.080618993673),485,93.89513441683161,226.61283566620875,3.997913755367912
POINT (1251.0778124994788 770.936465678874),422,92.67527675644892,202.70205591665405,1.9344727308793153
POINT (789.7238814983459 2712.1434942289584),449,92.85741505777405,211.38676339120096,2.4116711159438617
POINT (4676.806355604056 2891.905385650707),307,81.85091380405926,152.14373816082437,1.9166257530791984
POINT (1154.0378116881818 2924.7565323773083),469,84.48228360146578,215.34637924095773,2.2475491400625183
POINT (2875.292286896681 1267.6610862519115),442,86.5941481950828,206.51943946755796,3.443559821879318
POINT (4014.8066061478094 740.7315567683212),433,91.00479902971621,206.2281464059456,4.283822268956625
POINT (4534.536875404144 2770.421255487847),367,82.67907785181362,173.64588173434035,4.297158269759981
POINT (4253.266237967046 2584.5172463077233),419,79.73933084559694,194.64017606622977,2.726174700549868
POINT (549.0084074401872 854.608833231384),415,103.50868238269584,206.29627362167219,1.4623425008291595
POINT (2884.5034346783386 2308.5740952704873),457,85.92645300067478,211.3786609489975,3.81277960141406
POINT (4506.072075608352 2942.266833687232),359,83.24430159194223,174.0702390340551,3.4262668850088
POINT (4820.954008065073 1762.51837416007),300,70.59422491802101,145.07400448558045,2.37751313793749
POINT (827.9551858082131 1353.8390467822383),490,111.1794087825298,236.8846498984346,2.8777420361262753
POINT (3883.280993631457 878.5922370292228),472,91.41743895827246,220.50293835098387,3.4001920593601596
POINT (4398.8715803931245 2509.1598507983754),405,82.7951005646803,189.54983857149068,1.943619324745026
POINT (3410.1796634167495 2793.2707540617967),457,91.21171320154622,213.67384161055134,2.8225808874913563
POINT (877.5940358243597 2663.352656775979),468,96.5116299800936,220.47389943299194,3.2800572743489926
POINT (2750.388527077574 4310.649663584843),257,53.71215112499547,122.0583572530838,3.2044697562925886
POINT (4526.347905889538 3245.8899330409927),354,81.89870841890787,172.2157448734166,3.2188737629231836
POINT (4896.122828512896 616.2253872760843),222,66.32761952875808,115.52422847235123,4.643164020352575
POINT (2067.786983850628 1760.5836813256687),444,88.05227576604142,208.02715142694075,3.4526826359797322
POINT (148.125692661471 606.8203910029661),268,79.76119213951691,137.64369379826095,2.5055646237614253
POINT (4412.165707398367 1485.002167140434),423,109.66006954492536,208.81123481203298,2.63383534009419
POINT (2310.0545255166094 295.0375822767748),316,78.84553207742759,155.17069625737264,3.264257565283785
POINT (4123.908010813774 4022.596296998492),308,90.68087232683155,158.15406253547528,2.5193183202377196
POINT (4488.528361944683 221.7997830491098),231,67.59934262646892,119.18351517126743,3.311498086815882
POINT (2462.8879831254567 2973.07808379937),457,87.65743701465495,214.02818039418443,4.353755933982248
POINT (1925.5689088717565 3756.290879289056),397,96.92430702043201,195.94059161605654,2.617159664745784
POINT (4664.424758043268 1267.000223661502),356,81.78932254881528,173.079592296337,3.50797612849726
POINT (1936.7275747974438 4344.425731604176),233,41.65018101184066,107.83845479114235,3.6861516906383063
POINT (443.18315461384276 230.45562449397192),261,70.92891103629809,130.95887217585238,2.524552438775073
POINT (1970.2930669367915 3902.0445009251366),367,91.08436524754926,180.17966618074334,2.8269046034217147
POINT (2959.1309430498986 552.9301224669014),379,94.46712969067211,186.24820554684524,3.5575913059742525
POINT (3260.286734417278 662.5535643886743),391,84.21913345067482,187.96976427155371,1.697371903876086
POINT (2698.540304602414 2134.801800844052),441,85.53742750760014,206.4576497052049,1.8500184277708074
POINT (1373.8081438029058 3225.9926339493472),459,81.6298492223554,210.7361939372364,3.141147762338522
POINT (4894.450334641928 2020.1286278026835),276,47.90357274067822,126.22477933195665,3.6601211105127214
POINT (1350.683725719854 828.1885790074156),442,90.00807596120474,207.9199602445745,3.347080715187068
POINT (4731.354207947353 1738.3161775211424),320,79.35591936254966,157.27362511796267,3.190548241835995
POINT (3995.6410852158747 2362.5015113975223),446,79.10145700441922,204.71840961303099,3.513586926337269
POINT (3846.3115905423047 569.5547534921882),406,85.20636678771197,192.46300173115927,2.202365827372983
POINT (383.52920565628665 4269.06997548433),170,47.582248773471555,86.9197167840113,2.459746146025159
POINT (2585.770450897844 2351.123862586663),453,87.79958056913374,211.09181092414988,2.6071851564309685
POINT (1705.5007973415663 2019.7993195100855),499,93.975998679646,229.4673935241352,2.9679696635108566
POINT (198.29911848953827 3518.7248717072225),257,76.25938490502767,132.25754034531457,2.599498417184405
POINT (2748.7519909460802 3280.5464029766126),463,90.22860585195258,215.90025272531764,2.9768180560884905
POINT (879.5577110001376 3603.7837995741206),381,75.8770034332421,179.6191787831931,3.376052290122721
POINT (2798.06461553855 1541.1462751172776),446,85.00473424941191,207.15113138987368,4.370166960186661
POINT (4545.131864356849 3575.768432464166),344,79.26855748246032,166.53789389039144,2.4306998231892747
POINT (398.1491595986473 3957.318669014798),236,69.74334146874948,121.40612786655629,2.627479113171895
POINT (2284.2957464549418 3024.802503474982),480,87.63966210135581,221.76250595787806,3.9530569671458657
POINT (3739.855415959858 3773.183816056668),406,93.49770779315529,197.61201621410098,3.2660263949704853
POINT (919.8130355164999 2422.8171843743653),485,110.60175414588868,235.0698472082341,3.4717851289631594
POINT (3931.5660592041386 1099.1196442949138),481,101.97189317135846,227.70272594540882,3.6157145499401953
POINT (1301.9074721647053 1757.7504893345122),526,92.52597441366568,240.1391853308781,1.8686091218758833
POINT (1581.6137414734699 1652.7915753776092),506,80.99356797519617,228.01652164457107,3.2111875239338894
POINT (2967.1317645856093 2712.031331729455),451,86.25415326129689,209.80880725838804,1.715883959244295
POINT (2531.4765097354552 1057.2543399733904),436,82.60707055294208,202.89847685926955,2.195450109594553
POINT (3464.687481738567 2294.926681515697),444,94.80158896565277,211.18548254103956,3.5133495965471067
POINT (31.18574548273194 2253.7721130939467),257,47.094020764935316,118.40738744664053,2.473343176625007
POINT (713.4220892109466 3546.0726597878515),364,77.442692116643,174.4813295281829,2.690616430291338
POINT (2861.0614395003026 569.0452110864937),374,95.61908090818154,184.70985893227092,3.0398486531433786
POINT (4973.975102137848 1154.7086152835022),267,48.100963592541014,122.76428801997716,3.4780317311119857
POINT (539.6651136052045 937.620745715437),414,103.92946854123142,205.5065351218864,1.206712339299517
POINT (2332.51879935414 3025.68285040453),473,87.49827132160362,219.91661135804955,3.6325890278090323
POINT (1652.4277991922036 305.04338675014003),303,74.4606672139761,148.82288574695212,3.1916979219684265
POINT (1541.9228342260953 3443.8731339369924),431,87.20285489629177,202.46031621855371,2.773787999336408
POINT (4400.003387429643 2597.2867402499455),408,83.94306256299934,190.33796544614884,3.491682843212341
POINT (1349.4947642918164 3578.5128780751643),401,82.12326530791657,188.32866962004474,2.3570550811214277
POINT (1043.2466846415089 2381.583000912943),502,108.72244884145839,239.82321321737462,3.448344477142601
POINT (272.6815160637104 3440.8419091849955),278,79.71376915249347,141.51914369409485,3.7566311503713896
POINT (108.16837387499405 4301.147806388436),142,32.248974242792904,69.24832326255894,4.60795228434905
POINT (3662.263337866911 3243.562408414971),443,92.97226508815432,208.98012652733456,3.989066799497005
POINT (2217.7954383848655 1594.2809983142072),424,87.67196853646735,200.00620931750348,2.0551035655650933
POINT (4032.363371189489 1814.4674250384062),469,101.92222356297857,224.4226814974335,2.809009141842837
POINT (1268.626346268575 3706.215903675043),379,79.98567445807728,180.4280007681778,2.002474450716355
POINT (536.8505686237067 112.15193689320377),239,55.50184678970112,116.43424722875294,2.756263799118978
POINT (4897.972377755356 1274.7514067546927),290,57.14924616425262,136.87065538775954,2.219291393137713
POINT (603.74603512838 3009.9861218970636),396,76.73998969454468,186.3760091901696,2.7734379586902747
POINT (3221.4723455768267 3188.1470380343835),457,86.61120517078783,212.16647165667771,2.1058279219702927
POINT (4346.778394107403 1233.002696035402),435,102.13117646979234,212.5796564042513,1.916415841244679
POINT (2234.2240567320855 3519.836899422331),453,99.11903845034969,218.2879780728883,4.002578411054083
POINT (3217.1829039747595 328.4863603665707),338,76.38084304459784,161.90634673550852,3.7819641244014566
POINT (549.3496132881403 348.6829099904099),310,83.91457269960283,154.99386486634165,2.2119288867857905
POINT (3738.4425515392054 1065.4658367421248),470,91.64081339081623,219.26720323282186,4.567827578218774
POINT (4741.596680221937 4068.042513399682),214,52.83690026223008,106.86623432872359,4.648756908076962
POINT (4631.616045363667 824.2274295642512),340,82.35169380878547,167.02929713940347,3.2904299183851844
POINT (4452.7376438507945 2287.451698296802),380,80.26826745025845,181.40443803458763,1.9177446268058143
POINT (3148.0333890950087 3739.679007004336),419,92.89540579859772,199.86946774562284,3.09625709303996
POINT (2307.489456518899 1064.8115018703134),433,80.5929457329066,201.0528226007455,3.89435692157475
POINT (2658.0567372334835 4288.131443955017),264,57.394080422379126,126.03067640468052,4.57257117193526
POINT (1521.778718127092 440.0699054859567),337,77.03361749189145,163.7429722486101,3.6542107699258457
POINT (2884.9250888963447 165.40269103187376),284,70.2063298651831,139.56512717948695,3.2710506049826167
POINT (1593.5099175531998 138.1360684372766),258,59.55571444612197,124.24583606465839,2.328030984561744
POINT (2970.7540930657415 1582.3090927903395),459,88.38460996237801,213.17785155529322,2.649147012976955
POINT (4825.252456798741 3188.1117797165984),267,69.06313854426158,133.1061339800467,2.514640998995738
POINT (745.7782200905348 1873.0952947488727),471,114.41100561609977,232.84368624906688,2.2953659844715335
POINT (2091.2635405367637 1745.135517765316),444,87.74527570228956,207.50081092359702,3.447643364125278
POINT (574.045191464877 112.6283014337815),237,54.41864303605465,115.45164414100871,2.745587523324607
POINT (1878.2807107011463 781.4208735160365),417,79.37959886201588,192.5593236130004,2.5106048827096283
POINT (4038.6699233286527 3299.4345330242845),453,86.96947800828401,210.87870378480764,2.4700474961759102
POINT (330.4665869521367 897.8777575968636),359,94.67361344533016,180.06619154274304,2.210277965079173
POINT (4344.465190634926 905.3329047137433),413,94.16429644135984,201.5057558607307,2.817841937856811
POINT (992.3101647597018 2373.334489830812),502,112.40036325024633,242.05393038746416,4.275225341554004
POINT (2146.555572065704 3385.1865602817575),470,97.88714854651663,223.49964014128713,3.8012041770490796
POINT (372.3036509876076 4237.43506989294),183,50.76337503962647,92.73273137863767,1.8823743092336254
POINT (163.2212604111611 513.4409433265226),252,76.3833677501071,131.09870578822193,2.260856299742187
POINT (3783.4731355463377 275.39545460869687),319,70.43385882558053,152.8456048295806,3.6423997912339416
POINT (3358.5160150060833 2327.3854504585884),457,93.28631434127648,214.8432590198735,3.7790960273006053
POINT (633.1312901654103 1899.2376476131835),457,110.04634454402084,223.70070831107174,4.046551826408742
POINT (1092.390994103821 4127.144433341299),269,60.122389669194284,129.14274618255098,2.1033602083589735
POINT (3480.4051706286014 3796.184104066914),414,85.21543480660887,197.29055520221428,3.4963310815260655
POINT (1483.2850896409088 4320.56930494747),229,40.237701359694256,105.17609508626477,4.111114818447596
POINT (4307.313319308083 1596.97564107779),433,112.54501803596717,215.55593261228688,3.424829548919406
POINT (3810.6502432474917 4293.801872855903),258,62.39637367468043,125.9887961595376,3.3295675316776427
POINT (4235.2361835858865 1566.1369814909535),448,113.43808439184389,221.41433165180146,3.8847825686720965
POINT (2491.02498782607 1540.4577556385982),432,86.96287862691503,202.3808645845421,1.82059187377995
POINT (2187.183540148447 1317.0588394970705),419,86.39162357077727,196.48435245376373,2.2752206742955323
POINT (2357.9307655616403 1703.990610860159),420,87.80568549174853,199.0485696830965,4.508950259433962
POINT (1483.4336374001246 2285.45270147402),496,106.50723446351732,235.62990796693904,3.419128510041762
POINT (4710.668181616769 2368.2588141991746),323,63.26851842500168,151.70022552153077,2.5958866846473097
POINT (2933.8384555066227 4345.658494152069),247,49.77313098837679,116.45340224209046,3.1343428605231214
POINT (3340.195805191169 3519.1681577318805),450,86.09289778013004,208.83704611516276,3.0802207937575905
POINT (3035.5277928301175 1758.4813975835814),450,89.15361719599218,210.85008297544795,3.6600217713183176
POINT (1626.8774182881998 1156.9062994552396),458,83.56692176548331,210.99295824878735,3.240483872732003
POINT (3303.0082983722396 1951.5601306612025),454,96.550085566281,215.1532380227659,2.189504293690883
POINT (2364.1599502616255 588.0374817969894),379,79.54720965802889,180.7424551385103,2.2139788890038274
POINT (4073.9725710448874 1027.3521839737693),461,100.28007005102339,220.51350099942195,4.523281444169953
POINT (3894.3733419717983 2628.881387972599),432,77.80356822321738,199.59785041468723,1.8766727240236873
POINT (860.6672230267063 4235.906170164361),219,51.44828607098548,106.69491203283978,2.744917416617807
POINT (1484.227868407398 259.6192293212311),297,66.92708697747345,142.95955874994053,3.2664314741497775
POINT (904.2449971492172 4014.980339797571),291,65.34097918632573,140.07529756733211,2.0445836019081494
POINT (2870.1451192787376 545.8107092489365),380,95.34329334759097,186.19860825700422,3.5739990403494675
POINT (2155.0208909610674 3849.581220888474),390,101.27251567313871,193.0580998159055,2.594841717665385
POINT (417.49709108290597 4018.0364354271483),230,66.83348547432932,117.51212171684915,2.597038004661776
POINT (3812.8153949620187 1927.8744761351666),486,90.24790093501328,225.006294853717,0.8978826235166325
POINT (3159.1113318660123 4125.557651696772),316,72.59059247578597,154.13400318977094,3.326954006448843
POINT (3517.434088032899 2925.0199103214873),447,90.62344322670626,209.5390436296904,1.784496710888096
POINT (1870.6081320534327 3319.5605885558425),468,100.16214055451489,221.6279182179836,2.6969734167278117
POINT (80.6860578163136 188.24694291362434),182,47.53241973635386,91.37930500703062,3.5733230300054553
POINT (2771.771846322271 3541.8231711942894),442,89.67954763231249,208.52051510456377,2.570262723298587
POINT (2132.071932376688 2848.920631663386),472,92.89308360212772,220.2692187129975,2.3786877322003623
POINT (5006.12230345845 3754.3762774979214),195,43.81372889055676,94.67007624224577,2.7346864210418835
POINT (3647.7099954455143 3904.158273024485),393,88.51339939755158,189.6008684535168,3.440000246766232
POINT (1912.746304407521 876.8423383874415),411,79.25304567555432,191.25500591110608,2.202089248481016
POINT (4233.647495793911 177.02522029815222),278,68.12014216029817,136.81832782526322,3.597505519939231
POINT (4510.183624633247 2025.645873094379),377,89.07973329622834,183.45779918865458,3.014509210355561
POINT (1125.8398807635695 2915.1440143354566),468,83.83835846432598,214.4097864434912,2.2435274203717377
POINT (4237.196610707024 14.644189610976587),221,48.628842720625315,105.3083557244773,2.40200745484795
POINT (3944.5228603436453 659.4629543749206),415,88.18974215195844,197.98097673880454,1.139552002761415
POINT (3795.5031856844494 1796.2127026808412),482,94.3062839834605,227.02991005339808,4.041359392406209
POINT (4727.11884420517 1287.2860568846422),334,76.08586814216578,162.64645355630472,3.785587717013833
POINT (2424.06642301874 2276.3631495221885),467,88.60086811294681,216.805865424361,1.7714350942656538
POINT (3409.544802728196 2104.887963773535),458,95.81519408357472,215.8192284344749,3.264301009464175
POINT (2473.6511241114035 478.58534951889607),350,83.80121143146225,172.97480758281554,2.469576107995325
POINT (2087.3864782357737 3580.7832973353297),435,99.65309640202793,212.58953534872103,3.931886958643023
POINT (288.9978979133208 167.40397255451896),219,59.781383967408516,109.74248308776522,2.6627207386737
POINT (3464.438780946803 425.89185474572116),367,73.77754441801602,173.4185366325526,2.5245108315927136
POINT (2446.995792743699 1043.1485794789144),447,80.61629317203531,205.60416525723042,3.782240327129709
POINT (4619.901378559492 174.60380398160518),205,56.29959287911645,104.12134768262786,3.0961268133411366
POINT (1263.2900418280374 3240.119012800814),468,83.00067743440637,212.4314160166338,3.0940450826934507
POINT (3180.1171722594668 1539.8279029059076),455,87.84732822161274,211.22561649132615,3.1689648359977114
POINT (2254.3596961856347 4037.6110417079412),340,86.18120993372668,167.69414195416482,3.289099464286826
POINT (1548.488341400569 773.6182089312242),404,82.52052331888704,190.96316773536054,3.430841939112865
POINT (1791.7599375435975 2751.6640294508106),494,98.66810879054647,231.60218723993074,2.3212828102915117
POINT (2946.112217423211 3443.3051715692586),440,86.90053989101739,206.4418812317199,3.5069570554074465
POINT (4893.58830576444 3441.950377563264),243,60.98608726630007,121.03336412577417,4.188547719219895
POINT (3919.789438710812 2859.867993331345),450,85.14228573470237,207.9430298279065,1.617770206918411
POINT (2080.6487282598555 2858.693421842641),491,96.71485752074928,228.357376405136,1.1736599821419054
POINT (3903.1924868452356 1563.5610942322548),474,101.1532787687018,226.80086852112115,2.6824947195134476
POINT (991.5786935170486 4053.5049107322684),278,62.26129714830824,133.79917806281438,1.7623893646561348
POINT (770.3978390967927 3867.1149750890895),315,71.46313493318993,153.51702206999877,3.8843071621806047
POINT (3785.950666687799 1152.2435113423842),470,96.72320890384592,221.15476133896905,1.8523243863546894
POINT (2639.2231581050582 2514.4037325450854),476,88.73399346509659,217.8950392746321,3.233135313194492
POINT (2804.031268451761 785.3611144738509),407,91.56649505325636,194.44500783963235,3.170389343765609
POINT (1210.4675085611145 2273.4427001988633),512,112.63197409867915,245.73740568439976,3.9819071261735237
POINT (1227.5580876463166 2323.543289451105),508,108.46447797599885,241.4824477198241,3.4966940460161147
POINT (4364.039681483378 1227.359197752968),428,99.13561979173058,208.28098832794083,1.9074208051188286
POINT (3262.3904576806963 2148.0019072475156),435,90.3768398434364,206.25519739086337,3.1427858105925335
POINT (2087.9976744131277 1112.506220970301),439,81.6551210519597,201.45160916199276,4.478766149886757
POINT (663.1155452249538 2443.979306954408),436,107.53312497627397,214.55481133509912,4.319601590899773
POINT (2308.87544138612 3325.816378357587),491,93.32727444023305,228.0619147615614,3.852763791681211
POINT (3299.002981007965 88.55785350869584),275,53.700546670285306,127.21240978577741,3.509401959184184
POINT (31.087618703092822 3852.625310480493),179,52.528755829219,91.89912693364485,3.9370239624498042
POINT (1962.7027656428263 440.1392037498487),349,79.91592114410423,168.4525815955052,2.743520180209577
POINT (4106.332455719611 2641.0275441692716),431,77.53744888059902,199.37547281300292,2.6225617382835575
POINT (3723.874986371161 3902.1060196932067),393,91.09898825978755,190.15921430839126,2.7048119547506877
POINT (1852.4703563268079 2857.6947611250675),487,97.57481223986855,229.08075312689863,1.7122287548162012
POINT (2639.6000777251547 198.96337937424266),292,69.43898414152618,142.04317769336868,3.9702661410781905
POINT (2915.6616911816636 4260.785783720084),279,60.49099046386337,133.59964928906345,4.642638458494323
POINT (4368.539928901456 1483.076169087532),435,109.53890265181637,212.92902333976065,2.4857906831773953
POINT (4840.870095418045 1519.597710203011),298,66.09651066853014,143.78277049583858,4.117205118937589
POINT (1922.271108488181 3642.424962773484),423,100.05363918201996,207.31102871216984,2.378328665467243
POINT (4381.8353216679025 2032.997228891404),402,91.84156995323808,194.62026924382948,3.459597544871926
POINT (1927.5057011498882 1365.0395550670369),453,82.71234509474202,206.97390335124248,3.786069495785269
POINT (161.869471066919 1833.0644311039596),308,63.76366948998848,146.00891043916232,3.003615827804477
POINT (552.872239589867 3916.992440029073),272,69.26359896504084,135.2472155425998,2.4904744241096743
POINT (4253.494766980113 2253.223177763832),426,83.99964162415574,200.04564156749808,4.324851022318219
POINT (285.938727762885 1761.5074904366738),371,79.8105583468667,176.8939664553273,2.615795911803291
POINT (968.2190624426956 933.5958289476484),478,108.46559003663674,230.36362190044053,4.329708194599515
POINT (1539.6918366219563 1775.727895651559),500,84.45301719754508,227.53763345587527,2.3362775467729175
POINT (414.0975302733095 3244.712628813557),333,77.30870571826647,160.8408874013346,2.598955429035332
POINT (823.542244251534 3431.48630406228),394,76.59141187882736,186.52518544748432,4.005233663153501
POINT (3571.550714140741 4254.482327471195),276,64.26621174285299,133.16931638818582,3.3162704316375473
POINT (1721.1533100502395 111.258066300069),247,57.80800081410574,118.8065871090802,2.9106660743734567
POINT (4342.138221438762 1074.816562328217),432,98.34001621339155,210.13595361770803,2.642659835857479
POINT (1906.4165652775694 95.75344605813787),240,57.85091452292607,116.36821083225794,1.8223518797192138
POINT (4927.029184857791 2916.4613171856263),231,60.84987900967525,114.97130874701213,2.992673664725426
POINT (4395.654125494532 3171.2782911271343),377,83.27515474200304,182.3342954914836,3.6322570869591138
POINT (4730.879958714868 1083.9690382923252),343,70.73648485499113,164.05614733391263,3.175874199679021
POINT (2168.0764882716107 109.7503947851835),259,60.44068760911291,125.55873026324079,3.608583795881581
POINT (1103.8008909824948 2057.91700207881),509,108.28682650523518,243.26562859344855,2.3240214284850707
POINT (2653.1541692093147 1812.6620169725331),439,87.07706636871377,205.99036684405388,2.9642839295222387
POINT (493.57722066142446 36.08752469804719),205,47.71858526547626,100.67710953919963,3.7536632524620814
POINT (4436.149089432096 3578.302111382772),370,83.1787061558485,178.894944962245,2.7136553634940146
POINT (4744.475037095566 3632.9441048295057),280,68.21192306455686,138.16751458173306,3.780252745648657
POINT (2087.6419780974356 3374.6769752518853),469,99.39439656340882,223.55577408897645,3.8258943816413415
POINT (86.39094994935702 1594.794376809759),298,48.206349930552946,135.12252879786917,1.2091322367675237
POINT (4037.1643784949724 2310.288762000824),459,80.50710885255857,209.7934861092957,3.8250411577644217
POINT (1011.9252646351167 496.8269232827406),394,88.74721189775936,191.0189792117628,1.8857196526740698
POINT (2933.51416229582 2310.0030004844753),439,85.60277442137661,205.96316044095738,2.468339769686906
POINT (1925.3230087686395 2650.2004399125417),487,98.21623275118422,228.1536600947591,2.903942240784408
POINT (2177.828252789283 934.1091754956088),424,78.38809370840617,198.01652943029,2.8664898566336205
POINT (1969.9370446199207 3461.1346526484367),448,99.83664825582318,216.79783057228875,4.433137104800686
POINT (4128.030355435661 3147.4057002597474),437,85.0881497480494,204.7774791395155,3.585198991748357
POINT (2929.1425464544304 2859.4987356257107),460,87.81256558044832,213.3867302846843,2.8214723039522007
POINT (4376.265407710819 2477.426578932155),406,81.31885338514594,189.69462471330974,2.013561630839072
POINT (3991.253256820039 2087.7388110648358),472,87.64354892089958,217.79759270211397,3.151954732197395
POINT (3626.995965482465 3060.5976912596884),458,91.56238176327744,213.07897719080364,2.943746175937348
POINT (2122.830259006866 3079.589858928081),480,94.74955263328359,224.12670682922501,3.629350414662831
POINT (1531.0151679150908 2258.0325651650433),495,104.90989982632748,234.6083097527399,3.2601235767648076
POINT (3329.7225081308943 4288.62178203781),280,53.79213003153804,129.70262654659774,1.945254714530771
POINT (4991.328354489409 2581.9527977593284),225,42.121793676716614,104.49106858104277,2.7559678541264003
POINT (1097.0801773525995 3126.4523400781372),456,79.88124386143488,206.49322323314334,2.6319924206131797
POINT (4398.766220747099 2504.7426775131325),404,82.7499431648367,189.38550092547518,1.851514323118785
POINT (3684.0972494094117 1780.1557880345608),480,94.08464714430643,225.73172708485265,4.119643969668898
POINT (4952.345565758353 1968.4451373627153),249,43.0543059492832,113.43342722385884,3.397249481907596
POINT (3794.669800518298 4193.448666133145),294,73.3584016699387,144.95795633474384,3.5802159748761824
POINT (3925.658562794384 2090.1659914063302),473,85.32444038224516,217.07559331749022,3.058538520486681
POINT (332.8419708766067 3777.287499035848),246,76.06537466408793,129.42377117317696,3.822490201889895
POINT (2640.8068989652834 1063.51819628475),435,83.6863569138259,202.80158307458487,2.2626174744689074
POINT (1649.5256219264024 2627.734425055733),491,105.32787750659904,233.50572725052618,2.90372881429996
POINT (712.9576921861408 3636.950067248404),363,78.44378699462513,173.23814220598558,3.1807602412336013
POINT (472.97837956912605 4127.488434478044),217,60.52881772592671,109.15548138474081,1.3494803495286611
POINT (1098.3507019981548 395.70047601565807),351,77.35640801169221,168.82502232614425,2.7557217466045048
POINT (1242.4655861331983 2918.0051010703),471,83.47975829984351,216.28950234444096,2.6288616185408804
POINT (4757.082841673605 1595.0394318060223),321,77.2996419782688,157.4877221567235,2.993239392810839
POINT (3077.4896343416494 2179.464593955828),460,88.37184199143474,213.41631943661568,3.702055294099988
POINT (1391.9165002132713 2088.271245698164),503,102.60147899789432,237.3510085311438,3.490160548413864
POINT (4453.8346527406575 3271.077661452296),363,82.28912348302775,176.22127906804596,2.595883388213116
POINT (3831.5850830349073 2806.1945829349083),456,86.80798207822787,210.9643187537198,2.034260214818319
POINT (2366.429450148768 3771.145492294532),394,101.06709152391633,196.7761851134655,2.8007022079318986
POINT (291.1219140989077 1541.956273429131),364,73.67334849125194,173.58126302405924,3.5389403354291655
POINT (1596.6584433938867 1946.406511334749),494,91.35127084245408,227.6139674840822,3.436376271053362
POINT (2050.5113088221674 3297.5025358990106),477,98.65547163437677,225.096128988107,2.8103731850042886
POINT (4763.448025239371 495.2180404736797),246,72.9301499488289,126.1552274999203,2.0513996775422467
POINT (4705.361938743315 2423.0007055633573),318,64.35646206410252,150.2032371205348,3.1241964333151926
POINT (1264.6200476258416 4141.902084967626),281,59.483460173430174,132.92685354456376,2.4584027458952993
POINT (3410.6643508501384 1452.694366186905),490,91.23346200387812,225.65194672506686,4.198036101163628
POINT (1797.6157947995093 3795.323738848892),394,89.14628116867254,191.46287876019494,2.586360578833767
POINT (341.62578953089854 2696.298530092482),357,75.36944199503147,170.1492913741033,3.4305761508017656
POINT (3821.6206136887677 272.8313474307895),307,72.38064704545572,150.0007713011121,3.730823503104412
POINT (1913.975636410771 3685.72058924064),415,98.9245582708741,203.83144304381509,2.6201407201593123
POINT (327.58228474277024 1251.5365957722943),383,89.51995668840073,186.6146049588105,4.065605944375033
POINT (82.50779627879153 3631.7427513877715),213,64.02653715050245,109.79527779975051,2.8793865421325586
POINT (3.639596003392811 2404.493797032321),248,42.301048744323545,112.36658435763684,2.723444378147476
POINT (3247.136166909047 2014.1323076688864),451,94.52627644459574,213.5530488147159,3.334131981446214
POINT (107.8940198521356 894.81298807843),278,71.2117047711529,138.76756196235368,4.024333567149125
POINT (1015.6491236517772 3626.7216036522655),385,76.66078824385613,181.08306419305362,3.278513398265104
POINT (3465.1182488294294 4137.796339938704),325,72.78572205345068,154.30130467046396,2.931537743720417
POINT (879.5218591036909 1516.4362212123524),506,110.19588386031735,241.02582942674044,3.6153738159728506
POINT (1042.6285235729883 1493.1516529561447),502,103.2921109912065,237.00721883999233,4.980085550700888
POINT (4731.090734356992 2617.2273474724348),296,68.80735728217357,143.3095714168122,4.2327375268751455
POINT (1287.3677533523935 2143.0822812612078),514,107.09783318538109,243.2903655214618,4.567998135641058
POINT (551.4012910120512 633.9562051168059),363,95.79726796690738,184.33730573687762,2.765015666291232
POINT (4344.690941357237 26.320153234564174),213,47.8380579028371,102.51254643146487,3.600046020702525
POINT (615.6860174981118 2032.077585019106),451,116.06886593892168,223.0938822452004,2.8410915622898174
POINT (2476.088194116998 4110.872343233774),313,79.42894105842291,155.3507218000209,2.938801695513881
POINT (1322.6389612633043 1339.6193814971355),487,90.51284972975155,225.57200266696518,2.731196983466846
POINT (715.3716133556643 1452.956719994814),469,109.61792418366936,227.693371974933,3.2465476967729363
POINT (219.4913483240982 1777.2576356528411),332,71.48188278935122,158.80177406734367,2.732054330988798
POINT (2803.0844441928134 2444.8725264038358),457,85.36398913600483,211.09571456993228,2.168650385617579
POINT (52.464780769359514 1989.7146190454093),264,45.982669094365676,121.03401133533154,2.131066958949236
POINT (110.60737238242278 3094.7655813058605),259,62.32233661278566,126.23259672782483,2.3965949698685356
POINT (2034.1389684646867 4329.784143106984),240,45.17452904347987,112.63081828600008,3.926205447862658
POINT (1371.6225101177638 1582.8597463357244),520,84.78155967809168,234.53472021358826,4.055958519560754
POINT (4895.776218574411 632.7136305831707),224,66.13816702810355,116.44538710828655,3.9024314461869523
POINT (1187.685663810137 1759.9486940233237),527,100.10159036263434,244.38814528086414,2.4845750917083573
POINT (1868.0869470105092 1995.1914358006084),481,90.14459740930943,222.42085227732028,2.516483528251924
POINT (3798.296046006272 2839.0246855799555),460,86.47405852575278,212.1201152300373,2.6423759849538553
POINT (4123.383578882339 1673.4064869940178),460,112.71739859270163,225.75343467667776,2.5314723663010628
POINT (4012.728375215542 3892.2718882683266),356,95.33953883739626,177.92487073146077,2.8500504482362548
POINT (2036.0617446396598 2099.8940158951627),468,89.87103436053374,218.65817480655627,2.6972412787584066
POINT (4135.997457498263 3685.043795274161),386,94.83732058859145,191.48889103296327,3.5728194551879486
POINT (4388.725604444734 331.6740126353298),280,80.66017044823093,144.53401176641916,3.8009494266227635
POINT (1080.3779734595428 109.26473971875652),271,48.57404257943393,124.69640893788281,2.556629839575808
POINT (3631.448178675736 1238.1269645265238),477,91.54717529100063,221.6997707892743,2.546365354648686
POINT (3357.433575188747 1672.5869150493613),464,95.7723330724188,218.63985261089056,3.4617821954687695
POINT (4298.006406494188 1373.4093146753487),440,109.84459471314972,217.07726974952593,1.9035845083731149
POINT (3466.711646577796 3548.499559614022),435,87.94872721317331,206.38794173888635,2.8013748805188277
POINT (3466.456507299828 1734.7046003877906),460,94.44066836597318,217.62007244571353,3.9504832122579936
POINT (2680.323276130297 496.2023046668365),344,88.02993202878822,172.00000482848046,2.6634059342306844
POINT (4677.454329512678 1785.2746943135087),342,82.6533861402969,166.59653348947165,3.6844926664195703
POINT (328.51696827748987 2134.6925840126582),364,89.64678110515672,177.56689659833,3.1702505960716176
POINT (2676.6808331549414 1962.1231604202846),432,84.81701531419318,202.66726248362082,1.9765958248856967
POINT (2363.2087442221555 676.2805747173124),403,78.05986431127565,189.16380428778365,4.37924696384625
POINT (4643.726386858479 1538.4846852125786),347,88.89590865564661,172.6271267285708,3.267351873607682
POINT (1152.8120198897564 3760.018629805642),351,75.8309604637998,168.49539021306018,3.9984825618919304
POINT (1728.1859033864453 883.5430587728019),428,82.04601172121323,198.68467672383292,3.7367864604636445
POINT (2838.588010007473 1207.6841153353303),443,85.62933279228447,206.46418226138385,3.406614392088135
POINT (106.97246216253092 669.9388049228113),264,75.28726122924154,133.1370136595456,2.9503131920976324
POINT (521.5679137761703 1708.1142366731908),445,101.9426134495413,215.1860597914427,2.0174339554217826
POINT (1677.9457541901215 3247.6629777011176),457,90.78850451582572,214.45352613099502,1.4902078201912061
POINT (4883.355748556753 3682.3859903204257),239,57.12786139506305,117.76332454981566,2.7352551347196954
POINT (3791.6218725846597 3310.2744315276377),446,90.4587327620829,209.05633421839843,2.671026555660474
POINT (2547.5852037777727 1763.090630106881),444,90.12173780648764,207.979492006549,2.8157040711256105
POINT (443.97635076345273 1548.046304634373),421,92.39141808543259,203.0007454338701,3.988397781211808
POINT (4994.685869557535 442.6405354743385),180,49.92349991256245,90.91065163117618,2.3830523080643418
POINT (2251.2257716858912 1787.3055310423279),444,87.8654959526334,207.58072668646747,3.157582090321602
POINT (4468.359601788857 3849.2453972863586),315,81.18229336890589,157.21376958990504,4.538849929467581
POINT (2048.6524628877996 219.7953683107596),287,71.18009626418353,140.5767860860464,2.4730430194254445
POINT (4992.52006589758 1983.7439674599275),232,37.573325295885354,104.7662236035937,3.2730814936340513
POINT (1947.3475815818829 53.64444824051044),227,53.96144296189631,109.65795111351295,1.9984956328249504
POINT (740.3432006546509 382.47712749420754),339,82.70951564799455,166.90616608902153,1.9614950646775344
POINT (3290.262538041215 3132.524859285719),445,89.58793299112094,208.93893408122207,3.0786383298156017
POINT (2146.9242955209174 3288.742164872695),477,97.45691853568924,225.17854951940168,3.2501162200273312
POINT (4305.812388387217 1485.9223234938283),445,109.56189260584725,217.39475950114715,2.488802438178409
POINT (791.6329326766072 767.0979759181309),434,106.96719789426969,214.65350238045903,3.519761532055444
POINT (4539.590505627505 1705.4543914495678),373,97.21845875159825,186.427808000032,4.164363076920358
POINT (2760.4076515499896 1324.1713374159083),440,83.30777074812782,205.14271047253737,2.0836925764795895
POINT (56.72926634801026 1229.9204768905843),291,57.10558816859432,134.8846546354653,4.535860272708893
POINT (1997.4006754593427 1376.182731396709),425,81.38568510757128,197.01851928141906,3.648255599810841
POINT (2943.189210218064 3245.492080010672),480,89.39695370379349,220.59135558093058,3.8484931230223016
POINT (2343.115955745415 3026.0707920315153),469,87.48318220013546,218.72062097964942,3.4877563652142394
POINT (4549.401588424338 2476.337892199829),350,75.65606274401502,167.28854812807262,3.038837745008849
POINT (2144.7411568285147 782.7328240477483),411,75.8137039155077,192.59868275090292,3.1492009886255934
POINT (3860.3369664093584 2251.5705533686305),453,84.50862366245126,208.987911692985,2.530944446861037
POINT (2968.4641993361442 973.1827411963454),438,91.48056563666616,207.42130020770117,3.104145739990306
POINT (960.7239664977244 934.7132781122292),479,108.72401497340734,230.66914755578918,4.329284345821959
POINT (993.0309261648734 2219.6344038949605),504,117.44892375309642,245.55892346215185,4.109289764198708
POINT (3688.5957946716867 4051.6512199165036),347,82.42674892622128,168.45783941918188,3.048368602561725
POINT (4861.958210465338 4236.735609428974),176,34.47420743302965,81.94156325233429,2.7524641809196675
POINT (1706.1111528396518 4106.642832827403),306,64.97494778145669,145.4494565343171,3.5761251000731256
POINT (1304.2872465042965 2623.078492611356),496,97.89721073741768,232.63652423271708,4.076890773640956
POINT (4785.693919166383 740.7058184982787),283,74.6541407467991,141.20788791527087,3.3503355715943757
POINT (4151.398673111286 386.9191631152776),330,88.20423791214601,165.08955207868357,2.6742849448246377
POINT (2229.873357878727 4236.007150989037),278,62.688027743779955,134.59974084626884,2.2061779524516028
POINT (3345.502181493038 4073.133749373874),339,76.40937446969104,162.61404001894354,3.1649506722263006
POINT (4751.352692428732 4092.8388437073904),212,49.06617556228058,103.87225964619732,4.492309689585636
POINT (1731.6622655935541 717.5296770758363),396,81.42129477071002,187.06031425320788,3.53150308711485
POINT (3332.1338924376214 936.7528460176006),456,87.73234196705468,211.4630798194138,2.475562620504021
POINT (2173.767594844523 4344.369658543449),241,46.42377802052031,112.48438868059432,2.1396153337723383
POINT (1026.354202584099 822.2645638306637),454,102.72929922788205,219.26600912381886,4.20437677389183
POINT (4231.17500894772 2173.250088432499),425,87.82699074891386,201.83200190954312,4.074759269808491
POINT (4807.62224986022 2694.169619548305),254,65.9210964028088,126.76201917657271,3.118459353283298
POINT (218.92637827614016 150.1837793052534),202,54.2972461983365,100.57790757551255,2.5913610430015823
POINT (4998.060904941565 2912.000111716097),202,51.66873376805389,100.85735100962432,2.8791612553483112
POINT (622.1656071557046 1044.143325119997),447,106.45486522311327,218.75253927712913,3.3540312402074366
POINT (313.39632179314793 2749.08404676685),349,71.71259171510158,164.83295117983764,3.4104668391368524
POINT (4057.9190951290007 1101.3771443772496),469,103.05501840166177,224.49141282043286,4.37240265106848
POINT (3392.830013217033 991.3678858847753),467,88.82899277765519,216.92487028592473,3.265549840236941
POINT (4546.815615966218 1082.8316985805382),376,83.25206832815411,183.47471295241337,3.159142386901445
POINT (2529.773326583646 3158.893051412589),478,86.30629579937498,221.53129464522434,2.645150627457474
POINT (3550.488486300749 1818.1353743635123),466,94.69620831712564,219.66448844591787,3.851841670205174
POINT (3078.9106438361364 1802.1042425724247),460,89.50202673574564,214.18966041612035,3.6875574402328506
POINT (4398.783244095416 2505.4563765643948),403,82.75524782662816,189.146240343042,1.942691268346334
POINT (1552.0548065408125 1275.2381082684046),470,82.85231680369193,215.6098623494482,1.7752972599003254
POINT (4271.138983313956 1595.4692775549556),445,114.79473932067265,221.12337410299386,3.331302813056217
POINT (3133.707196504872 1007.8695609605511),442,90.39986592571506,207.42281764562406,2.6240365087080173
POINT (4124.87008160382 2463.6943741496043),429,78.32443460732227,199.3564155514752,3.1744952260999164
POINT (365.08297864420757 3464.400973169395),298,82.60588775781873,150.44654548216317,3.0996925348489013
POINT (473.9291525750718 4291.87974933327),177,46.379296278022025,88.54784403003137,4.553925174717358
POINT (4289.512410189017 79.83378789981823),237,56.07041658568812,115.52138021934627,3.768917153486636
POINT (2408.3287148489208 2036.327426982123),458,88.04969556466463,211.79220107776067,2.6588591926262546
POINT (45.59022510071059 1538.6815748027452),285,42.616919866705814,126.91735467963835,4.119486143478904
POINT (4758.946702097735 1536.8429270561423),329,77.37349504420796,160.13224020901683,4.3955932652602305
POINT (3937.085446202972 1432.8888288295866),459,105.32922428514402,222.6688716398418,2.3537606153488158
POINT (1317.7059901984935 3548.1712674264422),408,81.42731892276723,190.50626491271473,3.193715495339473
POINT (5002.847220973147 1952.1484000106561),227,36.93038526934743,102.01439805346703,3.0386446472367683
POINT (2214.2646976120623 3023.3294442438696),490,91.7785501807869,226.47562221730507,2.9878483683737387
POINT (18.52996334727874 1206.7933449776265),269,52.05886855186132,124.44535090233498,4.376297809304124
POINT (2113.193533599732 1761.6902660483568),453,87.23818801663886,209.84423508413826,3.4802577206489027
POINT (3825.7892792111397 1648.6421353047972),472,97.06030133436573,225.51499829193986,2.405262218936403
POINT (954.7284044776342 1484.463772915006),519,106.64004823498132,242.97271394057336,3.3984857140583156
POINT (2361.3043981082837 3277.1757928395127),495,91.77431182387157,229.55657508770295,3.8350389776206617
POINT (4487.841951343327 3523.0370936721874),362,79.06876221347434,173.71031657815973,2.8628283723635977
POINT (1876.0126413830624 2966.6660495319115),471,97.05235580123677,223.22765926191246,3.5374949230779325
POINT (4457.129006548189 2546.7343511324466),392,82.51159116665114,184.14531501503458,3.1486347415703975
POINT (75.35477347884282 2093.0668886900585),272,50.99764405482173,126.43736456287955,2.801334152053076
POINT (2914.079795207027 4209.395635451137),303,66.39697418530683,144.81937975343817,3.196954268008754
POINT (2394.7496370462504 305.6550528261691),311,76.90894724604422,152.9815058666425,3.6477626584746066
POINT (2968.543946274781 1413.3885571587232),449,87.61637812840715,209.20705976482338,2.461568440908302
POINT (680.3476647475989 1538.9127912558074),468,109.29523979371412,226.461429934033,3.2730787328658257
POINT (4970.267688468255 1432.229409449541),268,47.889819978676705,123.89875041825155,2.8875090056823334
POINT (1705.6349493849596 2736.5057348004807),502,99.51203926773968,234.36288525061894,2.0486859996770983
POINT (3672.188950037254 2146.9654065724458),459,92.56408468121904,215.37251516016957,3.2798567365727496
POINT (1096.6495452709314 2390.4074206207497),518,109.13661244776092,245.4008605274102,1.4141303256843558
POINT (2119.3978811504007 436.93593135662354),352,82.99345131823631,170.0021723400536,1.7956727226194746
POINT (1611.3354854509992 3096.462562097444),468,87.793829100914,218.31710357825307,1.8623766435142675
POINT (1816.2490028675363 3097.447332309171),470,95.41870461081828,220.46375670766574,3.1739935524351037
POINT (3906.3561170101448 2847.119860334974),451,84.23291745027825,207.73796593844597,1.614565653951412
POINT (3630.0471705435675 2607.9115069755853),461,89.99061870745086,213.77387067096274,2.7282910958724287
POINT (2915.351936471648 2513.390709882775),445,84.09561000294896,208.01705880272792,4.290573779732252
POINT (1981.287080547781 2400.666254953062),470,94.73997403525051,221.39222451515988,3.153414745322435
POINT (1651.5446826589066 3691.67520914275),404,88.77051844916852,193.1556179751765,2.9458354165180065
POINT (1845.712620150376 3962.4141010730204),352,81.10538673150647,170.77012715402594,4.386016266421857
POINT (3972.9927403037727 4180.273751076611),287,76.47801466947857,144.76490240082518,4.4278764788402425
POINT (880.724129402562 313.50733076674686),338,72.59754876532443,161.73584026612866,2.9139203364056403
POINT (5002.633880320429 1021.3568676171994),248,47.69702504894872,115.10752593080694,2.823526671600564
POINT (1268.2977439463355 3653.886441591635),389,80.22812778794984,183.9699629617437,1.6306383417473713
POINT (3409.557450987042 2999.307135540719),438,93.01808827514182,207.35739487098905,1.9307126162588464
POINT (4014.8495112849964 2383.136935299916),448,78.94267528345392,205.71820876344037,2.476617655264002
POINT (2145.0405618498326 1892.256746178373),456,88.82268927977503,212.68270119144995,2.4259472738079033
POINT (2749.549251812495 356.07751668933173),323,83.86052622998469,160.6248871426106,2.0167886679900375
POINT (1178.449629196517 1651.3950933906501),516,94.56577218848665,238.00234464217363,3.4841984612939894
POINT (3984.0852598651813 3079.1737149643905),466,84.7874926971174,213.60915874200865,2.033025035062508
POINT (128.63395715830708 106.32125799329363),176,44.23207084379972,86.46917872262871,3.098987615414166
POINT (1432.1853322017012 3267.5854229287447),443,81.91210238154147,206.09872208819263,1.3684806335618935
POINT (1552.1125906378588 384.4617663470441),320,74.74388777053093,155.9990190637515,3.080867774838297
POINT (1116.827296641048 661.0613114574294),430,94.96166829454012,205.77242897720737,3.801708673773772
POINT (1597.8317212207692 684.5863015891777),398,82.83111641570206,188.70815425810827,2.439142508549648
POINT (2681.65929309307 431.90643645525387),326,85.19603752101744,164.09742861986328,2.408000471625189
POINT (4593.472758131693 660.8815221657934),326,83.58260664242934,161.36065842867316,2.2386808327334777
POINT (3941.1844951506237 880.0291445127675),468,92.17971002097806,219.26577999225233,3.1358285676845306
POINT (715.1207649056014 313.1779676961475),322,77.37022235907745,157.31082096785508,2.547610721715777
POINT (660.3261850565132 3587.141731797724),357,77.61108254628522,171.14726371760548,2.7256626749162454
POINT (2736.1415895716427 2.075649202458571),230,47.007426502551326,109.280866307232,1.771157036015285
POINT (3217.902126091701 2526.1715249103213),440,89.5587474486598,207.21771185759977,2.199785140543044
POINT (1063.439897968078 53.20539492581741),246,42.36916404013777,112.27249341075647,2.546226231984064
POINT (1949.6686156148576 2749.174436853881),490,95.80221175159478,227.25859094049122,3.446633039007243
POINT (2603.281855400936 930.8547915812252),437,85.45875936945038,202.7411496539754,1.7688669684359903
POINT (2856.2409958149337 3670.315233699538),412,92.3754199399136,199.56554310269644,4.5722342338801205
POINT (1768.3994655628892 278.10157791780597),297,72.2119876814031,145.18589569762946,2.1844382192019554
POINT (1704.4332240485446 3031.9288926045156),474,91.88865657217688,221.8456590208,4.215511970861062
POINT (880.2353040090766 4041.1142112104285),278,64.11961289639959,134.98119602554647,2.239970115449727
POINT (625.0319598373474 1890.7737510953496),458,110.07622012572583,224.0487755716337,4.044299164387469
POINT (149.4550377978553 718.1075103776857),285,80.01923144960755,143.3748422245083,1.21654513260587
POINT (2697.0374968087453 3701.0855963708127),420,93.46954938156088,203.0169032857247,4.03039288964399
POINT (3903.679857344086 3053.879448869442),458,83.5609349992187,210.17068965108493,2.319717366730587
POINT (2746.479052496465 2493.3779861046337),462,86.75049310295533,213.17760890655225,3.0246757583135953
POINT (1937.3529357729858 1157.465978949333),447,81.40021358866412,203.90439800434115,3.4827745225495423
POINT (372.64727198609165 1706.996508762197),400,89.31508994243818,193.41863269426813,4.612155864577859
POINT (2145.7733946307753 3218.886927319272),490,96.25581271893084,227.95980794397212,4.5381657136877855
POINT (548.4494366098371 3777.3012560373004),295,73.06280400912893,147.5128257694598,2.3158251669338568
POINT (2613.3906221344205 1371.8745601669466),442,82.61333200234742,205.56100783509544,3.3135677667786068
POINT (1208.1061950326862 1571.9257123668574),514,93.77743531338055,237.54574328071237,3.3060153969508717
POINT (744.7900631379047 1979.8068080146188),475,118.2788325101037,235.26445334664868,4.599965835308112
POINT (4732.6096350742955 1623.2920465844688),331,80.87205852550933,162.3947695218706,2.9566294196682392
POINT (3060.0643619838224 3351.8588900603486),465,88.63139969799592,215.90933001707387,2.5473177535455775
POINT (3245.424842726397 2399.215501913725),451,92.90094169676854,212.64655598236396,3.7270508975342937
POINT (2914.0724790829104 14.578443869063076),230,51.42231682689974,110.86207954902181,3.4828738207213323
POINT (1982.2885124014022 1031.6608335836697),431,81.45654667363767,198.88193730221627,3.7052580510125925
POINT (756.4292372153915 3465.0090462214835),378,76.12313144375416,179.9492111597757,4.056784926653408
POINT (1102.035130565138 632.5424605276346),417,93.34110054748255,201.02276255062776,3.7326905538414548
POINT (493.74786600354514 1606.2159834625543),435,99.14194719820155,210.41239963615442,3.179208269922646
POINT (2133.370741873295 1981.6933628763181),469,89.08011604464495,217.99037381804482,2.520450421595945
POINT (3836.1887066838526 1592.0177517644922),469,96.46571755608578,223.91841981442923,3.3523685230312052
POINT (2290.3531553575053 3520.2659941078978),451,97.58843806658727,216.36100974513258,3.9971633930561197
POINT (3929.064776417279 1048.4556642686455),471,98.67240196503931,223.24153484770642,3.6368850146395757
POINT (4181.513545085647 905.3377212818154),439,99.30680801714848,212.23549200797137,2.288699297920164
POINT (4837.676215352086 811.5057269805689),280,69.3378907217179,137.70216561108094,3.586252352596004
POINT (3407.9498644079613 3282.443423486286),455,88.00105666206589,212.03080824810135,2.836486885570735
POINT (3187.181180183927 2664.9788595064374),442,88.29636769006218,207.76348541713188,3.423883117305257
POINT (3187.600421091308 17.912591536510615),228,48.17271690901217,108.12836835420393,1.8854020238969467
POINT (109.06836057063863 3646.272532789356),217,67.40545894404067,113.12994066674294,3.3187733457880473
POINT (1583.407025610159 1264.5406862892203),459,82.70541723920536,211.59540093654306,1.777580978285104
POINT (2419.5367095490037 2607.0298271606193),474,92.68736884487585,219.9697366336847,4.141690228379961
POINT (2477.6659964993155 3561.158695489834),443,97.47546290126678,213.07690605251915,4.268860903164795
POINT (547.3989145067633 4085.32717838509),234,64.21131859746357,117.61591272466227,1.7776906465269113
POINT (3410.153952210379 4322.014056773039),246,49.42274056972768,116.17302159570951,2.7310694472074886
POINT (1925.442657862251 3761.545926337441),397,96.69750362435279,195.67151052565404,2.762697573405344
POINT (4894.91204417574 403.6671760652828),204,59.66507018281271,104.83907360796492,4.395818090090219
POINT (2276.9707949493313 2334.3583911649794),463,92.13465169799954,217.92000113409054,2.9196476308029884
POINT (3932.029715759524 222.53053292149275),293,71.18113003662947,143.23101374481072,2.604938734207126
POINT (2364.0085337862874 3868.3790912881354),380,95.07749360701803,187.78192126663478,3.8865687961557738
POINT (4674.065062881404 467.8260384067414),258,76.46943370929075,132.57793878892315,2.825028297085903
POINT (1652.1480798754324 2951.69417777014),490,91.49484897105329,227.27556438843698,4.511246385740287
POINT (3956.113815623934 4149.712479251585),296,78.40623455407938,149.11945258130322,4.972965717156616
POINT (3353.287762482904 1945.5844832016169),454,96.48792486449305,214.7709084936816,2.0737766064463314
POINT (1560.1881506995276 1651.2791836813094),510,81.11418372946675,229.431905991674,3.2272920584928384
POINT (3901.9173382657336 862.9185217511217),471,92.58547249696159,220.62147916067175,3.3930920784773253
POINT (2619.372233276072 3078.5847864123457),460,87.62857257238079,215.32832629800436,1.0024632815852692
POINT (2562.705580912031 3079.251655858871),475,86.94115321729485,220.1182217041665,3.309950030788307
POINT (1817.785258001595 3285.7147092206055),488,101.06949696568506,228.22198268478738,2.194548164888127
POINT (528.3729374825159 714.7711906046154),380,96.77443611040576,191.68249786525573,3.6613741566896776
POINT (4453.090073597646 3697.411341503174),342,82.67628720817905,168.5114825124253,3.456266986229036
POINT (4950.792148526341 2046.5161044601596),258,40.651273949739796,115.90501550020957,2.751667508780864
POINT (4739.4797252861845 1813.6644102492312),322,75.30448307119707,155.79207089259103,4.001035340135286
POINT (2365.4099950586797 3756.6953445141794),401,101.6295708224443,199.20919288606504,2.790739793589591
POINT (2285.223977928333 3549.0043649613776),443,96.86561525058268,212.54449084045868,3.9963133830473367
POINT (4054.1922852965135 2250.911794855504),460,83.0955115959363,211.76827969492751,2.9382601880433437
POINT (3398.0222974952353 4182.871515783365),314,67.64909784387086,148.54388960634532,2.2074178124708053
POINT (1136.479569998631 2585.0735276606665),497,96.81005572793899,233.0812447893901,3.7418115767901003
POINT (4649.152688426436 1980.1796483445291),356,78.43095177925974,169.98772111936097,2.544270765289502
POINT (2063.623034448899 3519.0682989571987),447,99.51056164323724,217.00893834861876,3.9265833018203296
POINT (3446.0101730494175 878.111289931531),438,84.21453717898814,204.70044644714378,3.377220646230186
POINT (1473.631098248208 3454.503085868637),418,84.95238344028249,196.87631374116455,3.20846466854617
POINT (3741.4377913929447 1963.9813038966684),482,89.88342097514321,222.08074490345663,2.307126942064235
POINT (353.78270073549317 2884.045642526105),336,70.18729759388064,159.75186376220353,2.8296309808691262
POINT (3632.5918774774523 2428.5208260907402),439,89.91636233140156,207.39908286136736,2.9106970839010238
POINT (3024.945081590973 2346.5203453344275),444,87.06666376694679,208.89808841590803,2.998342134355628
POINT (1894.8034125003792 2750.8797506639376),481,96.29497457513708,225.33718399591166,2.276200121775686
POINT (4403.564164704809 33.52604609404926),207,47.39611177660487,100.39457744416016,3.4144559348105625
POINT (769.6579066326238 3207.4850942446296),422,77.24483856850132,195.85882797818599,3.6467604758437577
POINT (3607.597659725265 4287.223206203464),263,59.92009363455706,126.40445564311683,3.592255149341079
POINT (2417.8451902366896 1355.7993393481916),435,83.88053624524463,201.31141597773785,2.98222178578054
POINT (194.38990933730443 1155.3569819868364),331,78.12708971205743,161.763830934014,2.824432395500987
POINT (246.59186973951748 771.2557635919522),319,89.51427487594567,161.92909771518478,1.9552665523416735
POINT (1484.5620853723537 293.1374337108473),303,68.80318697530704,146.11587136072944,2.7170605697343464
POINT (4126.968765004645 4190.357933445181),265,76.71987461897201,136.58580641790647,2.758278976884906
POINT (2229.132929980797 2640.630448183037),468,93.20756462280131,219.2044669053673,2.5683887008736126
POINT (2968.0123603566544 1017.0806370536491),436,90.7784722129914,206.42992989500374,2.1607383403685807
POINT (2971.6122971020363 422.16222648291574),347,90.41469881046746,171.34555289345258,3.627668962993009
POINT (313.453805634402 2859.7114043361844),336,73.34262217998179,161.0365967644852,4.095188827371591
POINT (1211.156487767172 1451.988974429361),507,93.17831807011544,233.8831515787616,4.788857545179843
POINT (199.3860312497186 1592.1953535958755),339,62.64798961870518,157.86131363228102,3.8658501275476493
POINT (4485.927701266112 1981.0708840901805),382,93.63678450061265,187.93954933000524,3.802633375044345
POINT (1288.1475295770804 3136.3928433797023),461,82.21348935777095,211.70907871418584,4.591895223671955
POINT (992.8862911590065 740.0423803575168),440,101.14414505800572,213.50675105476827,3.2035250523774046
POINT (4152.795715774414 2472.7487022528417),431,77.96399504176169,199.2852473856786,3.1585319157934912
POINT (4620.096130595405 3808.557328308455),299,74.20958499686722,146.4300193122245,2.27027082858265
POINT (4600.027509668622 3797.341341092727),309,76.96551758361147,151.38245135725757,2.0598217199892406
POINT (1416.985588501277 108.42029095117297),261,52.42003042929574,122.81700728680998,1.8344363937823718
POINT (879.5106942293077 1802.3337635015187),482,110.72793198455943,235.56109984800443,2.8369278340999173
POINT (2548.8191629626044 164.459639197706),271,65.88654251046488,133.29657292746788,2.595799599785417
POINT (697.9867167392599 2145.792392617937),462,116.73965819775052,228.32411724188339,4.382074937794404
POINT (1330.4941384612973 2364.3804865688353),516,110.12672658915884,243.92419400193083,1.8321769539668478
POINT (3451.164838803796 766.3339236638359),433,82.6407020940993,201.73857482765547,4.572996290958994
POINT (4629.85245559808 1498.6508220747853),349,88.22793361198555,172.91459732562132,2.9472257992439106
POINT (353.4268403303599 3190.9354336962942),320,75.91030244640103,156.5918098251158,2.994151384003038
POINT (934.0427879065367 3045.503261539071),437,80.94678570355907,201.64705454511187,3.723084950805599
POINT (4347.59982501105 3115.458412122927),390,82.68830974932997,186.89923887789266,3.959212763645761
POINT (3068.2511710197905 2857.65265927311),441,89.06232551236471,207.48868122021906,2.686988426521247
POINT (3797.2190798020265 2012.6428478616206),488,88.49682834338533,223.83172989883604,0.7934527373011699
POINT (273.57114069786326 1304.774244262273),369,81.62391889465654,177.45638147609273,4.168235918822584
POINT (1806.1435782108956 3465.096517406188),444,100.34486473610458,213.1083475268079,3.3898245730277496
POINT (3192.449336509978 3502.0400349327024),458,87.9942509127061,211.4079990236487,1.2430243943152175
POINT (2089.557371229839 2793.8896128765764),471,95.44705253775857,221.13329338321205,1.084004822162352
POINT (3658.923478695297 2698.121053562376),455,88.09023415733334,211.32921367609978,2.9873903708544223
POINT (3392.493898085378 551.7948430780524),395,76.83947015152113,185.47598547688358,2.8772197290366397
POINT (4953.403540343079 2376.0972436803795),257,41.062927244463,115.15156348135925,2.6322902555909597
POINT (3367.149977750664 2366.967694055781),460,93.76476624649696,215.7621723370804,3.2955477446576884
POINT (769.1480176452982 3365.3427998440275),395,75.26858093355925,186.4313861160793,4.37948245011345
POINT (3463.5310002569936 406.0854134454466),360,73.22706371600017,170.5630831743077,2.535529604896532
POINT (2034.7628031382935 2796.458851073412),473,95.53135444842879,222.21335730180624,3.2127911849768527
POINT (4597.579416756289 660.469343296716),326,83.45044880114175,161.14641211693078,2.237141556831425
POINT (1777.360006993819 3134.887017626847),464,95.07013904175032,218.73683169981007,3.449208380652503
POINT (2636.841066725062 1848.517601660456),440,87.75113802847835,206.7640918098462,2.8960030636245007
POINT (547.1914867526107 4226.755847314693),200,52.73012308692263,99.93065880979488,3.5780776143870474
POINT (2488.862101484516 1321.3645456076133),432,82.93589875456958,201.82356698461712,3.602413579175515
POINT (802.6739242762461 3849.887657328954),318,72.40465931214088,155.39199874103267,4.286282501444475
POINT (1207.8299587629406 211.4977433732657),300,58.75004618548671,140.89213727447213,2.302445367018758
POINT (2213.095368320306 2751.592501138591),456,93.4607834659708,215.04781713015362,2.9802455324914368
POINT (113.98130383242119 1328.8716278001398),312,60.45124136551384,144.56855513641267,3.029908227340287
POINT (3921.7282955821 2420.1873399963183),447,80.33004006701577,205.33098180725727,1.8730061194370804
POINT (879.272872099833 2764.2235289652513),462,92.53629728061253,216.6792716989751,3.25471057259283
POINT (4248.960250811425 3241.9567889438176),433,83.14948368751803,201.6081279522341,2.746434114428763
POINT (4456.052564828285 1787.0518116898045),391,98.15070798800515,194.01039482310662,3.1994230248559408
POINT (1516.309443920853 3849.7110451835397),362,80.86335933015724,173.89805303056204,3.9035823760179764
POINT (1212.9082974298422 2895.8048561578935),469,82.69589997110228,215.09806252377348,2.509995031559515
POINT (4048.3217045205743 2174.176799812563),454,81.58188652951638,208.3301185670827,2.7815074330763503
POINT (274.8169197062241 1962.8369627527431),344,79.96984969325375,166.49778666835036,2.4455643094836303
POINT (3067.468798358022 3069.509693955578),449,85.56517712086875,208.72436148116307,1.7892569360350281
POINT (2589.2264920470875 3086.8682787024018),460,85.94661123693696,214.66888901750806,1.4666832171247823
POINT (4256.69907389284 3352.316444319818),417,83.2376547132989,196.78978618169336,3.5138514451240903
POINT (2198.73585609155 3341.619901987608),478,96.0279666439319,225.21225872305567,3.2064922837142342
POINT (3153.4338469755503 2582.8645720496766),452,87.41966394881375,210.67868618954216,3.4703726219472597
POINT (4715.113718770977 328.51928900167917),219,65.8663244246941,113.76414420124551,3.369377050436453
POINT (824.7040287924268 369.386924164685),350,79.170789193739,169.84098873058798,3.9076137184820814
POINT (766.452376661406 3624.532303241784),367,77.32906000736409,174.71505286560904,2.6701561115273753
POINT (54.55295659466507 2629.248328336536),259,48.816162096647325,120.87622139172481,3.201716469896337
POINT (3573.2725136624435 3267.2306842301805),439,94.18746356941742,209.6090876091805,4.2885722270119295
POINT (3573.7579042738653 3507.674584647209),438,88.78333241081175,208.37474915392016,3.037066856708693
POINT (5007.863896818462 2127.2094376577184),242,32.9546584479769,105.69146415298852,2.5849697240284253
POINT (3957.4236925861487 2732.904459111317),440,81.47115972036653,203.68533693425584,1.819743489815902
POINT (2366.109756772922 1116.2738966017782),436,80.94608343145735,201.95989910896688,3.3437047950354892
POINT (3260.6086424149667 2091.3151908679033),446,92.37495276616667,210.74577518887614,3.5768316470039805
POINT (4343.980100831491 3694.630406817458),361,87.11163737910677,178.6414798225694,2.6358405970757035
POINT (373.88802887715383 2532.800767967981),356,83.82879153634183,173.77882020048142,1.9436578144725443
POINT (4895.714540168519 847.5698476516261),264,62.73236075722745,129.1697714944695,3.5148347120802264
POINT (2258.300370564988 2070.379831716687),480,88.70381883871838,220.4965073225785,3.9607437762754847
POINT (2583.8624596896143 2242.9736943024122),452,86.37272059815098,209.87569288782203,2.952243049830198
POINT (4453.8861279404455 2594.8060564172747),390,83.43665658727181,183.70103535337716,2.7294765810477744
POINT (2610.7757542982445 2034.958108503231),438,86.0186309728351,204.896327294642,3.676090679973982
POINT (4456.706591137127 1948.3041160478163),384,95.85745488664838,190.2090920144426,3.0840127312089844
POINT (2032.8325703733863 484.5569237238121),358,81.54171833209858,172.36308971599587,1.121510730239087
POINT (1331.8703788472126 4235.80238795021),256,50.777855076091335,119.65002374353658,2.9876952628083857
POINT (4748.505367425576 734.8824743035537),295,75.59892870063611,145.63777253016215,3.7576067636572
POINT (4292.551806140611 4273.430773824544),232,61.87464160253014,117.28595316912089,3.4860363211227887
POINT (3626.129084426347 3569.7391702301506),436,89.46877138453621,208.47537305232044,2.9407579091867264
POINT (71.68264235547063 3518.549791863822),219,64.41363553889057,112.7130654570515,2.1906723144491362
POINT (1843.3049148297273 3191.9486710841816),470,97.4235230275722,220.65441970537523,2.2087749661397122
POINT (3919.673427933494 549.6250546876995),408,88.30201833745723,192.99484522020924,1.7442700357191845
POINT (769.3813199308086 787.2651585398481),440,107.86664495180413,217.21797443886496,3.6390929587108594
POINT (1542.0080649620445 3706.950415257946),400,85.65430790853945,189.34390404595868,2.4807076431878974
POINT (470.02614282883206 1156.9894327850884),420,100.99675145088187,205.58056086085142,3.915017985475739
POINT (21.042570017619358 2169.810415248791),246,43.5335617534659,112.65724247004923,1.9872357534797433
POINT (4293.2316995611955 1090.9159644467086),451,102.3061326762535,218.38301820518342,3.342172604110779
POINT (4859.273440581383 383.08811786787163),212,61.40363333116166,108.34314342825257,4.044544746796926
POINT (3960.0190338466705 307.32775831683824),322,77.7875251603828,156.1862387968635,3.278301866168959
POINT (4746.029561463136 604.3797131446265),284,78.61654334228258,142.34381004085702,1.9981818209102453
POINT (3025.421992730341 121.68815501721211),261,64.46813783036602,128.8014439085045,5.222491530838663
POINT (4072.209930905423 903.4388287692285),459,97.36950564057895,218.29567243599757,1.283307153229458
POINT (261.43946832825645 1048.6479329863532),351,88.0722841753353,173.6504143957641,2.308239706583352
POINT (1623.4909584918037 1982.1357516945116),495,92.33793445727284,227.86157094677486,4.471561848161425
POINT (3012.578631919874 2691.7719210417445),449,87.05694902483441,209.34553083169214,3.394880361590818
POINT (4401.042982192166 4002.077178100828),283,78.9551100520275,143.74818730385664,1.779068630450374
POINT (4068.4099871753024 2767.61179911887),435,79.8200045193297,200.70248529032153,1.6177349441988622
POINT (1638.2265561221277 437.0968966592445),333,77.1715396955392,162.16145513512134,2.9587486884253424
POINT (4873.551470590104 2309.7543077458863),278,48.31897393937989,127.78828788011295,1.3876062676343666
POINT (1466.986253469762 3571.748925221501),405,84.69929815360507,190.86517159913984,2.016218223594787
POINT (3023.007898858925 510.00310247106313),361,91.19168218883034,178.0314709227321,3.9863341523068416
POINT (2008.8383773693429 1156.2296949998904),436,80.90766792492234,199.86758201616945,3.677215458901324
POINT (1649.8770528825755 2223.3209617962934),490,101.90938561556653,231.082060614946,3.78533267456817
POINT (2093.070642823898 3949.340417505089),367,93.40987366330555,180.12960237166226,2.7853625403807962
POINT (1247.956462393541 1869.4832260137966),522,100.55075356382545,243.45439588877986,2.5161205329735017
POINT (1103.9098870134223 2045.969259684558),510,108.63835132410239,243.7828719004389,2.3159086005780845
POINT (2582.391954412085 417.6197661238932),334,85.04530775880043,167.34796167901683,2.779767524143294
POINT (4510.451625554658 470.4977730707493),292,82.3282002803184,149.63307000408352,4.401212060399208
POINT (3463.306399326042 1523.2185185721062),484,93.0473700337441,224.8926806009654,3.3798013787218713
POINT (2035.2796998415447 1229.5573371969228),433,80.4368687363328,198.1499132801523,3.3815549101490845
POINT (3243.115246938027 3541.047668927153),457,90.16956046477327,212.19728454832625,1.576516001182608
POINT (3878.0355030905544 4343.908781479924),240,57.4108733432908,117.1203324945584,2.999301663237109
POINT (4784.657274721491 3499.609905920209),269,66.61719588615662,133.8565850009328,3.105736753954213
POINT (2301.7041634001143 51.248888013447235),239,52.48696040245992,114.92470599837141,3.066534476577834
POINT (2181.847464628905 2365.658485878324),480,96.00658609789276,225.7349236275551,2.627072356848568
POINT (550.6211859566768 2880.662729046286),405,78.69686351420512,189.45268365501897,1.8514585900879137
POINT (3674.3635539811944 542.2440202892178),397,74.05063865927481,185.75999071636343,2.7720040870057874
POINT (4758.255342338752 1153.982973758769),336,68.83867144712973,160.0016960989663,4.25351907203026
POINT (1098.8666387387457 3547.8208401409884),412,76.46097868685504,190.61138638766363,3.932204141334804
POINT (1276.9391853288118 1320.6766183468917),485,93.89650141599354,226.0822313456802,2.9485666178482246
POINT (497.76284187974136 3096.3035724908364),354,75.13775848758934,170.21024172900493,2.3120462004950157
POINT (3152.228453873009 164.78750170082546),285,66.2273076992695,138.14733534469667,4.7019295274523145
POINT (1542.705806303815 21.747412197242085),226,42.92336020815466,104.6040765262545,2.7295031794794395
POINT (217.09595613411778 1166.4469769288382),342,80.96658941951904,166.90154948963738,2.988311239225318
POINT (1684.9180061001623 58.0660489089945),238,51.70248353519067,112.26229897353883,2.30188196514285
POINT (1477.6922787295082 2696.3017637930207),501,98.12033473890418,233.1997734397615,3.4402927127191916
POINT (4169.796150857053 1597.4043621065825),453,114.60094848841806,223.9104261840806,2.2836486642044864
POINT (2531.9521656813404 1250.5465089850047),441,82.07989523828093,204.7538906583216,1.7643876879490241
POINT (1132.8051045028863 1044.4497457444947),475,102.41350153223073,226.26229545884792,3.5678587782497453
POINT (1926.0814600287713 2003.5002751330514),479,90.17231987146144,221.75615492826105,2.5139057065743486
POINT (3960.236734340228 3325.070995091394),459,90.29435614028498,213.84818628169566,2.8807603775044597
POINT (4783.12815340298 2614.0303670112694),281,65.02371319036446,135.57924873496688,3.7026510445916196
POINT (1786.7134353772835 3466.7651071785326),446,98.99632944857157,212.71490900558817,3.4064953370505537
POINT (4467.789263907167 1650.9299836794746),393,103.28966740669814,196.46351527854114,3.899812744570152
POINT (551.6723501478315 4308.306399554547),182,45.726379578792496,90.48545691481817,4.747666263381083
POINT (3902.171660005207 3174.020760577315),454,84.74162012252847,209.70916428234642,2.636273163566984
POINT (157.06968705539387 3242.9478112227894),253,69.14983381379042,127.92033637551211,2.2119492974446575
POINT (276.62395939218635 854.8132709512191),339,93.32429663021347,171.39293044452887,2.4686678690706625
POINT (3339.2376546988344 56.23387965631557),243,48.17171421015887,113.76174556447815,3.4567854496790167
POINT (2148.6243053435282 473.1919079415311),353,82.36360243094637,170.4710824957479,1.8683029332944623
POINT (3412.2530207499763 2882.256099353387),456,91.3527809496092,212.7564347788296,1.4745700649157139
POINT (828.4281787622574 613.9183711865569),401,97.70442466495152,199.89791978884372,3.292446888621137
POINT (240.89713830374978 2143.2207286861685),317,75.97234637672655,155.44093220880853,2.224914562583085
POINT (601.9485953971771 4314.573395114316),181,44.60252606725799,89.64295246791212,4.617241123146532
POINT (3517.5997404874165 361.8791620758724),342,69.34180639226629,162.24102187189783,2.869636535390219
POINT (3775.2365561205884 4179.400018122578),297,74.96983077210743,146.6668825252666,3.340127329816493
POINT (1211.4977433761796 2334.4933497427596),505,108.72297010566223,240.7005072620687,3.0763960252176568
POINT (2891.7977356594256 3301.6019656530257),471,90.74423180390758,218.32463677906657,3.937371156337929
POINT (1047.1616870004 1890.4697247318452),506,105.8881802922279,241.06119999434344,1.7958448793116313
POINT (4853.585475022465 3699.1997042188914),244,58.25838418689019,119.8751296808378,3.0736433960753056
POINT (1979.0196345712743 3894.060193910864),370,92.25533298477114,181.70400258982045,2.827453978121066
POINT (4673.705583834018 1017.9703058125526),350,76.76722911601547,170.28666103677023,2.759094538286697
POINT (1928.4078101317825 888.1010417653226),420,80.86037146632306,195.0919865746561,2.30484912637582
POINT (3136.1202415234393 366.38701219480987),335,81.31871793604573,163.31804284569517,3.7550295802559726
POINT (4342.829859026885 1032.9054049632603),434,98.30049745238115,210.7019593579152,3.1762966440029174
POINT (1769.7996186190758 1483.9955070907404),467,80.17566371045262,211.83875916772874,2.0690703605165535
POINT (2563.386628603528 4015.8722780807634),344,86.91632627001256,169.82576842416975,4.003138336362476
POINT (4649.160962782101 3519.2751793661864),303,74.74588455420584,150.73648316714485,3.132818360280153
POINT (86.94349097798028 1156.671742545192),299,63.35122392690503,141.84204896053143,3.0633149568107214
POINT (3027.4953120402683 3092.532453662378),447,87.54185711912235,209.29020484778903,3.1117423316066097
POINT (1647.2620251570577 376.30890821534103),313,75.90858451398732,153.98807117586387,2.81853996530237
POINT (290.0265099625371 2252.4108848690025),335,83.10757650718128,164.9605484119233,5.088013522434691
POINT (3420.8893518389295 2804.8043130005844),457,90.9217888166456,213.2694534372626,2.819793469684363
POINT (452.9630658492328 1647.8792337882842),426,95.14044158586874,205.31727437523062,2.9984910037244514
POINT (2087.9383690402497 1519.1663536051522),422,85.31206680068493,198.33779372925676,1.827129908641705
POINT (1481.9111042701593 1547.7341534354034),496,79.63273903521097,224.5224617705759,4.620841924778369
POINT (960.7747890390264 3574.212045944318),397,77.25379193407602,186.15583903794555,2.546657007603491
POINT (3299.1679915211057 2216.4824646178226),449,91.15439799388318,211.14939187407816,3.3669511140162127
POINT (2779.4658107696287 3298.2908801491785),468,89.81954985353642,216.7150185365658,3.1508784847068423
POINT (1457.4011744461727 3687.532697001361),389,83.38988466588367,184.62846120154163,3.4476237897534423
POINT (1210.962202635715 1956.7091043872742),508,103.29339182329375,240.53280655480927,3.0532676291406813
POINT (3700.4231447998836 4125.103766018719),312,78.75218523265495,154.16660302210266,3.2820601948274115
POINT (1098.2660922602788 2838.8025150314975),465,84.11600924227642,214.33580090435186,2.1539057767178935
POINT (1389.3327702678241 3023.2409617665953),481,83.27413589453795,220.2959500829939,4.726783073385074
POINT (3323.497869298099 3630.787596211533),438,90.21665524992738,206.60993976563324,2.37772936744283
POINT (1430.6664998684146 1829.7815707698614),517,90.40617802085677,236.39331622777615,3.3179842308969976
POINT (2611.6611407517767 4232.792309634437),273,65.69425691306574,133.35798184281083,4.900402126367894
POINT (713.2336739500155 3503.0965844639722),367,77.55062046147768,176.29260303599116,2.321800263665408
POINT (1408.346697539483 1045.2312333649736),455,89.54886177548956,213.28669833982372,3.5235989607170275
POINT (1262.717991278367 1777.0023879511434),526,95.32568545124013,242.08471171807568,2.015096918886957
POINT (4677.102061517685 3777.807273277825),289,70.73555077910362,140.9368093236279,1.8236346863976745
POINT (4729.7417786505 3659.7663297199806),281,69.06023422630415,138.87083578327488,3.9624936179995216
POINT (931.3636733274697 2298.266826975992),499,117.65408605987892,243.8447186701821,4.521217717720972
POINT (2968.5276392094743 91.68153657009908),258,63.21863201312158,126.75283831780503,3.9842624349209674
POINT (3574.3575604683274 568.7230826370328),410,75.9759359185927,191.40242433835215,2.4783860519305536
POINT (1640.606082400609 4181.1891120934),277,57.868397720031716,131.48316360010656,3.407922830748016
POINT (2758.59051676944 4070.188143246928),338,84.47243117938025,166.02820811220926,3.9875193792624595
POINT (3574.68797196907 4206.688483841584),289,68.42966203857276,139.58404368430254,3.290795579400958
POINT (2822.608730893679 4178.155913170377),306,70.59127314782481,147.77531266091057,2.9507061390854963
POINT (1485.8905512380813 2106.0362811021073),506,102.20334588191464,236.4645735624407,4.35146740942583
POINT (3628.2609064155863 2323.2142790763596),452,90.44932987141848,211.51033635562413,3.772657469586034
POINT (1757.1611976175034 3842.489427803283),374,84.49288365568431,182.33184047258325,2.962614802911051
POINT (4340.768357007043 2221.345643129211),399,84.76222563490921,190.94907095777918,3.5194648299751674
POINT (2129.8615118779294 1429.829616196714),420,86.44300697381483,197.4243740012441,2.7914758540761904
POINT (2180.106205690051 2692.063445841739),458,92.90227519063014,215.55403291532735,2.795087511190447
POINT (2729.462011099365 3848.5689922399906),394,93.652040983485,192.39706015018083,3.572668239958481
POINT (2560.6692218233866 4346.53967846414),238,48.20481404793783,112.23826543028139,4.616926725524069
POINT (2765.182347231087 932.7798927397781),425,87.37384216627804,200.4842361703661,4.223369590789653
POINT (662.3326905730921 2392.5477493221033),434,109.62484424486227,215.03822387052358,3.2977709155758768
POINT (209.18316423959158 3737.4376735396327),230,73.96019216958967,121.04698616637388,3.6877856080157176
POINT (3794.558641485161 2945.9359031877116),457,86.02983465852049,211.30010928506516,4.948810540407655
POINT (772.7944912793315 2321.9412631594905),462,115.3733036741468,229.47683549529322,2.87563053653637
POINT (4562.475864613619 119.86930917485037),205,52.026920656587286,101.92410784353098,2.9036732018941294
POINT (1431.1684430690748 3712.474485481451),387,83.83535050009536,184.20977967524772,3.4499251919023237
POINT (2258.275680856279 3487.1876669766775),460,97.29068794160962,219.26284797575767,3.9962626580635208
POINT (3409.3072677971263 3380.1386783468133),446,84.49860397715919,207.66802231061914,3.372558867121519
POINT (1731.3306278350694 551.5344302157775),355,79.52441857088067,171.8461236537522,2.7375346583448636
POINT (3407.4793893771953 1343.4155858428217),478,90.59615879143854,222.6859784213869,3.529754491337373
POINT (3218.3575362657075 2726.1061343673387),430,85.5421113756243,202.2363560024807,3.0514599366977277
POINT (4259.93216460004 3352.337243976829),417,83.1758173120286,196.84099735309684,3.5123740160226213
POINT (715.6886809752165 4110.94237855396),241,60.43644811622355,119.34301174198885,3.104889537101351
POINT (3280.2119432904815 937.6378039591447),452,90.5499963192203,211.4948174727461,2.5441619303436456
POINT (4324.409963670634 2525.82082130017),427,81.23747365205443,196.4705510192366,2.080483682520362
POINT (2812.409389718993 4072.8107016216645),341,83.21382192361062,166.47474235872605,4.3262783983918895
POINT (3720.034295070173 1153.6862843885633),460,93.47366796370548,216.90863013260767,2.1274827014301625
POINT (3135.1936455358928 981.4386492985043),434,91.35935702660251,205.61614990094358,2.97133570546562
POINT (2969.5701308562193 2814.965370838712),458,88.45162527682506,212.88954555350244,2.233389941940935
POINT (2886.187489889063 495.67522544451907),360,93.27764331899829,178.35441127011475,4.5971899366001425
POINT (520.845996058876 3296.8805458265338),367,80.32032696788386,174.7733544365556,1.783250677330221
POINT (162.19144350621346 3284.5854208464943),253,71.72996744237716,129.35664262802618,3.4239853058549827
POINT (0.19525667534689 1361.387600572358),260,42.34521384408722,116.45155509991943,4.292733734915659
POINT (2197.71336435222 2487.4516526942393),476,93.4326101047772,222.9733145629184,2.047190988189725
POINT (2476.6819538311647 4152.675238570329),303,75.71591236740807,149.5471452240567,3.073615526012845
POINT (4467.658733473313 1650.9215913385792),393,103.30153491280336,196.47160805283227,3.899901126888563
POINT (4565.374838981181 3272.2889615045506),336,80.45699004292916,165.60008141713683,3.22978928742696
POINT (4313.435716174331 1102.0645223018678),441,100.9657727118769,214.52693326926777,2.6522087450902974
POINT (552.2294640545266 1400.327739924841),443,98.94604846496549,213.49687321479897,2.9166318875601194
POINT (2640.3033340895245 1958.4965337423303),441,87.96467239406876,206.98735434481372,2.285720178981352
POINT (716.7147494470945 3983.0546546931673),278,67.47285255389805,137.24236203172242,2.192540454500448
POINT (3117.237316017159 4176.068154976743),303,67.25890451250795,146.63420252252163,3.551884149495675
POINT (1207.2211806341852 1023.0412387086305),460,98.54125433729656,219.64597650022503,2.197835161940503
POINT (2626.431187735198 3456.0776781300187),453,91.13041565475442,213.4504042913088,2.220632424434575
POINT (287.3350441036398 718.6555847418508),318,93.38254379944269,164.4140417435105,2.329498906677779
POINT (1858.7160836029946 2142.849565000013),479,93.31252868732555,223.24415034768896,1.7218975909869896
POINT (3969.5829053518814 2637.60397679659),435,78.44116698756437,201.20097900523825,1.9951789423176272
POINT (1319.5309676891081 146.9148365483759),271,53.662383404317715,128.1519098076884,3.4882721717342218
POINT (764.5145964757154 1593.423423453777),479,108.9404689059772,230.65240115015507,2.896951598364993
POINT (4233.268211794555 2112.694180320174),426,90.15112014185239,203.18798381677618,4.114902093926604
POINT (264.9672951491112 1922.9521089925468),342,78.78996655090982,165.2440332846717,2.2691666270806983
POINT (4972.828376960137 716.4763862374226),209,55.3981980402164,105.47181164678338,4.858556887709097
POINT (4512.20879804607 1862.4382352843397),380,92.952975918164,186.76835093497715,3.193453745281912
POINT (3824.621328518221 3001.9338996366405),443,82.92761696183678,204.68060450790264,4.939527595997626
POINT (1816.8825260336746 2067.0610840337204),485,93.61365676964856,224.8790673385513,3.3511616390600696
POINT (1092.019093669067 1374.5392184471293),519,104.4887984982724,241.94258704687363,2.7175369850108053
POINT (2340.6758789052774 3573.7026481285534),451,101.09043800927986,217.10952754627968,3.613944271964201
POINT (3914.4986763963616 499.1751153446582),386,87.07284046250676,184.50486871246233,2.5289667560802407
POINT (990.3294420549561 1119.3982658927066),495,111.52881233444462,238.24972910258953,3.9718759252606017
POINT (4357.271166028114 436.4958908355451),311,86.9801112977039,160.00007243913248,3.202237179922029
POINT (4676.253739044959 2273.740509229294),342,66.65900832280201,160.79402506739464,3.434234046562148
POINT (2706.929960796868 773.7998319190472),414,89.11010918600837,195.12305152946504,2.0566589848124193
POINT (2255.161532657296 536.4072685247904),385,82.31584371991949,182.1744206334115,1.954673826399653
POINT (3849.471372688226 1522.8654090420055),481,98.99908442817733,227.8932552431868,2.9280081064991035
POINT (4125.637776954004 2486.0022657986447),434,77.8447011537278,200.32855185484618,3.1641616335902247
POINT (1442.1942116960572 2486.806413373046),506,107.28143367184747,239.1537976730209,3.9007493053073894
POINT (2331.4851204392558 4344.660410759194),244,49.871040211837304,114.41443678514844,2.5649621539826777
POINT (4233.80987333472 2944.254376515079),409,82.11515208563577,193.6535322602435,1.952848584660637
POINT (2671.0027367999587 4234.148383153863),277,66.21269471725832,135.34209470094365,3.340088190988342
POINT (636.5054792753556 4126.837482533212),224,60.31254290984555,112.78419210648333,2.155637788767835
POINT (1773.2322629129546 440.79026999131804),329,78.95707833774345,162.06376656028186,3.047160300999952
POINT (2253.4996694667007 3206.8063065371293),475,93.19036398872265,223.30636713310213,3.808598335326338
POINT (715.9199967234856 1237.4223936191831),471,108.39016207828936,229.44932128952374,2.922046618881087
POINT (4682.324793076108 3082.7291909819296),320,83.20076328536405,158.4000839877444,1.8723393835769495
POINT (1038.8216367954947 2692.0220078922966),485,92.79068124288227,226.04861124071573,5.061394710919821
POINT (2531.431073204143 4244.025374934759),275,65.29864222450337,133.78949142357095,4.308757170482488
POINT (4095.224171866098 3576.1413572158344),409,91.0155366005463,197.7270364885528,3.024597449256865
POINT (4275.253876074809 1029.0965342054117),441,98.27552510143586,212.6773846521254,4.254211998298668
POINT (3300.6737274552847 1338.571506978022),483,89.92475407686821,223.34282760460437,2.9448115044690475
POINT (1578.615971372663 1705.3190877847899),501,80.91236599883669,226.05786523974734,3.2118861656509963
POINT (1462.5234431321883 1871.1547112667283),511,91.47131392633811,234.46136906164617,2.503387183647778
POINT (3571.800856693435 3669.529836138784),423,86.12170212478071,202.34024267023955,2.638881779096867
POINT (2953.0661316181527 2020.3021488130275),456,85.31437943064331,211.0052055885473,3.6135152726233537
POINT (2530.7189723820925 3009.823114069028),460,87.16321519036447,215.1377445668049,4.355319623544197
POINT (883.2908628197553 837.0749083345445),455,110.99729003148781,223.64586124372408,2.982841938775647
POINT (2186.1422191998204 1701.837995157929),446,87.62608275510567,207.4863256503033,4.214267142020931
POINT (1669.7039182299948 4291.563237741269),247,45.59455628618998,113.90673580731918,3.366537385782127
POINT (2636.9981825125324 2703.200920553922),477,88.7087628712275,219.22316029231052,1.9706806485557535
POINT (2530.3810097808027 4044.1833852229015),332,83.97051445107228,164.47739258247915,3.636586775847504
POINT (221.51687821935315 2358.746390193172),324,72.2707649725014,154.61163501463892,4.9816116298935915
POINT (2231.5067844645555 1648.0700110469436),433,87.13024746753594,202.8890847162568,2.299228343442321
POINT (3355.894366549792 1840.0640481967457),453,96.98786585877545,214.98861995025754,3.271390332277484
POINT (1758.0473814165064 3542.2323692117848),425,97.5101071348384,204.736854484293,2.667994906619041
POINT (331.5232037852124 2566.3107345272997),357,78.77472731351128,171.11098102169944,2.491615332862691
POINT (769.0120219994001 2884.0073745083882),440,83.16789321154873,203.7243131526998,1.4582871157143469
POINT (3467.6304097846282 1342.7357233649013),487,90.02157724361892,224.77567618796846,3.4982890398725104
POINT (2573.848753519849 1650.7048631840069),432,86.34756464479916,202.74993952074465,1.9258425227927087
POINT (1692.512306789217 2473.5427496230227),484,105.35387115312979,230.27838838225614,4.170708495084773
POINT (3903.789643516785 3319.634772213531),449,91.36356676290488,211.33001496081744,2.096047918963136
POINT (2825.0230843843547 112.90693587962393),268,63.54399362487521,130.5724409042827,2.8526997804735683
POINT (3731.066632523288 113.49001474912743),250,56.31486600757763,120.13394852488243,1.9891023284588676
POINT (2366.912549630244 1093.196866412959),442,79.98371825922159,203.45206025984027,3.3538095813287385
POINT (3352.530241702069 3216.3883984822214),451,88.00676127209812,210.2702084041022,2.990995572861131
POINT (2606.778954756235 4068.7407921777967),324,82.48350025450824,160.3178657509568,2.7419066616429912
POINT (1677.6894354478975 3136.111751145795),464,90.26957844491328,217.4601808310065,2.0246330408279705
POINT (231.77923473815954 2308.784649848701),324,74.69469001870293,156.29558247969305,5.103632077182847
POINT (4011.283363721966 3442.7247940456086),455,89.94651368980789,212.26151896144165,3.07720601390775
POINT (1418.4231107957353 3021.8797735747153),486,83.14562437480416,221.6087027500161,4.206924571568193
POINT (935.6238017908832 3365.586572615278),433,77.99709633342447,200.18245436515687,5.119047972785954
POINT (492.33002411099454 2902.798815932848),379,77.1221609795733,179.88567298458872,2.551934997275562
POINT (2788.5573044355474 3558.93381594995),438,91.52877850080624,208.47297123821335,3.243343342951533
POINT (4180.398370128555 3212.5987322230358),452,84.07595486691955,208.40195348804414,3.0170290545041762
POINT (1262.601049866135 3917.896475578064),332,73.62132138591512,158.9656201793898,2.263447798532507
POINT (4615.952399185626 725.2126439083102),330,81.43607252909146,161.67348444446623,2.942407687717479
POINT (1537.7944335639909 2382.8097150987833),491,106.25435495767353,233.56434346621026,2.3614135768696087
POINT (2896.870607693457 2093.075861776311),442,85.17389377995254,206.52545852947864,2.179341607576268
POINT (3354.6472127993807 3493.0626811835195),456,86.08247859699348,210.81280997350675,3.1002358965975096
POINT (3292.965098168531 1816.2039274426963),467,96.03267993906881,219.2321167966173,4.825948123412549
POINT (4510.570324336286 3268.627200682856),356,81.34173795514246,172.71314721991362,3.5687854845211
POINT (151.94222295388676 3848.1020476825765),199,65.22995700433181,104.76459536295029,3.97667555170184
POINT (3101.2022481511185 3406.194455888001),469,89.23978258142154,217.1359762072576,2.7097770557986323
POINT (1347.1807655975108 3742.0195416097968),375,82.21382055466924,179.41891019912748,2.110901507338021
POINT (2640.870046074909 3646.335364900961),438,95.34707944850392,210.2687148134927,2.339868386675287
POINT (2331.673393091079 236.40777078146405),298,71.90168502308269,145.61883650499252,3.3801383201691366
POINT (3351.019027929525 740.722523531782),415,83.46946827373341,195.65459095489615,2.907109507491917
POINT (593.0624831372645 331.07583753962547),317,80.6290079159071,155.5155231000425,3.0224585113351816
POINT (1537.445178611988 2949.984854948448),484,87.65144171312599,223.08088929165132,3.1372367678329605
POINT (991.479285568133 643.0037590774613),409,96.88077881926621,201.83309469612212,3.948136685959767
POINT (907.7139417015288 2119.794355393488),490,114.8257907423676,239.84505748229992,3.7209164691996657
POINT (696.5102411124777 2198.161460839257),454,116.00421838401854,225.73150406739103,3.9625864257590893
POINT (2466.172159212645 1760.4330860227292),438,89.82445255323752,205.16357662689964,3.93674722546108
POINT (1096.2057988261242 3712.395951434772),365,77.8382968127377,174.55119411395444,3.5025477996800918
POINT (4897.2378619961855 3550.511788821584),241,57.8702008412093,118.76112996162801,4.254963933558917
POINT (1372.8179983729074 3763.753869820387),371,80.25556568748499,176.66421717645824,3.1332983319550727
POINT (2804.0188690996097 469.1057406078355),352,90.8887986639729,174.7400407290767,2.806787572467598
POINT (3160.503717319226 3189.6127899888916),447,86.75362116254752,209.64696164138925,2.8751648343602056
POINT (3355.325820512633 3010.10205115332),446,92.11402779483703,209.6330974498783,3.491333999745308
POINT (2316.5718757708923 1207.7727649052895),420,81.76906725543978,195.41728811473655,2.484783518538376
POINT (649.6144222112283 274.5933015802271),309,75.80727130266031,151.34850861469332,2.306893116400703
POINT (3958.821931348104 511.79935633320207),387,88.99473990015727,185.27613257364234,1.8952375175717096
POINT (4231.165392505058 2346.6900983268843),433,80.38784174664714,200.9268200778314,3.94118563528101
POINT (3906.5843951013953 481.6111789452165),376,85.23513842465547,180.10647800247372,2.5224244459447265
POINT (4071.0449024768254 1519.1965893419947),462,112.35474947534671,226.89719400740924,2.7477463293295403
POINT (3078.6381623238562 569.997470727771),374,91.60592673704163,184.2287835920276,3.394811668482488
POINT (1923.2408675125089 3042.5678393947965),480,99.04229969877039,225.37809523735424,1.5368931907229286
POINT (1923.56004156947 1829.294351600977),460,83.7518178428133,211.7260652086958,2.9251570622913188
POINT (4178.795115018975 2675.2019164135445),437,80.10386601219355,201.78017882975638,3.9439237291243354
POINT (689.1515478783608 3684.313696164592),338,77.12615065588251,164.61372882536054,2.8663830900231777
POINT (2200.658728054491 2827.4294344539894),471,92.76657649422522,219.60791252560313,3.2752521239092545
POINT (4457.150370240564 2546.48068851892),392,82.50882874272199,184.14741228762446,3.1487924835635686
POINT (2142.674374772625 368.69186454202725),343,81.79566733405386,165.09947524182687,2.5872202607553803
POINT (482.80301068949086 -1.360459497763005),196,43.19394109851067,94.84015574796959,3.6657307864176287
POINT (3720.8164971576643 221.87448179984236),295,65.33187388458408,141.31745918257437,2.5036907137702586
POINT (2.240704261127525 3891.0602014433343),167,47.122125944158,85.63424882110101,3.8977498471904837
POINT (3849.546553185858 399.55306402605737),349,78.3619911875628,167.97526409976052,4.102010186214219
POINT (1696.4011854220741 1318.068063374964),473,81.8241184438013,214.5021417464336,1.8732887044655673
POINT (1296.608403304781 4268.858616924695),233,46.33235031897931,109.08579182334823,2.737762645781471
POINT (2107.24916661204 1647.6646517506563),433,85.5947469188564,202.28071578492126,3.1955380603359305
POINT (2417.671059027501 67.128998957841),239,52.90416699189288,115.22517062865124,3.716026430385088
POINT (2364.613963361783 1297.7907671303642),434,83.53437167882919,200.53902985961446,3.5436373286817586
POINT (3807.5675506190137 3351.8945341504614),440,90.82903767417199,207.82803162119347,2.1787217056093073
POINT (2089.582180720444 4252.439310889868),271,57.244020481127535,129.39215299425237,3.3209109088932625
POINT (4596.935930793122 1653.6051614184332),356,92.17759312818009,177.44316324874382,3.667775741519944
POINT (4158.085408868389 935.8151351628628),444,100.88044783286544,214.9337023630731,2.144936462542123
POINT (167.3139677133799 1070.9522078010339),319,75.1976299893594,155.5202483275255,2.1209419292579943
POINT (1182.2434239466781 1261.8314447506013),497,99.50942421837391,232.56241699493435,3.7615098538140836
POINT (1045.7861241085623 2545.0314940177213),500,100.40273559659347,235.0187476309582,3.2537909946993406
POINT (1963.3084822428036 547.9164282906205),367,80.56063834337245,175.87281862750953,1.7333708851623195
POINT (1201.7214102465248 1095.9065550939),474,99.46937358047416,224.9043975458813,2.533610468853012
POINT (2623.8945994736723 3889.6111065932687),377,92.42148234287173,186.02775819741518,2.703280464430871
POINT (1609.7505256219151 1652.053584783222),496,80.88707610874802,224.65421804921186,2.678126622821357
POINT (4205.5264391624 3740.3785013865972),367,91.12804018168497,182.70677487730373,4.7242075374285495
POINT (469.53306511248877 108.66772703808633),228,56.908586240969136,113.06443167073056,3.4563463700462105
POINT (3302.2558155026713 3429.3823822662457),455,86.10467065738037,210.97838320897398,3.5329361429224075
POINT (2752.683511987445 2129.556058672718),436,85.5957181648127,205.1696316467496,1.8394038921080715
POINT (2796.385412342741 1041.7945364250559),436,86.43564473850662,204.8283014066657,3.5602386372842187
POINT (3111.620489133298 1926.5021298873307),460,90.22756850960312,214.93042388159898,4.0608500121777755
POINT (2899.958244770167 2746.1030914395433),461,86.72907187317534,213.64254425151034,3.3641891551546674
POINT (3277.2312274690757 2505.5288892181957),436,87.61060099250302,204.28840499380468,3.0303534572435735
POINT (649.3374391417492 3137.399096832297),401,76.26520734943587,187.29244955166854,3.647548682148812
POINT (2669.5616106772254 2363.889714392728),456,87.56834704584801,211.51711296226622,4.55534156462517
POINT (315.26285102237586 2032.1842948179485),349,86.9670576813387,171.61839526644135,3.2364207576908077
POINT (1651.4913391930666 862.4698249024656),410,83.00236884520461,194.24653830144578,3.761985183331935
POINT (4400.2454067201625 2591.8545330507077),410,84.11815739383069,191.010130757572,3.491210444945048
POINT (4633.991852005308 436.0200482085766),259,77.28979477490294,133.71287983782472,1.8862167022544392
POINT (623.0320519059104 2309.5540186537733),435,112.5895013559484,216.52411201595748,2.3148656779301393
POINT (108.3220157686857 2540.457222855475),289,56.562115765562986,134.943920839705,3.9155181478393954
POINT (3078.6594590020586 852.7675329489236),418,89.36284169631628,200.0456347343751,4.667130858965839
POINT (2127.916633479932 4328.199015827084),248,46.18517080288666,115.05635761038282,3.4844100691270476
POINT (898.6084047515681 3081.565837445412),443,79.84250716063637,202.64956535399847,3.150684802874628
POINT (1670.9637850470851 3466.2320239293467),440,93.2512440074943,207.88525460435056,3.2714278111363813
POINT (2857.2271930287634 785.1130785008426),406,92.56313041197122,195.65381749705304,3.2614687616854985
POINT (153.53441616908182 2860.5084815143127),276,60.14478879550879,132.15713898378215,1.9082957803739438
POINT (272.4071355230654 73.7491413547737),191,50.160174798860425,94.4672759664619,3.00294071624807
POINT (992.1975118825244 4037.887489642497),281,62.93752252035044,135.39810661872968,1.882864528477472
POINT (2807.5733593464265 4317.148650650332),251,52.33894956780502,119.78159150740153,3.295416381802787
POINT (2419.633550821364 1954.9665856585411),447,87.9332684507855,207.4375607275676,2.674045277934295
POINT (2050.4647217449597 2035.3685404764667),457,88.75631550325483,214.3207180309949,2.7596360040221173
POINT (4266.439863573195 603.565339744496),359,91.53508394687695,180.2075613450915,3.153487618381587
POINT (2581.8470748581776 3531.757009676868),452,93.8960887865715,214.3591189566583,3.6842068055516943
POINT (880.4573867613573 4086.0033034944468),258,60.97935272746321,126.52254851562681,3.1056383461705535
POINT (2786.103096783328 3026.389486869195),478,87.57580947765811,218.8615070003675,3.4979097496645366
POINT (2312.7317699332107 1333.359940545124),429,86.81463051580198,199.7546251870551,1.306684778458668
POINT (382.85775282961833 4105.999414146705),211,61.67727274549033,107.54161829058371,1.9442415867002771
POINT (161.01107363187927 2674.499003115454),309,61.740709709367124,144.7225369247071,1.6783357185220509
POINT (1241.5893722483559 438.80613572664856),362,79.64392017517912,172.67689363824104,1.6155280002314607
POINT (1180.682341414956 4232.011928906421),248,52.40755819298669,116.94930669784854,2.102849174996838
POINT (1887.267018830903 2532.645030901114),484,97.93363704426133,226.67969390923858,2.4625110909270562
POINT (1210.314059474523 2436.2409682131088),525,108.05739966809094,247.12778394814362,2.0011866261343765
POINT (1716.4908802990674 2257.50288481123),486,102.89164138208243,230.65471062302035,3.740041687519462
POINT (4537.017492569746 1426.6098827592407),392,97.21601185652707,191.63659797919422,2.951692380104455
POINT (190.0974063683536 4013.865153579565),189,57.878433166832785,99.32938351435969,2.8607865825040415
POINT (1890.623394600181 2106.050027829602),474,88.33038704029182,218.8860720960453,2.584900939292885
POINT (3921.0234282604433 1004.794622734997),464,96.29246798400743,219.60383553661998,2.5962209392691005
POINT (2749.9622487572187 2675.111799519278),472,87.45280066027581,217.4367503763246,4.827208676744315
POINT (2037.1278926954587 2012.3288969934795),461,88.08231581940359,215.00084828517046,3.4081870782779378
POINT (2088.9190563593334 3283.5659438961475),476,98.08502698227632,224.8214209160324,3.578026791942551
POINT (4240.256348195686 1773.2137269239188),444,111.32642339847891,219.011115521832,3.849413296775886
POINT (4728.013286789128 2577.6214591681023),296,67.77881376260963,143.50357772356722,4.219583862210642
POINT (1068.5182234230087 164.36886570958384),292,55.09797243624332,135.2499414370995,2.2386417482426477
POINT (2089.0528277571125 3433.2833069269755),466,100.67032347269713,223.676619675894,4.189608458429511
POINT (4127.40962553377 471.16341702174583),350,91.57035888049185,173.6364585420641,2.8629385859583167
POINT (1464.8172443125154 273.7148536642592),302,68.17539026449587,145.5009604534248,2.7183400612121016
POINT (1651.929202308921 908.7166460163237),423,82.4016855975493,198.25228250121822,3.676121323399403
POINT (1817.237448383785 617.2475298229546),370,81.65419844292961,177.9395632974942,2.9938760997807075
POINT (2309.029109449236 2294.7784525367438),469,91.80209014028051,219.26229941830732,3.4282401979873067
POINT (835.1469669593408 2871.586740807883),448,85.09136930950424,207.68025767218734,2.3790242468688403
POINT (3080.0574179584414 1019.4493346374106),436,90.53113758963492,205.5324846119724,3.3200045694968034
POINT (700.6104782682928 3683.9734440305365),341,77.26261833562765,165.53779348968942,2.675252255191552
POINT (4237.451065395879 45.32241975527293),231,52.64592998708709,111.4313569840609,2.420383136124512
POINT (4976.249828967142 1045.8303590277915),262,50.586333770723876,121.87832951601183,3.421105040183829
POINT (4453.973322153855 3507.5545802187767),373,79.62483558934393,178.19390392157118,2.9400956319899256
POINT (767.861605476456 2240.0110606852677),480,118.11540512183907,236.36917792374192,3.6258173129081586
POINT (778.7342188410651 1762.1174083312944),472,110.54253467476828,231.24567085170634,3.767558372951838
POINT (3354.7965528450763 4324.555608683458),250,48.16520493455229,116.77141802326196,1.2019561675113617
POINT (2461.7933254500067 4072.288801638021),324,83.01189635449008,161.530931166797,2.864118000202813
POINT (767.1048385616554 194.48075035983948),285,63.559144162143276,137.26612966899634,3.6618572510446112
POINT (4784.587829051826 4336.250338533501),160,31.03043231347605,74.57879218956013,1.6202339528054628
POINT (3904.1479341106606 3044.308489936035),456,83.54530569185094,209.378980764405,2.9176284434054156
POINT (602.482099716745 1472.4987874212466),451,104.81608907938532,218.44001931195416,2.138624494721383
POINT (1356.2141393935915 545.7864578095987),386,83.75031665449367,183.17993731661363,2.7282265805024344
POINT (2723.1897918628015 2255.208342942573),447,86.1635850794948,208.22661670739367,3.232875096592241
POINT (1689.1073310992474 3523.134215416209),429,93.39197137694218,203.6153560247515,3.0672667531047075
POINT (1.892170625507184 1993.810365514231),252,38.8850770789305,112.49569880541647,2.0977946680216104
POINT (4307.576609682661 1102.0124030105048),443,101.29299540469178,215.54852173557683,2.738437992079777
POINT (497.8696284498683 1967.6919166634955),419,105.2153055874874,204.84280504260238,2.268634647623025
POINT (2354.9337646377476 4234.548355812737),271,64.9313348236227,133.350568960899,2.1953687111830895
POINT (1636.6191741694452 437.19754438657344),331,77.07950614695548,161.46432546822027,3.3473809273487385
POINT (4148.47721842716 386.8108136266885),330,88.2445011280819,165.0824383598701,2.672646328861229
POINT (4193.271356905757 3738.9155081877725),371,91.88858732638172,184.05489788157377,4.751831655652801
POINT (248.3758159650884 -0.627417143878047),170,40.66313498712644,81.87680016154606,2.251476555355387
POINT (3536.9555748696926 109.108939120819),259,53.95795116412552,122.35767512358194,1.8514403324723103
POINT (4565.52830967376 2981.5093582865297),345,84.93689070024826,169.43635566200186,2.8022514361369044
POINT (3776.4450138031702 2860.3153519109533),451,84.69335236123592,208.27050301758936,2.104222363342541
POINT (85.98485089277278 606.7200217626487),250,70.4426462488541,126.04335885019347,2.344446266513543
POINT (1928.0517547162267 892.6025329540183),418,80.80977278011954,194.27818213859598,2.3028849183270554
POINT (3848.8170920869857 2024.2371921104327),491,87.45985793311658,224.03766552134718,1.697508093806945
POINT (329.88730912585464 1350.1995933920443),382,85.14448761720435,185.20879198410492,4.9971143285840744
POINT (3822.1267880358027 2250.9058035635776),451,85.20295080159849,208.49335348801284,2.223782551686156
POINT (3982.197862236695 1374.2753806072444),460,104.51102758274483,222.64185501423842,4.397532733005882
POINT (1536.3983469207144 2350.0758156578518),495,106.60831340116906,235.41707205323473,3.3767452796030457
POINT (4692.4731063134395 1168.6990903296928),354,72.40555267977415,168.4617448906823,3.8545892355849376
POINT (4909.033537577218 3297.205879893997),254,62.62034683284549,124.89339337312398,3.0270163540683925
POINT (526.9206765741144 383.7333031271556),316,87.02793142368954,158.7500717035267,2.2111859898521256
POINT (2978.724576134552 4069.166950153082),340,79.09604131998563,165.1335624834592,3.08439048369408
POINT (2968.1313150833416 1005.2467115893936),435,90.86224235633819,206.08590661707564,3.10287765777609
POINT (1151.8793546409524 4058.6965748150956),295,65.09708314087332,141.0123939028507,3.0806302628693722
POINT (4028.9917441248217 3796.9985486403543),372,98.4427056413903,186.42972535299887,3.963153743862274
POINT (4455.6969410996835 1727.2367305650732),387,100.38656251442319,193.74776055706405,2.538301144919839
POINT (76.29507113201916 3798.6772350017477),193,59.3003908472668,100.08928345265836,4.158236683287055
POINT (4937.378408588878 989.5815766811842),273,56.07480141101398,128.31779347003737,2.338710142911279
POINT (3560.3141049075552 3395.5032701640525),433,91.44884559956826,207.63367377165613,2.6914790084937787
POINT (3607.8978349010927 1132.7118929841267),461,84.91613768953214,213.53511984844684,3.904544723013426
POINT (1627.6952966502347 3849.5189369056175),365,82.00323496107437,176.27611868142378,2.9403113956445894
POINT (2394.6417009307647 2640.636464961117),473,91.46336873294098,218.6229815493874,3.3708545739469447
POINT (1317.8203893698858 394.26432218399714),353,75.6904047140859,166.7599020845824,2.991657822184473
POINT (3024.2942456482483 2953.521409955917),455,88.35253469512689,211.62236031083302,2.0863275380504884
POINT (4287.734754287603 4097.898685334395),276,81.2679336339736,140.95602219258188,3.0124602378742624
POINT (1927.2779249009923 4156.234425860404),295,65.29879197971445,142.1311377379892,2.0644291742056886
POINT (2572.8883604781513 2570.235775329269),475,91.90469959282609,219.16246010092044,1.9182325119647183
POINT (2791.04417731799 772.0338084648718),404,91.57629505958572,193.53673870255963,3.16469254974417
POINT (3057.498400570692 987.7764484702657),436,90.11883344665006,205.50937085074756,2.8635847497947267
POINT (4033.8168049531373 1375.6443049317058),463,108.16077348005773,226.06818243154362,4.421012914576263
POINT (1611.937961528513 2252.9026406076578),498,104.59959607119583,235.4616152977446,4.301687564745444
POINT (644.1082498553435 3137.390498959019),399,76.15738459291076,186.71447141405952,3.6461596826805556
POINT (2411.8919483912728 1212.18696038687),435,82.25788155090066,202.1533096083449,2.7802329338471172
POINT (4547.796558053151 3301.017788025668),339,79.90737484839026,166.61440820317628,2.7846129480136987
POINT (4525.971367480742 1.40196688018527),189,37.73813766023996,89.46882083023273,2.821333992738163
POINT (3245.7488068381867 1366.9645630811328),480,90.90001891889774,222.12234250553342,3.0926631571830634
POINT (3243.5981247542286 3698.8526226486897),410,90.49645635425722,196.39859765567803,4.288636134106502
POINT (1847.9166848272882 3465.485969686823),443,101.17689642516471,213.89083798993127,3.9139159751677552
POINT (3218.8327809098946 4070.8013954313033),324,76.58221984265515,159.12823976526138,2.7849942203827682
POINT (4788.020829911134 1384.2050910121914),314,70.95603372501296,152.89631423308597,2.98788221076384
POINT (2891.9991950462404 329.3413450923572),312,85.05137802545106,157.25780551188683,2.992535151199273
POINT (4621.283260765179 2616.4583575317524),332,75.86480855771599,159.0296066622246,2.0744770446508927
POINT (3008.6214758434594 3353.460083584348),463,88.38135608130224,215.00773580917976,2.9548232495955147
POINT (188.80155522904704 3540.415735377796),243,73.67541722999519,125.9451284668228,2.676895493649659
POINT (533.0546633010291 2585.9095429206973),396,92.57848682784959,193.13566909145408,2.6445300914995937
POINT (22.46142141262885 3906.397218002906),171,47.700746650912976,87.14093032003959,3.8793662348689737
POINT (825.126826003962 2727.83689844299),452,93.73500985960115,213.21310790958017,2.1147240189986594
POINT (456.4915369964232 3796.3385342610504),274,74.53402984184372,139.89190281557998,3.0478848113081596
POINT (1143.2275086276838 1923.4159531225898),498,104.62193238407316,237.94085232172566,3.1809528880702382
POINT (1724.0590563580622 1207.2594472579474),467,82.66617434304308,212.48187262249138,3.4136040341535114
POINT (4236.328350531728 3920.921582460128),317,90.66144058510673,162.55430936625004,2.3975143443711158
POINT (4202.853839060406 3631.857880913905),393,89.6492587838787,191.53111153049463,3.3605074582932284
POINT (339.64479598405296 325.858243440561),262,77.24538449032312,134.66917271144678,3.1183137341798624
POINT (315.1849334911395 2202.449316403789),341,87.4206189988948,169.298780879366,3.1316057595053888
POINT (5001.712489476944 3817.990024966324),187,41.68228615936136,90.41224687496772,2.251292359430814
POINT (2541.481911836119 3641.494264057045),445,96.89013250646751,213.09355394172755,3.1174428505989287
POINT (1387.0621632168993 2087.500081947068),505,102.7208235442537,238.02798618201183,3.4909765967881734
POINT (226.88966362328048 1323.199155824337),353,73.95821367054002,167.3271412933187,3.2533650647549703
POINT (4675.048026710371 2564.768766862051),311,70.5702544766678,150.15181567734655,3.6185646663361815
POINT (1933.1171761894752 2476.659415129843),476,95.70456358805737,223.1665817272365,3.1811389363100027
POINT (2989.0972534297575 2584.5524333976387),450,86.78254837390968,210.95112959857178,3.100075084470099
POINT (3576.0396005147472 196.66764660004185),279,60.78298194259679,133.52995602484592,1.5012247945230544
POINT (1353.7573460036147 714.9878121607256),410,89.91730870304039,196.3689290125882,2.5272950108518555
POINT (607.6000380421926 907.7413063277841),419,105.58963214696654,209.1003876392558,1.4331208621267493
POINT (987.1371085548021 1994.828185065185),506,112.00654984358152,244.75573463387963,2.5274034415968023
POINT (1994.7496671842089 3518.6514250554364),436,100.47177604108697,213.29235755559125,3.8032325995529925
POINT (4940.229729427511 1262.4844199991205),276,51.381507193577875,128.67998962921612,3.080750344108541
POINT (3816.0905461264574 1761.2176010730511),473,97.83857934960716,226.2630032431448,2.898462351084796
POINT (645.1406372784696 1045.9200058439903),458,106.9489941975892,222.7915589567676,3.951437818346573
POINT (1384.1045931329427 2255.3497670093075),507,108.85216362008927,240.5919706315767,3.181057542908519
POINT (522.0548003921296 2668.069115009069),379,84.0375319351822,182.96602308875396,2.9035539138359185
POINT (933.4315292818713 2835.083026068223),459,87.31200756701705,212.88922665831137,2.044001188596053
POINT (1653.1451293546786 961.9835613310312),434,82.26158542988006,202.03857431292826,3.742339864380841
POINT (4139.476663311333 2033.5007543062632),429,91.89852512129485,205.39425607855816,3.2838528751534604
POINT (1097.2458532512176 3995.618718146489),307,68.50390843863406,147.27068101814484,2.5430534066687684
POINT (2033.8981504175972 209.51670141487563),287,71.53359768270411,140.77656555765134,2.434972557380822
POINT (2516.550168435518 3572.8732079223464),459,99.4056243858694,219.14927362491173,3.245644585037806
POINT (72.36775176962276 4067.8447058732286),167,43.142522336151615,84.68346839311563,3.213377164528757
POINT (2694.0534779892864 33.27129673881443),236,50.12866471931318,113.29582250566813,1.7586812294063368
POINT (3138.334619812774 671.2640139194689),393,90.00930657356444,191.52785687122844,2.292853259978833
POINT (4892.490203303488 736.8510759800037),244,63.77188354882828,122.42395997793766,3.354999581617375
POINT (2201.803785021835 3096.469304598559),482,90.60383221822876,223.25832653913818,2.330095918777787
POINT (3597.7763745198604 1702.985077826554),477,92.67177062026519,223.61616263054586,3.3288229570236587
POINT (128.41425024167873 3468.4815307562462),240,70.01867552378039,123.02399322655043,2.291879288961258
POINT (3683.250305392098 2520.9454973690617),437,86.97354548396659,205.32074128616443,3.6231083622821725
POINT (217.0209847795596 947.7768821974635),328,84.42329608603254,163.2585036741257,3.478329930134072
POINT (1241.7782390203765 2918.039000426315),472,83.47123480964028,216.56510186441437,2.6287623610658115
POINT (716.5971292703842 2216.895875052485),462,117.91366013555526,229.5377844260832,3.9559883010255414
POINT (1813.6298991645629 3928.71723833735),352,81.43053914731664,172.18227519011242,3.8277134865624483
POINT (-1.904598973287711 2935.91509001227),231,45.01494686181219,107.3439230169265,1.9159455845032105
POINT (2803.49765906893 1665.8201783730353),446,86.40404702783923,207.97139454539678,3.0979405515823233
POINT (3059.4909312099485 29.572257618999405),239,51.921414669246175,113.97308905696102,3.9950552368475023
POINT (4177.339068647519 1991.2682640050432),427,95.1695710413064,205.76825057748118,3.592351429670156
POINT (440.98462890905216 1735.9116477578914),423,98.2747588779395,205.88595551269364,4.164492380547529
POINT (1411.987455032929 1983.1091344763809),521,96.11356790831661,239.38646293523357,2.5851540553636534
POINT (1812.6767926773443 3864.909614590727),372,85.39899322335461,181.707737755052,2.061966679866388
POINT (2915.935246975889 3595.7812807733917),427,92.16028407298488,204.93683398575092,4.281044661660143
POINT (4234.915900072507 309.796878665054),305,80.48655540786864,153.46928194945036,3.0755889248984225
POINT (1840.5082180539864 992.0933177000579),429,80.00541267895086,197.93029864119734,3.528961368367207
POINT (4564.638528213573 3889.156821712045),293,74.93721657026457,145.6247285214509,1.8545372706188985
POINT (552.2648028482291 2866.6694512601525),402,79.4806720492694,188.81773704761204,1.8492254264935977
POINT (1081.4011033559225 2917.1618886144465),463,83.98547949132777,212.95978004680813,2.3357890159818426
POINT (1506.7672053861918 4071.5122460376006),304,63.98403473643082,144.26481255580413,3.6323476896124647
POINT (2118.358163849174 3247.21895787389),482,96.07648074302185,225.57029459674453,3.5660310718336774
POINT (4895.506705202398 299.6705546371873),185,53.069236649285656,94.92720748972805,2.554847075602407
POINT (-1.207628357931351 1783.2873126000175),253,36.62769106016479,112.12706888275775,1.392219145823456
POINT (2144.8098357409026 1133.7485787551666),429,81.71398951604715,198.50482366191721,3.4893224509489698
POINT (2418.5520858000273 701.4973664550891),397,79.02862792318916,187.62606797896507,4.083920246602179
POINT (4345.853061716948 3062.4579841046866),382,82.83064086647127,184.69600772910752,4.08467422335533
POINT (3544.583961806484 3520.3729241557226),430,88.11722500636688,205.50327425621452,2.320571206057929
POINT (1267.7564441646482 2222.140097847031),505,109.6506331382912,241.63449308737398,3.5034659359517546
POINT (2956.495598840213 271.1282359155037),305,80.80892310781286,152.32612540778325,2.5994901663163725
POINT (3370.2909866242026 1922.7798771889074),455,97.29387864732134,215.53288764403842,2.6933035446873763
POINT (1737.682259310342 3523.716086989901),429,97.18521472604894,205.94744486084153,3.3982025453289326
POINT (3300.819924964077 956.917570589935),456,89.56105532217754,212.37355844865982,2.404302173621445
POINT (1926.2328967081216 1282.1905902764336),432,82.49149505180182,200.1728522090778,3.0845051080564794
